timestamp,value,Games,Wins,Mvps
2026-08-22T00:00:00.000Z,OnesMini_Silver_Style_Hidari3,4043,1991,1991
2026-08-22T00:00:00.000Z,Twos_Silver_Style_Rintaro,81767,41351,19678
2026-08-22T00:00:00.000Z,Ones_Silver_Ability_SteelBlock,4058,1476,1476
2026-08-22T00:00:00.000Z,Ones_Silver_Style_Hidari,242,136,136
2026-08-22T00:00:00.000Z,OnesMini_Silver_Style_Mikage4,9093,4849,4849
2026-08-22T00:00:00.000Z,OnesMini_Silver_Style_Tadashi,115,29,29
2026-08-22T00:00:00.000Z,OnesMini_Gold_Ability_LeadFeet,1814,1005,1005
2026-08-22T00:00:00.000Z,OnesMini_Silver_Style_Kazana2,167,71,71
2026-08-22T00:00:00.000Z,OnesMini_Silver_Style_Samurai,1040,637,637
2026-08-22T00:00:00.000Z,OnesMini_Gold_Style_Kijo,1178,640,640
2026-08-22T00:00:00.000Z,Casual-Ones_Silver_Style_Rintaro,4067,2190,2190
2026-08-22T00:00:00.000Z,Casual-Twos_Silver_Style_Encho2,215,136,73
2026-08-22T00:00:00.000Z,Twos_Silver_Ability_RedirectionJump,20217,10254,5446
2026-08-22T00:00:00.000Z,Seasonal_Silver_Style_Roketto,3222,1437,663
2026-08-22T00:00:00.000Z,Seasonal_Silver_Ability_ShieldBreaker,22978,12634,6580
2026-08-22T00:00:00.000Z,Casual-Ones_Silver_Style_Tobio,124,38,38
2026-08-22T00:00:00.000Z,Duel_Silver_Style_Yu,126,50,50
2026-08-22T00:00:00.000Z,Twos_Silver_Ability_DivineStrength,5958,2284,1038
2026-08-22T00:00:00.000Z,Twos_Silver_Style_Kazana3,3295,1768,800
2026-08-22T00:00:00.000Z,Twos_Silver_Style_TimeskipTobio2,1332,672,330
2026-08-22T00:00:00.000Z,Seasonal_Silver_Style_Yogan2,1175,611,330
2026-08-22T00:00:00.000Z,Seasonal_Silver_Style_Hirugami,753,262,89
2026-08-22T00:00:00.000Z,OnesMini_Silver_Style_TimeskipShoyo,30,17,17
2026-08-22T00:00:00.000Z,Casual-Twos_Silver_Ability_Moonball,464,135,54
2026-08-22T00:00:00.000Z,Casual-Twos_Silver_Style_Morisuke,130,29,8
2026-08-22T00:00:00.000Z,Casual-Twos_Silver_Style_Riku,395,205,112
2026-08-22T00:00:00.000Z,Casual-Twos_Silver_Style_Jester,393,208,120
2026-08-22T00:00:00.000Z,Ones_Gold_Ability_MagneticPull,1303,681,681
2026-08-22T00:00:00.000Z,Twos_Gold_Ability_BoomJump,1950,1062,549
2026-08-22T00:00:00.000Z,Twos_Silver_Style_Tobio,4164,1313,632
2026-08-22T00:00:00.000Z,Casual-Threes_Silver_Style_Rintaro,424,205,62
2026-08-22T00:00:00.000Z,Ones_Gold_Style_Roketto,32,23,23
2026-08-22T00:00:00.000Z,Seasonal_Silver_Style_Feiko2,687,329,149
2026-08-22T00:00:00.000Z,Seasonal_Silver_Style_TimeskipToru2,495,310,178
2026-08-22T00:00:00.000Z,Casual-Twos_Silver_Style_Twin1_3,85,38,28
2026-08-22T00:00:00.000Z,OnesMini_Bronze_Ability_ZeroGravitySet,1527,586,586
2026-08-22T00:00:00.000Z,Twos_Silver_Style_Twin1,896,505,335
2026-08-22T00:00:00.000Z,Seasonal_Bronze_Style_Rintaro,9367,3952,1896
2026-08-22T00:00:00.000Z,Ones_Silver_Style_TeamCaptain,40,24,24
2026-08-22T00:00:00.000Z,Casual-Twos_Silver_Style_TeamCaptain4,155,69,34
2026-08-22T00:00:00.000Z,OnesMini_Bronze_Style_Riku,155,69,69
2026-08-22T00:00:00.000Z,Casual-Ones_Silver_Ability_DivineStrength,233,106,106
2026-08-22T00:00:00.000Z,OnesMini_Bronze_Style_TeamCaptain4,72,32,32
2026-08-22T00:00:00.000Z,Threes_Silver_Style_Riku,724,364,121
2026-08-22T00:00:00.000Z,Twos_Silver_Style_Hidari2,1372,738,378
2026-08-22T00:00:00.000Z,Casual-Twos_Silver_Style_Mikage3,76,40,26
2026-08-22T00:00:00.000Z,Seasonal_Bronze_Ability_RedirectionJump,1932,753,382
2026-08-22T00:00:00.000Z,Threes_Silver_Style_Twin1_3,203,105,38
2026-08-22T00:00:00.000Z,Threes_Silver_Style_Jester,527,262,64
2026-08-22T00:00:00.000Z,Twos_Gold_Style_Twin2_3,57,32,21
2026-08-22T00:00:00.000Z,Seasonal_Bronze_Ability_DivineStrength,1305,425,170
2026-08-22T00:00:00.000Z,Casual-Threes_Silver_Ability_RedirectionJump,130,55,12
2026-08-22T00:00:00.000Z,Twos_Bronze_Style_Toru,1525,463,187
2026-08-22T00:00:00.000Z,Threes_Silver_Style_Ibara,244,148,25
2026-08-22T00:00:00.000Z,Threes_Silver_Style_Encho2,441,258,94
2026-08-22T00:00:00.000Z,Threes_Diamond_Ability_MagneticPull,90,50,28
2026-08-22T00:00:00.000Z,Threes_Diamond_Style_TimeskipTobio3,39,27,17
2026-08-22T00:00:00.000Z,Seasonal_Bronze_Style_Kazana3,563,283,157
2026-08-22T00:00:00.000Z,Twos_Bronze_Style_Roketto,2035,824,378
2026-08-22T00:00:00.000Z,OnesMini_Bronze_Style_Jester,83,41,41
2026-08-22T00:00:00.000Z,Casual-Ones_Silver_Style_Hidari2,34,15,15
2026-08-22T00:00:00.000Z,Threes_Gold_Ability_FourthTouch,568,347,167
2026-08-22T00:00:00.000Z,Casual-Ones_Silver_Style_Kazana3,97,48,48
2026-08-22T00:00:00.000Z,Fours_Silver_Style_Wakatoshi,156,34,4
2026-08-22T00:00:00.000Z,Twos_Bronze_Style_Asahi,645,162,55
2026-08-22T00:00:00.000Z,Twos_Bronze_Ability_ShieldBreaker,13288,6432,3325
2026-08-22T00:00:00.000Z,Threes_Bronze_Style_Mikage4,1231,544,234
2026-08-22T00:00:00.000Z,Duel_Silver_Style_Feiko,61,32,32
2026-08-22T00:00:00.000Z,Ones_Bronze_Style_Hakka2,30,12,12
2026-08-22T00:00:00.000Z,Seasonal_Bronze_Style_Hidari2,161,69,37
2026-08-22T00:00:00.000Z,Seasonal_Bronze_Style_Twin1,96,47,24
2026-08-22T00:00:00.000Z,OnesMini_Diamond_Style_Kijo2,37,23,23
2026-08-22T00:00:00.000Z,Twos_Bronze_Style_Hirugami,687,207,88
2026-08-22T00:00:00.000Z,Ones_Bronze_Style_Tetsuro,234,71,71
2026-08-22T00:00:00.000Z,OnesMini_Silver_Style_Mikage,48,30,30
2026-08-22T00:00:00.000Z,Threes_Bronze_Style_Samurai,372,148,46
2026-08-22T00:00:00.000Z,Twos_Gold_Style_Yogan,54,31,17
2026-08-22T00:00:00.000Z,Threes_Bronze_Style_Mikage,55,24,8
2026-08-22T00:00:00.000Z,Casual-Ones_Silver_Style_Twin1,4,2,2
2026-08-22T00:00:00.000Z,Threes_Gold_Style_Kumo,66,35,23
2026-08-22T00:00:00.000Z,Twos_Bronze_Style_TimeskipToru2,317,139,63
2026-08-22T00:00:00.000Z,Twos_Gold_Style_Hakka2,55,26,16
2026-08-22T00:00:00.000Z,Ones_Gold_Style_TimeskipShoyo2,137,68,68
2026-08-22T00:00:00.000Z,Twos_Bronze_Style_Daichi,469,93,29
2026-08-22T00:00:00.000Z,Twos_Bronze_Style_Shoyo,176,38,13
2026-08-22T00:00:00.000Z,Sixes_Silver_Style_Feiko,8,4,1
2026-08-22T00:00:00.000Z,OnesMini_Bronze_Style_Hidari,45,23,23
2026-08-22T00:00:00.000Z,Threes_Bronze_Style_TimeskipShoyo4,628,300,81
2026-08-22T00:00:00.000Z,Twos_Gold_Style_TimeskipToru,36,18,7
2026-08-22T00:00:00.000Z,Twos_Bronze_Style_Feiko2,429,197,93
2026-08-22T00:00:00.000Z,Threes_Silver_Style_TimeskipToru3,129,55,28
2026-08-22T00:00:00.000Z,Fours_Bronze_Style_Kotaru,87,20,2
2026-08-22T00:00:00.000Z,Fours_Bronze_Style_Hirugami,23,7,1
2026-08-22T00:00:00.000Z,Fours_Bronze_Ability_FourthTouch,212,77,21
2026-08-22T00:00:00.000Z,Fours_Bronze_Style_Twin2,12,2,0
2026-08-22T00:00:00.000Z,Twos_Diamond_Style_Twin2_3,11,8,6
2026-08-22T00:00:00.000Z,Fours_Bronze_Style_Daichi,14,0,0
2026-08-22T00:00:00.000Z,Fours_Gold_Style_Feiko,10,7,4
2026-08-22T00:00:00.000Z,Ones_Gold_Ability_SuperSprint,19,13,13
2026-08-22T00:00:00.000Z,Twos_Gold_Style_Yu,17,7,3
2026-08-22T00:00:00.000Z,Twos_Bronze_Style_Twin2,95,54,27
2026-08-22T00:00:00.000Z,Fours_Bronze_Style_Kazana,4,1,0
2026-08-22T00:00:00.000Z,Fours_Bronze_Style_TeamCaptain3,20,7,5
2026-08-22T00:00:00.000Z,Twos_Diamond_Style_TimeskipToru,4,3,2
2026-08-22T00:00:00.000Z,Seasonal_Gold_Style_Ibara,75,51,22
2026-08-22T00:00:00.000Z,Fours_Bronze_Style_Feiko2,21,9,4
2026-08-22T00:00:00.000Z,Duel_Silver_Style_Twin2_3,14,7,7
2026-08-22T00:00:00.000Z,Sixes_Bronze_Style_Kimiro,7,1,0
2026-08-22T00:00:00.000Z,Sixes_Bronze_Style_Mikage3,4,0,0
2026-08-22T00:00:00.000Z,OnesMini_Bronze_Style_TeamCaptain,4,2,2
2026-08-22T00:00:00.000Z,Ones_Bronze_Style_Twin2_3,12,5,5
2026-08-22T00:00:00.000Z,Fours_Bronze_Style_Toru,24,6,1
2026-08-22T00:00:00.000Z,Threes_Diamond_Style_Hajime,1,1,1
2026-08-22T00:00:00.000Z,Ones_Diamond_Style_Kurai,10,5,5
2026-08-22T00:00:00.000Z,OnesMini_Diamond_Ability_TeamSpirit,1,0,0
2026-08-22T00:00:00.000Z,Threes_Diamond_Style_Roketto,10,7,1
2026-08-22T00:00:00.000Z,Threes_Gold_Style_TimeskipToru2,22,13,9
2026-08-22T00:00:00.000Z,Fours_Silver_Style_Twin2_2,11,4,0
2026-08-22T00:00:00.000Z,Seasonal_Gold_Style_Twin2_4,59,34,26
2026-08-22T00:00:00.000Z,Threes_Gold_Style_Koshi,1,1,0
2026-08-22T00:00:00.000Z,Fours_Bronze_Style_Kenma,18,3,1
2026-08-22T00:00:00.000Z,Threes_Gold_Style_Kazana,26,16,4
2026-08-22T00:00:00.000Z,Threes_Gold_Style_Daichi,2,1,1
2026-08-22T00:00:00.000Z,Threes_Diamond_Style_Mikage2,2,1,0
2026-08-22T00:00:00.000Z,Ones_Diamond_Style_Twin1_2,2,1,1
2026-08-22T00:00:00.000Z,Twos_Legend_Style_Rintaro,63,49,23
2026-08-22T00:00:00.000Z,Seasonal_Gold_Ability_TeamSpirit,7,1,1
2026-08-22T00:00:00.000Z,Sixes_Silver_Style_Twin1_4,1,0,0
2026-08-22T00:00:00.000Z,OnesMini_Bronze_Style_TimeskipToru3,9,3,3
2026-08-22T00:00:00.000Z,Casual-Threes_Silver_Style_Twin1,5,1,1
2026-08-22T00:00:00.000Z,Seasonal_Gold_Style_Ryunosuke,4,4,3
2026-08-22T00:00:00.000Z,Twos_Legend_Ability_RedirectionJump,6,3,2
2026-08-22T00:00:00.000Z,Twos_Diamond_Style_Yogan,5,3,1
2026-08-22T00:00:00.000Z,Fours_Pro_Ability_RedirectionJump,5,5,0
2026-08-22T00:00:00.000Z,OnesMini_Diamond_Style_Lev,1,1,1
2026-08-22T00:00:00.000Z,Threes_Pro_Style_TimeskipTobio,21,15,12
2026-08-22T00:00:00.000Z,OnesMini_Diamond_Style_Kimiro,2,2,2
2026-08-22T00:00:00.000Z,Sixes_Silver_Style_Yu,2,0,0
2026-08-22T00:00:00.000Z,Twos_Diamond_Style_Yu,2,0,0
2026-08-22T00:00:00.000Z,Ones_Gold_Style_Shoyo,4,4,4
2026-08-22T00:00:00.000Z,Sixes_Gold_Ability_RedirectionJump,2,2,2
2026-08-22T00:00:00.000Z,Sixes_Gold_Style_TimeskipTobio2,5,5,4
2026-08-22T00:00:00.000Z,Threes_Gold_Style_Toru,2,2,1
2026-08-22T00:00:00.000Z,Sixes_Gold_Style_Rintaro,2,2,1
2026-08-22T00:00:00.000Z,Ones_Gold_Style_Asahi,3,2,2
2026-08-22T00:00:00.000Z,Fours_Diamond_Style_Feiko,1,1,0
2026-08-22T00:00:00.000Z,Sixes_Silver_Style_Hakka2,3,1,0
2026-08-22T00:00:00.000Z,Twos_Legend_Style_Kazana3,3,0,0
2026-08-22T00:00:00.000Z,Sixes_Bronze_Ability_Moonball,2,1,1
2026-08-22T00:00:00.000Z,Casual-Ones_Silver_Style_TimeskipTobio2,4,1,1
2026-08-22T00:00:00.000Z,OnesMini_Diamond_Style_Hidari,1,0,0
2026-08-22T00:00:00.000Z,Threes_Diamond_Style_TimeskipToru2,3,2,1
2026-08-22T00:00:00.000Z,OnesMini_Pro_Style_TimeskipShoyo2,1,1,1
2026-08-22T00:00:00.000Z,Twos_Diamond_Style_Tadashi,1,0,0
2026-08-22T00:00:00.000Z,Fours_Diamond_Style_Jester3,1,1,0
2026-08-22T00:00:00.000Z,OnesMini_Silver_Style_Twin2_3,151,84,84
2026-08-22T00:00:00.000Z,Twos_Silver_Style_Wakatoshi,3805,1147,428
2026-08-22T00:00:00.000Z,OnesMini_Silver_Style_Jester3,394,176,176
2026-08-22T00:00:00.000Z,Duel_Silver_Ability_BoomJump,847,370,370
2026-08-22T00:00:00.000Z,Ones_Silver_Ability_TeamSpirit,454,143,143
2026-08-22T00:00:00.000Z,Twos_Silver_Style_Encho,2548,1449,796
2026-08-22T00:00:00.000Z,Casual-Ones_Silver_Ability_LeadFeet,1996,1186,1186
2026-08-22T00:00:00.000Z,OnesMini_Silver_Style_Feiko,155,82,82
2026-08-22T00:00:00.000Z,Threes_Bronze_Style_Feiko,353,139,56
2026-08-22T00:00:00.000Z,Ones_Silver_Style_Twin1_3,18,7,7
2026-08-22T00:00:00.000Z,Twos_Gold_Style_Kurai2,1480,740,377
2026-08-22T00:00:00.000Z,Twos_Diamond_Style_TimeskipShoyo4,1131,571,293
2026-08-22T00:00:00.000Z,Seasonal_Silver_Style_Kotaru,2969,950,304
2026-08-22T00:00:00.000Z,Seasonal_Silver_Style_Hajime,246,75,25
2026-08-22T00:00:00.000Z,Seasonal_Silver_Ability_SuperSprint,897,324,123
2026-08-22T00:00:00.000Z,Seasonal_Silver_Style_TimeskipShoyo2,2451,1483,832
2026-08-22T00:00:00.000Z,Ones_Gold_Ability_ShieldBreaker,1267,680,680
2026-08-22T00:00:00.000Z,Ones_Silver_Style_Kei,287,84,84
2026-08-22T00:00:00.000Z,OnesMini_Bronze_Style_Ryunosuke,65,19,19
2026-08-22T00:00:00.000Z,Seasonal_Silver_Ability_RollingThunder,1332,490,185
2026-08-22T00:00:00.000Z,Twos_Gold_Ability_CurveSpike,987,503,289
2026-08-22T00:00:00.000Z,Twos_Silver_Style_Kijo,11222,6384,3732
2026-08-22T00:00:00.000Z,Seasonal_Silver_Style_TeamCaptain3,570,282,158
2026-08-22T00:00:00.000Z,Ones_Bronze_Ability_BoomJump,1279,551,551
2026-08-22T00:00:00.000Z,Twos_Silver_Style_Jester2,4260,2053,925
2026-08-22T00:00:00.000Z,Twos_Gold_Style_Kazana2,571,319,160
2026-08-22T00:00:00.000Z,Casual-Threes_Silver_Style_TimeskipShoyo3,58,33,11
2026-08-22T00:00:00.000Z,Threes_Silver_Style_Kimiro,1572,618,181
2026-08-22T00:00:00.000Z,Casual-Ones_Silver_Style_TimeskipShoyo3,278,175,175
2026-08-22T00:00:00.000Z,OnesMini_Gold_Ability_RedirectionJump,254,131,131
2026-08-22T00:00:00.000Z,Casual-Ones_Silver_Style_Jester2,261,101,101
2026-08-22T00:00:00.000Z,Twos_Silver_Style_TeamCaptain2,1242,616,329
2026-08-22T00:00:00.000Z,Duel_Silver_Style_Kazana2,58,23,23
2026-08-22T00:00:00.000Z,Casual-Twos_Silver_Style_Hidari,200,106,56
2026-08-22T00:00:00.000Z,Fours_Silver_Style_Rintaro,1276,579,95
2026-08-22T00:00:00.000Z,Fours_Silver_Style_TimeskipTobio2,201,143,83
2026-08-22T00:00:00.000Z,Ones_Bronze_Style_Hidari3,1380,721,721
2026-08-22T00:00:00.000Z,OnesMini_Bronze_Style_Mikage3,28,13,13
2026-08-22T00:00:00.000Z,Twos_Pro_Ability_RedirectionJump,250,134,76
2026-08-22T00:00:00.000Z,Fours_Silver_Ability_LeadFeet,853,539,159
2026-08-22T00:00:00.000Z,Fours_Silver_Ability_DivineStrength,255,125,20
2026-08-22T00:00:00.000Z,OnesMini_Bronze_Style_Kimiro,550,195,195
2026-08-22T00:00:00.000Z,Seasonal_Bronze_Style_Kijo,1125,537,335
2026-08-22T00:00:00.000Z,Seasonal_Bronze_Style_Wakatoshi,857,230,66
2026-08-22T00:00:00.000Z,Ones_Bronze_Style_Mikage4,1856,996,996
2026-08-22T00:00:00.000Z,Seasonal_Bronze_Style_Encho,458,215,127
2026-08-22T00:00:00.000Z,Twos_Diamond_Style_Kurai2,196,103,67
2026-08-22T00:00:00.000Z,Threes_Bronze_Style_Yu,61,15,5
2026-08-22T00:00:00.000Z,Twos_Bronze_Ability_RollingThunder,1249,392,173
2026-08-22T00:00:00.000Z,OnesMini_Bronze_Style_Twin2_4,71,47,47
2026-08-22T00:00:00.000Z,Threes_Gold_Style_TimeskipTobio3,210,145,92
2026-08-22T00:00:00.000Z,Threes_Silver_Style_Hidari,323,176,65
2026-08-22T00:00:00.000Z,Twos_Gold_Style_Mikage,57,34,24
2026-08-22T00:00:00.000Z,Casual-Ones_Silver_Style_Encho,48,30,30
2026-08-22T00:00:00.000Z,Twos_Diamond_Style_Kazana2,100,61,26
2026-08-22T00:00:00.000Z,Seasonal_Bronze_Style_Jester2,718,304,148
2026-08-22T00:00:00.000Z,Seasonal_Bronze_Style_Twin2_2,52,30,18
2026-08-22T00:00:00.000Z,Duel_Silver_Style_TimeskipShoyo,10,5,5
2026-08-22T00:00:00.000Z,OnesMini_Bronze_Style_Lev,83,20,20
2026-08-22T00:00:00.000Z,Twos_Diamond_Ability_CurveSpike,64,35,21
2026-08-22T00:00:00.000Z,Fours_Silver_Style_TimeskipShoyo3,290,187,32
2026-08-22T00:00:00.000Z,Ones_Bronze_Style_Yogan,27,17,17
2026-08-22T00:00:00.000Z,Twos_Gold_Style_Twin1_4,237,139,88
2026-08-22T00:00:00.000Z,Threes_Silver_Style_TimeskipTobio,298,182,106
2026-08-22T00:00:00.000Z,Threes_Diamond_Ability_ShieldBreaker,329,229,79
2026-08-22T00:00:00.000Z,Casual-Twos_Silver_Style_Twin2_4,109,52,25
2026-08-22T00:00:00.000Z,OnesMini_Gold_Style_Kazana3,50,30,30
2026-08-22T00:00:00.000Z,Twos_Bronze_Style_Kurai,1456,701,388
2026-08-22T00:00:00.000Z,Twos_Bronze_Ability_SuperSprint,966,286,125
2026-08-22T00:00:00.000Z,Fours_Gold_Ability_BoomJump,59,53,5
2026-08-22T00:00:00.000Z,Twos_Bronze_Style_Mikage2,103,53,31
2026-08-22T00:00:00.000Z,Sixes_Silver_Style_Hidari3,23,11,0
2026-08-22T00:00:00.000Z,Twos_Bronze_Style_Shinsuke,77,19,6
2026-08-22T00:00:00.000Z,Ones_Gold_Ability_RollingThunder,21,5,5
2026-08-22T00:00:00.000Z,OnesMini_Diamond_Ability_SteelBlock,5,4,4
2026-08-22T00:00:00.000Z,Duel_Silver_Style_Yogan,13,10,10
2026-08-22T00:00:00.000Z,Sixes_Silver_Ability_CurveSpike,33,7,0
2026-08-22T00:00:00.000Z,Sixes_Silver_Style_Mikage4,60,34,8
2026-08-22T00:00:00.000Z,Threes_Gold_Ability_RollingThunder,21,16,8
2026-08-22T00:00:00.000Z,Twos_Pro_Style_Hidari2,2,2,0
2026-08-22T00:00:00.000Z,Twos_Bronze_Style_TimeskipTobio3,466,216,110
2026-08-22T00:00:00.000Z,Sixes_Silver_Style_Kazana2,9,5,0
2026-08-22T00:00:00.000Z,Threes_Bronze_Style_Twin2_3,22,7,4
2026-08-22T00:00:00.000Z,Duel_Silver_Style_Tadashi,45,19,19
2026-08-22T00:00:00.000Z,Casual-Ones_Silver_Style_TeamCaptain2,5,0,0
2026-08-22T00:00:00.000Z,Casual-Ones_Silver_Style_Twin2_2,3,2,2
2026-08-22T00:00:00.000Z,Threes_Bronze_Style_Yogan,21,12,2
2026-08-22T00:00:00.000Z,Fours_Silver_Style_Jester2,66,28,6
2026-08-22T00:00:00.000Z,Fours_Gold_Style_Mikage4,16,7,4
2026-08-22T00:00:00.000Z,Threes_Bronze_Style_Tetsuro,109,30,7
2026-08-22T00:00:00.000Z,Twos_Pro_Style_Twin1,4,2,1
2026-08-22T00:00:00.000Z,OnesMini_Diamond_Style_TeamCaptain,1,1,1
2026-08-22T00:00:00.000Z,Twos_Diamond_Style_Twin1_4,42,25,17
2026-08-22T00:00:00.000Z,Sixes_Silver_Style_Yogan,1,1,0
2026-08-22T00:00:00.000Z,Sixes_Bronze_Style_Riku,4,0,0
2026-08-22T00:00:00.000Z,Ones_Gold_Style_TeamCaptain3,13,6,6
2026-08-22T00:00:00.000Z,Seasonal_Gold_Ability_ZeroGravitySet,50,35,15
2026-08-22T00:00:00.000Z,OnesMini_Gold_Ability_DivineStrength,39,22,22
2026-08-22T00:00:00.000Z,Threes_Gold_Style_Shinsuke,3,1,0
2026-08-22T00:00:00.000Z,Seasonal_Gold_Style_TeamCaptain4,68,49,21
2026-08-22T00:00:00.000Z,Ones_Gold_Style_Daichi,4,1,1
2026-08-22T00:00:00.000Z,Twos_Pro_Style_Kazana3,94,47,28
2026-08-22T00:00:00.000Z,Ones_Gold_Style_Hakka,15,9,9
2026-08-22T00:00:00.000Z,Threes_Diamond_Style_Kurai,28,19,7
2026-08-22T00:00:00.000Z,Casual-Twos_Silver_Style_TimeskipTobio,38,17,6
2026-08-22T00:00:00.000Z,Sixes_Bronze_Style_Encho2,1,0,0
2026-08-22T00:00:00.000Z,Sixes_Bronze_Ability_SteelBlock,8,1,0
2026-08-22T00:00:00.000Z,Fours_Bronze_Style_Yogan2,44,19,4
2026-08-22T00:00:00.000Z,Ones_Gold_Style_Toru,1,0,0
2026-08-22T00:00:00.000Z,Fours_Bronze_Style_Asahi,14,7,0
2026-08-22T00:00:00.000Z,Ones_Gold_Style_Shinsuke,2,1,1
2026-08-22T00:00:00.000Z,Casual-Fours_Silver_Style_Kijo2,1,0,0
2026-08-22T00:00:00.000Z,Casual-Threes_Silver_Style_Twin2_2,3,2,0
2026-08-22T00:00:00.000Z,Threes_Gold_Style_Kotaru,8,2,1
2026-08-22T00:00:00.000Z,Fours_Gold_Style_Hidari3,8,6,0
2026-08-22T00:00:00.000Z,Fours_Gold_Ability_CurveSpike,8,7,0
2026-08-22T00:00:00.000Z,OnesMini_Gold_Style_Hidari2,17,10,10
2026-08-22T00:00:00.000Z,Threes_Diamond_Style_Kazana,7,6,0
2026-08-22T00:00:00.000Z,Fours_Pro_Ability_LeadFeet,10,6,1
2026-08-22T00:00:00.000Z,Threes_Pro_Style_Encho2,5,3,1
2026-08-22T00:00:00.000Z,Ones_Bronze_Style_TimeskipShoyo,4,1,1
2026-08-22T00:00:00.000Z,Fours_Diamond_Style_Kazana2,11,8,0
2026-08-22T00:00:00.000Z,Fours_Diamond_Style_Hidari3,3,3,0
2026-08-22T00:00:00.000Z,Threes_Bronze_Style_Tadashi,10,1,0
2026-08-22T00:00:00.000Z,Threes_Diamond_Style_Kumo,9,4,2
2026-08-22T00:00:00.000Z,Twos_Legend_Ability_LeadFeet,35,30,19
2026-08-22T00:00:00.000Z,Ones_Diamond_Style_Yogan2,13,8,8
2026-08-22T00:00:00.000Z,Seasonal_Diamond_Style_Encho,79,62,29
2026-08-22T00:00:00.000Z,Fours_Diamond_Style_Samurai,8,8,1
2026-08-22T00:00:00.000Z,OnesMini_Diamond_Style_Twin1_3,1,0,0
2026-08-22T00:00:00.000Z,Casual-Threes_Silver_Style_TeamCaptain2,3,3,1
2026-08-22T00:00:00.000Z,Casual-Fours_Silver_Ability_Moonball,1,0,0
2026-08-22T00:00:00.000Z,Sixes_Gold_Style_Jester2,4,3,1
2026-08-22T00:00:00.000Z,Threes_Gold_Style_Twin1_2,15,9,4
2026-08-22T00:00:00.000Z,Fours_Pro_Style_TimeskipTobio2,2,2,2
2026-08-22T00:00:00.000Z,Fours_Pro_Style_Rintaro,7,6,0
2026-08-22T00:00:00.000Z,Sixes_Gold_Ability_LeadFeet,11,10,3
2026-08-22T00:00:00.000Z,Seasonal_Diamond_Style_Twin1,11,8,3
2026-08-22T00:00:00.000Z,Ones_Gold_Style_Hirugami,8,5,5
2026-08-22T00:00:00.000Z,Fours_Gold_Style_Kazana2,8,6,0
2026-08-22T00:00:00.000Z,Ones_Gold_Style_Kazana,21,13,13
2026-08-22T00:00:00.000Z,Fours_Pro_Style_TimeskipShoyo3,4,4,0
2026-08-22T00:00:00.000Z,Seasonal_Diamond_Style_TimeskipShoyo3,21,11,0
2026-08-22T00:00:00.000Z,OnesMini_Diamond_Style_Riku,1,0,0
2026-08-22T00:00:00.000Z,Twos_Legend_Style_Encho,10,9,6
2026-08-22T00:00:00.000Z,Sixes_Silver_Style_TimeskipShoyo,2,1,0
2026-08-22T00:00:00.000Z,Sixes_Silver_Style_Tadashi,1,0,0
2026-08-22T00:00:00.000Z,Threes_Diamond_Style_TeamCaptain3,10,9,6
2026-08-22T00:00:00.000Z,Fours_Pro_Style_Kazana3,1,1,0
2026-08-22T00:00:00.000Z,Seasonal_Pro_Style_Kazana2,3,2,2
2026-08-22T00:00:00.000Z,Threes_Pro_Style_Riku,1,1,1
2026-08-22T00:00:00.000Z,Threes_Pro_Style_Mikage3,2,1,1
2026-08-22T00:00:00.000Z,Casual-Fours_Silver_Style_Mikage3,1,1,0
2026-08-22T00:00:00.000Z,OnesMini_Gold_Style_TimeskipTobio2,2,2,2
2026-08-22T00:00:00.000Z,Fours_Gold_Style_Mikage,1,1,0
2026-08-22T00:00:00.000Z,OnesMini_Silver_Ability_RollingThunder,988,316,316
2026-08-22T00:00:00.000Z,Duel_Silver_Style_Roketto,295,144,144
2026-08-22T00:00:00.000Z,OnesMini_Silver_Ability_SuperSprint,792,266,266
2026-08-22T00:00:00.000Z,OnesMini_Silver_Style_Kurai,1024,625,625
2026-08-22T00:00:00.000Z,Casual-Ones_Silver_Ability_ZeroGravitySet,365,118,118
2026-08-22T00:00:00.000Z,OnesMini_Silver_Style_TimeskipToru2,130,76,76
2026-08-22T00:00:00.000Z,Threes_Bronze_Ability_ShieldBreaker,3223,1396,439
2026-08-22T00:00:00.000Z,Casual-Ones_Silver_Style_Jester,129,56,56
2026-08-22T00:00:00.000Z,Twos_Gold_Ability_MagneticPull,15430,7940,3930
2026-08-22T00:00:00.000Z,Casual-Ones_Silver_Ability_Moonball,203,58,58
2026-08-22T00:00:00.000Z,Seasonal_Silver_Ability_BoomJump,5013,2326,1127
2026-08-22T00:00:00.000Z,Casual-Twos_Silver_Ability_LeadFeet,10254,5819,3119
2026-08-22T00:00:00.000Z,Ones_Silver_Style_Encho,1047,651,651
2026-08-22T00:00:00.000Z,Casual-Twos_Silver_Style_Jester2,823,435,212
2026-08-22T00:00:00.000Z,Casual-Twos_Silver_Style_Kijo,1449,784,440
2026-08-22T00:00:00.000Z,Twos_Diamond_Ability_ShieldBreaker,4298,2459,1259
2026-08-22T00:00:00.000Z,Ones_Silver_Style_Kazana3,772,416,416
2026-08-22T00:00:00.000Z,OnesMini_Silver_Style_Yogan2,388,234,234
2026-08-22T00:00:00.000Z,OnesMini_Gold_Style_Jester,15,7,7
2026-08-22T00:00:00.000Z,Duel_Silver_Ability_RollingThunder,355,158,158
2026-08-22T00:00:00.000Z,Duel_Silver_Ability_SuperSprint,259,101,101
2026-08-22T00:00:00.000Z,Seasonal_Silver_Style_Kurai2,3000,1750,1014
2026-08-22T00:00:00.000Z,Seasonal_Silver_Style_TimeskipShoyo4,5157,2850,1578
2026-08-22T00:00:00.000Z,Threes_Silver_Style_TimeskipShoyo3,1734,1055,311
2026-08-22T00:00:00.000Z,OnesMini_Silver_Style_Kenma,234,46,46
2026-08-22T00:00:00.000Z,Casual-Twos_Silver_Ability_RedirectionJump,4396,2211,1083
2026-08-22T00:00:00.000Z,Duel_Silver_Style_Yogan2,81,37,37
2026-08-22T00:00:00.000Z,Casual-Ones_Silver_Style_Kei,30,14,14
2026-08-22T00:00:00.000Z,OnesMini_Silver_Style_Twin2,78,52,52
2026-08-22T00:00:00.000Z,OnesMini_Silver_Style_Hakka,180,102,102
2026-08-22T00:00:00.000Z,Twos_Silver_Style_Lev,386,105,35
2026-08-22T00:00:00.000Z,Duel_Silver_Style_Asahi,203,81,81
2026-08-22T00:00:00.000Z,Duel_Silver_Style_Daichi,115,34,34
2026-08-22T00:00:00.000Z,Casual-Threes_Silver_Ability_Moonball,43,14,3
2026-08-22T00:00:00.000Z,Threes_Silver_Ability_DivineStrength,1460,601,132
2026-08-22T00:00:00.000Z,Seasonal_Bronze_Ability_SteelBlock,2826,924,330
2026-08-22T00:00:00.000Z,Twos_Silver_Style_TeamCaptain4,1616,746,347
2026-08-22T00:00:00.000Z,Seasonal_Silver_Style_Twin2_3,166,90,39
2026-08-22T00:00:00.000Z,OnesMini_Silver_Style_Mikage2,110,67,67
2026-08-22T00:00:00.000Z,Twos_Silver_Style_Morisuke,1036,231,86
2026-08-22T00:00:00.000Z,Threes_Silver_Ability_LeadFeet,6424,3851,1557
2026-08-22T00:00:00.000Z,Ones_Gold_Style_TimeskipShoyo,7,5,5
2026-08-22T00:00:00.000Z,Seasonal_Bronze_Ability_Moonball,964,291,105
2026-08-22T00:00:00.000Z,Threes_Silver_Ability_RedirectionJump,3461,1806,621
2026-08-22T00:00:00.000Z,OnesMini_Bronze_Style_Taketora,197,42,42
2026-08-22T00:00:00.000Z,Twos_Pro_Style_Morisuke,1,1,0
2026-08-22T00:00:00.000Z,Twos_Pro_Style_Jester,55,30,9
2026-08-22T00:00:00.000Z,Duel_Silver_Style_Kenma,112,46,46
2026-08-22T00:00:00.000Z,Twos_Diamond_Style_TimeskipShoyo2,1163,693,365
2026-08-22T00:00:00.000Z,Ones_Bronze_Style_Yogan2,162,81,81
2026-08-22T00:00:00.000Z,Threes_Gold_Style_Kurai2,204,115,38
2026-08-22T00:00:00.000Z,OnesMini_Gold_Ability_Moonball,42,27,27
2026-08-22T00:00:00.000Z,Twos_Gold_Ability_FourthTouch,1589,794,444
2026-08-22T00:00:00.000Z,Ones_Bronze_Style_Roketto,514,227,227
2026-08-22T00:00:00.000Z,Twos_Bronze_Style_Hidari3,4403,1994,972
2026-08-22T00:00:00.000Z,Seasonal_Bronze_Style_Morisuke,243,58,10
2026-08-22T00:00:00.000Z,OnesMini_Bronze_Style_Kazana3,106,56,56
2026-08-22T00:00:00.000Z,OnesMini_Bronze_Style_Encho,136,84,84
2026-08-22T00:00:00.000Z,Threes_Gold_Ability_BoomJump,249,152,47
2026-08-22T00:00:00.000Z,Twos_Gold_Style_TeamCaptain3,112,54,31
2026-08-22T00:00:00.000Z,Threes_Gold_Style_Hidari3,222,126,31
2026-08-22T00:00:00.000Z,Twos_Bronze_Style_Jester3,922,374,151
2026-08-22T00:00:00.000Z,Twos_Diamond_Style_Kotaru,4,4,3
2026-08-22T00:00:00.000Z,Fours_Silver_Style_Kijo2,57,28,9
2026-08-22T00:00:00.000Z,Fours_Silver_Style_TimeskipTobio,101,58,34
2026-08-22T00:00:00.000Z,Fours_Silver_Style_TeamCaptain,42,11,4
2026-08-22T00:00:00.000Z,Twos_Diamond_Ability_FourthTouch,126,79,50
2026-08-22T00:00:00.000Z,Ones_Bronze_Style_Asahi,273,79,79
2026-08-22T00:00:00.000Z,Fours_Silver_Style_Mikage3,76,49,14
2026-08-22T00:00:00.000Z,Threes_Gold_Style_Twin1_4,13,11,3
2026-08-22T00:00:00.000Z,Threes_Gold_Style_Mikage,50,27,8
2026-08-22T00:00:00.000Z,Threes_Bronze_Style_Kotaru,627,196,32
2026-08-22T00:00:00.000Z,Twos_Bronze_Style_Yogan,144,70,25
2026-08-22T00:00:00.000Z,Threes_Gold_Style_Yu,3,2,1
2026-08-22T00:00:00.000Z,Sixes_Silver_Style_Asahi,5,1,0
2026-08-22T00:00:00.000Z,Sixes_Silver_Style_Kurai,18,9,1
2026-08-22T00:00:00.000Z,Threes_Bronze_Style_TimeskipShoyo2,285,130,45
2026-08-22T00:00:00.000Z,Threes_Bronze_Style_Hirugami,165,56,11
2026-08-22T00:00:00.000Z,Twos_Bronze_Style_Mikage,63,37,23
2026-08-22T00:00:00.000Z,Twos_Bronze_Style_Yu,290,59,21
2026-08-22T00:00:00.000Z,Twos_Gold_Style_Hirugami,17,9,6
2026-08-22T00:00:00.000Z,Seasonal_Bronze_Style_Lev,42,12,2
2026-08-22T00:00:00.000Z,Twos_Gold_Style_Toru,11,1,1
2026-08-22T00:00:00.000Z,Twos_Bronze_Style_Kurai2,928,459,276
2026-08-22T00:00:00.000Z,Threes_Bronze_Style_Toru,278,76,14
2026-08-22T00:00:00.000Z,Sixes_Silver_Style_Roketto,9,1,1
2026-08-22T00:00:00.000Z,Sixes_Silver_Style_Yogan2,17,12,1
2026-08-22T00:00:00.000Z,Twos_Bronze_Style_TimeskipToru,67,31,18
2026-08-22T00:00:00.000Z,OnesMini_Bronze_Style_Twin2_2,17,8,8
2026-08-22T00:00:00.000Z,Threes_Gold_Style_Jester3,40,23,9
2026-08-22T00:00:00.000Z,Fours_Gold_Style_Yogan2,19,18,2
2026-08-22T00:00:00.000Z,Ones_Bronze_Style_Mikage2,18,9,9
2026-08-22T00:00:00.000Z,Threes_Bronze_Style_Feiko2,182,85,47
2026-08-22T00:00:00.000Z,Sixes_Silver_Style_Twin1_2,2,1,0
2026-08-22T00:00:00.000Z,Threes_Gold_Style_Hakka2,23,10,6
2026-08-22T00:00:00.000Z,Ones_Bronze_Style_Koshi,45,13,13
2026-08-22T00:00:00.000Z,Seasonal_Gold_Style_Rintaro,1451,874,446
2026-08-22T00:00:00.000Z,Fours_Bronze_Style_Feiko,43,11,7
2026-08-22T00:00:00.000Z,OnesMini_Diamond_Style_Kijo,131,63,63
2026-08-22T00:00:00.000Z,Fours_Silver_Style_Twin2_4,18,7,2
2026-08-22T00:00:00.000Z,Threes_Bronze_Style_Hajime,46,11,2
2026-08-22T00:00:00.000Z,Fours_Bronze_Ability_CurveSpike,163,49,13
2026-08-22T00:00:00.000Z,Sixes_Silver_Style_Twin2,2,1,1
2026-08-22T00:00:00.000Z,Fours_Bronze_Style_Samurai,30,8,3
2026-08-22T00:00:00.000Z,Threes_Bronze_Style_Kumo,175,76,39
2026-08-22T00:00:00.000Z,OnesMini_Gold_Style_Morisuke,1,0,0
2026-08-22T00:00:00.000Z,Fours_Silver_Style_Twin1_3,19,5,1
2026-08-22T00:00:00.000Z,Ones_Bronze_Style_TimeskipToru2,9,4,4
2026-08-22T00:00:00.000Z,Sixes_Silver_Ability_SuperSprint,8,0,0
2026-08-22T00:00:00.000Z,Sixes_Silver_Style_Mikage2,12,7,1
2026-08-22T00:00:00.000Z,OnesMini_Bronze_Style_Hidari2,24,17,17
2026-08-22T00:00:00.000Z,Fours_Bronze_Style_Tadashi,2,1,0
2026-08-22T00:00:00.000Z,Ones_Diamond_Ability_BoomJump,19,12,12
2026-08-22T00:00:00.000Z,Fours_Silver_Style_Ohira,15,3,1
2026-08-22T00:00:00.000Z,Seasonal_Gold_Style_Twin2_2,22,13,7
2026-08-22T00:00:00.000Z,Ones_Diamond_Style_Jester3,4,1,1
2026-08-22T00:00:00.000Z,Ones_Diamond_Style_Kurai2,6,3,3
2026-08-22T00:00:00.000Z,Fours_Gold_Style_Mikage2,10,8,2
2026-08-22T00:00:00.000Z,Seasonal_Gold_Style_TeamCaptain2,16,8,5
2026-08-22T00:00:00.000Z,Seasonal_Gold_Style_Hidari2,82,52,34
2026-08-22T00:00:00.000Z,Casual-Ones_Silver_Style_TeamCaptain4,19,5,5
2026-08-22T00:00:00.000Z,Fours_Gold_Ability_RollingThunder,2,2,1
2026-08-22T00:00:00.000Z,Ones_Pro_Style_Kazana3,1,0,0
2026-08-22T00:00:00.000Z,OnesMini_Bronze_Style_TeamCaptain2,11,7,7
2026-08-22T00:00:00.000Z,Duel_Silver_Style_Shinsuke,39,18,18
2026-08-22T00:00:00.000Z,Sixes_Silver_Style_TimeskipToru2,1,0,0
2026-08-22T00:00:00.000Z,OnesMini_Diamond_Ability_RedirectionJump,14,9,9
2026-08-22T00:00:00.000Z,Casual-Fours_Silver_Style_Rintaro,9,2,0
2026-08-22T00:00:00.000Z,Ones_Bronze_Style_Twin2,5,2,2
2026-08-22T00:00:00.000Z,OnesMini_Diamond_Style_TimeskipShoyo3,6,1,1
2026-08-22T00:00:00.000Z,Threes_Gold_Style_Twin2_3,8,5,3
2026-08-22T00:00:00.000Z,Sixes_Silver_Style_Kenma,3,0,0
2026-08-22T00:00:00.000Z,Casual-Threes_Silver_Style_Kei,5,1,0
2026-08-22T00:00:00.000Z,Ones_Gold_Style_Tadashi,3,3,3
2026-08-22T00:00:00.000Z,OnesMini_Diamond_Ability_DivineStrength,2,1,1
2026-08-22T00:00:00.000Z,Twos_Diamond_Style_Kumo,9,5,4
2026-08-22T00:00:00.000Z,Threes_Diamond_Style_Feiko,5,4,0
2026-08-22T00:00:00.000Z,Casual-Threes_Silver_Style_TeamCaptain4,36,21,16
2026-08-22T00:00:00.000Z,Seasonal_Gold_Style_Taketora,13,8,5
2026-08-22T00:00:00.000Z,Fours_Gold_Style_Kazana,12,10,0
2026-08-22T00:00:00.000Z,Threes_Diamond_Style_Mikage4,21,13,6
2026-08-22T00:00:00.000Z,Twos_Pro_Ability_SteelBlock,10,7,7
2026-08-22T00:00:00.000Z,Fours_Silver_Style_TimeskipToru3,10,5,2
2026-08-22T00:00:00.000Z,Ones_Diamond_Style_Mikage,1,0,0
2026-08-22T00:00:00.000Z,Seasonal_Diamond_Style_Kimiro,11,7,1
2026-08-22T00:00:00.000Z,Fours_Diamond_Style_Yogan2,8,8,0
2026-08-22T00:00:00.000Z,Ones_Diamond_Style_Hidari3,5,4,4
2026-08-22T00:00:00.000Z,Seasonal_Diamond_Style_Kijo2,2,0,0
2026-08-22T00:00:00.000Z,Ones_Diamond_Style_Yu,1,0,0
2026-08-22T00:00:00.000Z,Fours_Pro_Style_Encho2,1,1,0
2026-08-22T00:00:00.000Z,Sixes_Bronze_Style_Hidari2,1,1,1
2026-08-22T00:00:00.000Z,Fours_Pro_Style_Riku,4,3,0
2026-08-22T00:00:00.000Z,Twos_Legend_Style_Jester,3,2,0
2026-08-22T00:00:00.000Z,Sixes_Diamond_Style_Jester2,2,1,1
2026-08-22T00:00:00.000Z,Threes_Pro_Style_TimeskipTobio2,14,10,10
2026-08-22T00:00:00.000Z,Threes_Pro_Ability_DivineStrength,2,2,1
2026-08-22T00:00:00.000Z,Ones_Diamond_Style_Twin1_4,1,1,1
2026-08-22T00:00:00.000Z,Fours_Diamond_Style_Kazana,9,7,0
2026-08-22T00:00:00.000Z,Sixes_Bronze_Style_Wakatoshi,3,0,0
2026-08-22T00:00:00.000Z,Twos_Diamond_Style_Hirugami,4,1,1
2026-08-22T00:00:00.000Z,Seasonal_Pro_Style_Mikage2,1,1,0
2026-08-22T00:00:00.000Z,Seasonal_Diamond_Style_TimeskipToru3,1,0,0
2026-08-22T00:00:00.000Z,Sixes_Silver_Style_Kazana,1,0,0
2026-08-22T00:00:00.000Z,Fours_Gold_Style_TimeskipToru2,1,1,0
2026-08-22T00:00:00.000Z,Casual-Fours_Silver_Style_Tobio,1,0,0
2026-08-22T00:00:00.000Z,Sixes_Silver_Style_Daichi,1,0,0
2026-08-22T00:00:00.000Z,Twos_Pro_Style_Lev,1,0,0
2026-08-22T00:00:00.000Z,Ones_Silver_Ability_LeadFeet,11688,7205,7205
2026-08-22T00:00:00.000Z,OnesMini_Silver_Ability_ShieldBreaker,11384,6411,6411
2026-08-22T00:00:00.000Z,OnesMini_Silver_Style_Feiko2,113,67,67
2026-08-22T00:00:00.000Z,OnesMini_Silver_Style_Toru,879,295,295
2026-08-22T00:00:00.000Z,OnesMini_Silver_Ability_FourthTouch,4207,2131,2131
2026-08-22T00:00:00.000Z,OnesMini_Silver_Style_Hajime,245,79,79
2026-08-22T00:00:00.000Z,Duel_Silver_Ability_MagneticPull,2813,1528,1528
2026-08-22T00:00:00.000Z,Ones_Gold_Style_Hidari3,241,119,119
2026-08-22T00:00:00.000Z,Casual-Twos_Silver_Style_Tobio,413,106,51
2026-08-22T00:00:00.000Z,Seasonal_Silver_Style_Mikage4,7985,3943,2016
2026-08-22T00:00:00.000Z,Seasonal_Silver_Style_Samurai,2722,1473,760
2026-08-22T00:00:00.000Z,Twos_Silver_Style_Kijo2,4544,2568,1466
2026-08-22T00:00:00.000Z,Casual-Twos_Silver_Style_Kazana3,689,380,180
2026-08-22T00:00:00.000Z,Duel_Silver_Style_Hirugami,190,86,86
2026-08-22T00:00:00.000Z,Casual-Twos_Silver_Style_Hidari2,144,65,39
2026-08-22T00:00:00.000Z,Seasonal_Silver_Style_Feiko,847,387,199
2026-08-22T00:00:00.000Z,Duel_Silver_Style_Kotaru,740,330,330
2026-08-22T00:00:00.000Z,Twos_Silver_Style_Twin2_4,735,375,217
2026-08-22T00:00:00.000Z,OnesMini_Gold_Style_Kimiro,8,4,4
2026-08-22T00:00:00.000Z,Ones_Bronze_Ability_MagneticPull,4561,2438,2438
2026-08-22T00:00:00.000Z,Seasonal_Silver_Style_Tetsuro,451,144,40
2026-08-22T00:00:00.000Z,Twos_Silver_Ability_TeamSpirit,1473,489,196
2026-08-22T00:00:00.000Z,Twos_Silver_Style_Ryunosuke,265,68,31
2026-08-22T00:00:00.000Z,Ones_Bronze_Style_TimeskipShoyo2,130,74,74
2026-08-22T00:00:00.000Z,Threes_Silver_Style_Tobio,1177,400,101
2026-08-22T00:00:00.000Z,Twos_Silver_Style_Ibara,667,385,181
2026-08-22T00:00:00.000Z,Twos_Silver_Style_Mikage3,623,352,209
2026-08-22T00:00:00.000Z,OnesMini_Bronze_Ability_LeadFeet,959,568,568
2026-08-22T00:00:00.000Z,Ones_Gold_Style_Jester3,127,73,73
2026-08-22T00:00:00.000Z,Duel_Silver_Style_TimeskipShoyo2,141,83,83
2026-08-22T00:00:00.000Z,Seasonal_Silver_Style_Tadashi,95,23,6
2026-08-22T00:00:00.000Z,OnesMini_Silver_Style_TeamCaptain3,162,91,91
2026-08-22T00:00:00.000Z,Twos_Gold_Style_Roketto,353,192,101
2026-08-22T00:00:00.000Z,OnesMini_Gold_Style_Riku,45,24,24
2026-08-22T00:00:00.000Z,Duel_Silver_Style_Kumo,82,43,43
2026-08-22T00:00:00.000Z,Twos_Silver_Style_Encho2,1934,1074,576
2026-08-22T00:00:00.000Z,Casual-Ones_Silver_Style_Mikage3,11,6,6
2026-08-22T00:00:00.000Z,Twos_Bronze_Style_Samurai,1203,583,273
2026-08-22T00:00:00.000Z,Ones_Bronze_Style_Kotaru,1402,542,542
2026-08-22T00:00:00.000Z,Threes_Silver_Style_Kazana3,949,525,164
2026-08-22T00:00:00.000Z,Ones_Bronze_Style_Hirugami,238,84,84
2026-08-22T00:00:00.000Z,Threes_Silver_Style_Encho,671,391,169
2026-08-22T00:00:00.000Z,Threes_Bronze_Style_Shoyo,414,61,20
2026-08-22T00:00:00.000Z,Twos_Silver_Style_Hidari,1755,979,532
2026-08-22T00:00:00.000Z,Casual-Ones_Silver_Style_Encho2,43,22,22
2026-08-22T00:00:00.000Z,Fours_Silver_Ability_SteelBlock,694,248,38
2026-08-22T00:00:00.000Z,Seasonal_Bronze_Style_Ibara,161,92,40
2026-08-22T00:00:00.000Z,Casual-Ones_Silver_Style_Kijo2,122,79,79
2026-08-22T00:00:00.000Z,Twos_Gold_Style_Koshi,9,5,3
2026-08-22T00:00:00.000Z,Twos_Pro_Style_Riku,111,58,36
2026-08-22T00:00:00.000Z,Casual-Twos_Silver_Style_Encho,294,166,88
2026-08-22T00:00:00.000Z,Casual-Twos_Silver_Style_Twin2_2,31,21,15
2026-08-22T00:00:00.000Z,Casual-Ones_Silver_Style_Hidari,17,8,8
2026-08-22T00:00:00.000Z,Ones_Gold_Style_Kurai2,110,52,52
2026-08-22T00:00:00.000Z,Twos_Diamond_Style_Twin2,30,18,11
2026-08-22T00:00:00.000Z,Casual-Ones_Silver_Style_Ryunosuke,14,3,3
2026-08-22T00:00:00.000Z,Twos_Silver_Style_TimeskipTobio,336,181,95
2026-08-22T00:00:00.000Z,Ones_Bronze_Style_Kumo,90,53,53
2026-08-22T00:00:00.000Z,Seasonal_Bronze_Style_Encho2,467,222,121
2026-08-22T00:00:00.000Z,Seasonal_Bronze_Ability_TeamSpirit,189,66,24
2026-08-22T00:00:00.000Z,Twos_Bronze_Style_Mikage4,5114,2410,1535
2026-08-22T00:00:00.000Z,Casual-Ones_Silver_Ability_TeamSpirit,78,15,15
2026-08-22T00:00:00.000Z,Fours_Silver_Ability_Moonball,171,43,9
2026-08-22T00:00:00.000Z,Twos_Gold_Style_Daichi,8,3,1
2026-08-22T00:00:00.000Z,Threes_Gold_Style_Mikage4,327,181,72
2026-08-22T00:00:00.000Z,Twos_Gold_Style_Twin1_2,280,159,102
2026-08-22T00:00:00.000Z,OnesMini_Gold_Style_Twin1_3,31,16,16
2026-08-22T00:00:00.000Z,Twos_Gold_Ability_RollingThunder,92,52,32
2026-08-22T00:00:00.000Z,Twos_Diamond_Style_Daichi,3,2,1
2026-08-22T00:00:00.000Z,Seasonal_Bronze_Style_Kijo2,588,283,152
2026-08-22T00:00:00.000Z,Seasonal_Bronze_Style_Ryunosuke,36,11,4
2026-08-22T00:00:00.000Z,Threes_Bronze_Style_TimeskipToru2,90,33,14
2026-08-22T00:00:00.000Z,Threes_Silver_Style_Twin2_2,131,78,25
2026-08-22T00:00:00.000Z,Threes_Silver_Style_Hidari2,227,109,27
2026-08-22T00:00:00.000Z,Seasonal_Bronze_Style_Twin2_4,142,68,36
2026-08-22T00:00:00.000Z,Twos_Gold_Style_Mikage2,73,42,33
2026-08-22T00:00:00.000Z,Casual-Twos_Silver_Style_Twin1,78,36,23
2026-08-22T00:00:00.000Z,Twos_Bronze_Style_Tetsuro,647,168,69
2026-08-22T00:00:00.000Z,Threes_Silver_Style_Twin1,194,117,50
2026-08-22T00:00:00.000Z,OnesMini_Diamond_Style_Rintaro,60,38,38
2026-08-22T00:00:00.000Z,Seasonal_Bronze_Style_Hidari,187,94,45
2026-08-22T00:00:00.000Z,Twos_Gold_Ability_SuperSprint,94,55,33
2026-08-22T00:00:00.000Z,Twos_Gold_Style_Hakka,138,68,55
2026-08-22T00:00:00.000Z,Seasonal_Bronze_Style_Mikage3,123,55,32
2026-08-22T00:00:00.000Z,Threes_Bronze_Style_TimeskipTobio3,212,111,46
2026-08-22T00:00:00.000Z,Threes_Gold_Style_Feiko,180,105,58
2026-08-22T00:00:00.000Z,Threes_Bronze_Style_Shinsuke,20,6,2
2026-08-22T00:00:00.000Z,Fours_Bronze_Style_TimeskipShoyo4,53,22,11
2026-08-22T00:00:00.000Z,Threes_Bronze_Style_Kurai,489,215,83
2026-08-22T00:00:00.000Z,Fours_Diamond_Style_TimeskipShoyo2,47,42,7
2026-08-22T00:00:00.000Z,Threes_Gold_Style_Samurai,197,129,54
2026-08-22T00:00:00.000Z,Sixes_Silver_Ability_MagneticPull,150,88,7
2026-08-22T00:00:00.000Z,Fours_Silver_Style_TeamCaptain4,66,31,13
2026-08-22T00:00:00.000Z,Twos_Bronze_Style_Feiko,844,348,179
2026-08-22T00:00:00.000Z,Threes_Bronze_Style_Yogan2,174,72,29
2026-08-22T00:00:00.000Z,Sixes_Silver_Style_Kumo,10,6,1
2026-08-22T00:00:00.000Z,Sixes_Silver_Style_Kotaru,24,7,0
2026-08-22T00:00:00.000Z,Casual-Ones_Silver_Style_Ibara,11,6,6
2026-08-22T00:00:00.000Z,Twos_Gold_Style_Twin2,120,78,52
2026-08-22T00:00:00.000Z,Twos_Bronze_Style_Tadashi,86,22,8
2026-08-22T00:00:00.000Z,Fours_Gold_Style_TimeskipShoyo2,92,79,9
2026-08-22T00:00:00.000Z,Sixes_Silver_Style_Hirugami,6,2,0
2026-08-22T00:00:00.000Z,Threes_Bronze_Style_Asahi,118,26,3
2026-08-22T00:00:00.000Z,Fours_Silver_Style_Lev,16,3,2
2026-08-22T00:00:00.000Z,Fours_Bronze_Ability_BoomJump,105,36,6
2026-08-22T00:00:00.000Z,Fours_Bronze_Style_Twin1_4,12,2,0
2026-08-22T00:00:00.000Z,Seasonal_Gold_Style_Kijo,508,311,186
2026-08-22T00:00:00.000Z,Twos_Diamond_Style_Kenma,1,1,0
2026-08-22T00:00:00.000Z,Seasonal_Gold_Ability_RedirectionJump,401,247,150
2026-08-22T00:00:00.000Z,Twos_Gold_Style_Kenma,5,3,1
2026-08-22T00:00:00.000Z,OnesMini_Gold_Style_Ohira,7,6,6
2026-08-22T00:00:00.000Z,Threes_Diamond_Style_Kurai2,13,8,2
2026-08-22T00:00:00.000Z,Seasonal_Gold_Style_Jester2,222,140,84
2026-08-22T00:00:00.000Z,Sixes_Silver_Style_TimeskipShoyo2,46,27,1
2026-08-22T00:00:00.000Z,Seasonal_Bronze_Style_TimeskipTobio,25,8,4
2026-08-22T00:00:00.000Z,Seasonal_Gold_Style_TimeskipShoyo3,209,147,77
2026-08-22T00:00:00.000Z,Ones_Gold_Style_Mikage,13,8,8
2026-08-22T00:00:00.000Z,Ones_Silver_Style_TimeskipTobio2,21,7,7
2026-08-22T00:00:00.000Z,Ones_Gold_Style_Yogan,8,6,6
2026-08-22T00:00:00.000Z,Seasonal_Gold_Ability_DivineStrength,96,60,32
2026-08-22T00:00:00.000Z,Casual-Threes_Silver_Style_Hidari,7,3,0
2026-08-22T00:00:00.000Z,Threes_Bronze_Style_Kazana,27,14,2
2026-08-22T00:00:00.000Z,Ones_Pro_Ability_LeadFeet,2,1,1
2026-08-22T00:00:00.000Z,Threes_Diamond_Style_Kazana2,10,4,0
2026-08-22T00:00:00.000Z,Sixes_Bronze_Style_Kijo,3,0,0
2026-08-22T00:00:00.000Z,Ones_Gold_Style_Yu,2,0,0
2026-08-22T00:00:00.000Z,Twos_Diamond_Style_Roketto,36,21,13
2026-08-22T00:00:00.000Z,Fours_Gold_Ability_MagneticPull,77,53,9
2026-08-22T00:00:00.000Z,Casual-Fours_Silver_Ability_LeadFeet,6,4,1
2026-08-22T00:00:00.000Z,Twos_Diamond_Ability_SuperSprint,9,5,2
2026-08-22T00:00:00.000Z,Threes_Diamond_Style_Mikage,4,3,1
2026-08-22T00:00:00.000Z,Threes_Diamond_Style_Hidari3,10,5,2
2026-08-22T00:00:00.000Z,Casual-Threes_Silver_Style_TimeskipTobio,17,10,7
2026-08-22T00:00:00.000Z,Twos_Diamond_Ability_RollingThunder,7,3,1
2026-08-22T00:00:00.000Z,Twos_Diamond_Style_Hakka,9,7,7
2026-08-22T00:00:00.000Z,Casual-Threes_Silver_Ability_TeamSpirit,8,2,0
2026-08-22T00:00:00.000Z,Casual-Threes_Silver_Style_Kijo2,9,3,1
2026-08-22T00:00:00.000Z,Casual-Threes_Silver_Style_Mikage3,8,4,2
2026-08-22T00:00:00.000Z,Casual-Threes_Silver_Style_Encho2,10,7,2
2026-08-22T00:00:00.000Z,Twos_Diamond_Style_Twin1_2,27,12,7
2026-08-22T00:00:00.000Z,Casual-Threes_Silver_Style_Ryunosuke,2,0,0
2026-08-22T00:00:00.000Z,Fours_Gold_Style_Hirugami,4,3,1
2026-08-22T00:00:00.000Z,Threes_Gold_Style_Tetsuro,2,0,0
2026-08-22T00:00:00.000Z,Casual-Threes_Silver_Style_Twin2_4,3,1,0
2026-08-22T00:00:00.000Z,Ones_Gold_Style_Kazana2,26,13,13
2026-08-22T00:00:00.000Z,Threes_Pro_Style_Rintaro,15,12,3
2026-08-22T00:00:00.000Z,Threes_Diamond_Style_Jester3,5,5,1
2026-08-22T00:00:00.000Z,Fours_Diamond_Ability_MagneticPull,30,24,9
2026-08-22T00:00:00.000Z,Sixes_Bronze_Style_TimeskipShoyo3,1,0,0
2026-08-22T00:00:00.000Z,Twos_Diamond_Style_Mikage2,2,1,0
2026-08-22T00:00:00.000Z,Twos_Pro_Style_Kimiro,2,0,0
2026-08-22T00:00:00.000Z,Ones_Diamond_Ability_CurveSpike,13,13,13
2026-08-22T00:00:00.000Z,OnesMini_Diamond_Style_TeamCaptain2,2,1,1
2026-08-22T00:00:00.000Z,OnesMini_Gold_Style_TeamCaptain,2,1,1
2026-08-22T00:00:00.000Z,Ones_Gold_Style_Hakka2,6,4,4
2026-08-22T00:00:00.000Z,Sixes_Gold_Style_Kijo2,1,1,0
2026-08-22T00:00:00.000Z,Sixes_Gold_Style_Ibara,1,1,0
2026-08-22T00:00:00.000Z,Sixes_Bronze_Ability_RedirectionJump,1,0,0
2026-08-22T00:00:00.000Z,Ones_Diamond_Style_TimeskipShoyo,1,1,1
2026-08-22T00:00:00.000Z,Twos_Legend_Style_Encho2,5,4,0
2026-08-22T00:00:00.000Z,Twos_Diamond_Style_Koshi,1,1,0
2026-08-22T00:00:00.000Z,Twos_Pro_Style_Ohira,1,1,1
2026-08-22T00:00:00.000Z,Casual-Ones_Silver_Style_Twin2_4,1,1,1
2026-08-22T00:00:00.000Z,Twos_Pro_Style_TeamCaptain,1,0,0
2026-08-22T00:00:00.000Z,Seasonal_Pro_Style_TimeskipShoyo2,3,1,1
2026-08-22T00:00:00.000Z,OnesMini_Bronze_Style_TimeskipTobio2,1,1,1
2026-08-22T00:00:00.000Z,Twos_Legend_Style_Kijo2,4,4,4
2026-08-22T00:00:00.000Z,Fours_Gold_Style_Kumo,6,5,0
2026-08-22T00:00:00.000Z,Sixes_Gold_Style_Hidari,1,1,0
2026-08-22T00:00:00.000Z,Sixes_Bronze_Style_Jester2,1,0,0
2026-08-22T00:00:00.000Z,Twos_Legend_Style_Ibara,1,1,0
2026-08-22T00:00:00.000Z,Fours_Diamond_Style_Kumo,1,1,1
2026-08-22T00:00:00.000Z,Threes_Diamond_Style_Yogan,3,3,3
2026-08-22T00:00:00.000Z,OnesMini_Silver_Ability_MagneticPull,16865,9462,9462
2026-08-22T00:00:00.000Z,OnesMini_Silver_Style_Kotaru,2642,1029,1029
2026-08-22T00:00:00.000Z,Duel_Silver_Ability_FourthTouch,865,465,465
2026-08-22T00:00:00.000Z,Ones_Silver_Ability_RedirectionJump,5185,2552,2552
2026-08-22T00:00:00.000Z,OnesMini_Silver_Style_Hirugami,724,280,280
2026-08-22T00:00:00.000Z,Duel_Silver_Ability_ShieldBreaker,1831,1018,1018
2026-08-22T00:00:00.000Z,Casual-Twos_Silver_Style_Rintaro,18818,9482,4501
2026-08-22T00:00:00.000Z,Ones_Silver_Style_Kijo,2972,1707,1707
2026-08-22T00:00:00.000Z,OnesMini_Silver_Style_Kumo,465,271,271
2026-08-22T00:00:00.000Z,Ones_Silver_Style_Jester2,1613,829,829
2026-08-22T00:00:00.000Z,Ones_Silver_Style_TimeskipShoyo3,1284,782,782
2026-08-22T00:00:00.000Z,OnesMini_Gold_Style_Encho2,315,187,187
2026-08-22T00:00:00.000Z,Casual-Ones_Silver_Style_Riku,120,43,43
2026-08-22T00:00:00.000Z,Ones_Silver_Ability_DivineStrength,2068,829,829
2026-08-22T00:00:00.000Z,Casual-Twos_Silver_Style_TeamCaptain2,119,46,19
2026-08-22T00:00:00.000Z,Seasonal_Silver_Ability_CurveSpike,9673,3954,1805
2026-08-22T00:00:00.000Z,OnesMini_Silver_Style_TimeskipShoyo2,475,269,269
2026-08-22T00:00:00.000Z,Threes_Silver_Style_Rintaro,11259,5367,1404
2026-08-22T00:00:00.000Z,Twos_Silver_Style_Kimiro,4718,1649,824
2026-08-22T00:00:00.000Z,Twos_Silver_Style_Ohira,614,189,92
2026-08-22T00:00:00.000Z,OnesMini_Gold_Style_Kijo2,509,260,260
2026-08-22T00:00:00.000Z,Duel_Silver_Style_Toru,253,104,104
2026-08-22T00:00:00.000Z,Ones_Bronze_Ability_ShieldBreaker,2510,1416,1416
2026-08-22T00:00:00.000Z,Duel_Silver_Style_Feiko2,43,18,18
2026-08-22T00:00:00.000Z,Twos_Silver_Style_Riku,2776,1426,659
2026-08-22T00:00:00.000Z,OnesMini_Gold_Style_Ibara,130,70,70
2026-08-22T00:00:00.000Z,Threes_Silver_Style_Wakatoshi,892,278,39
2026-08-22T00:00:00.000Z,OnesMini_Bronze_Ability_RedirectionJump,1089,504,504
2026-08-22T00:00:00.000Z,Twos_Gold_Style_Kurai,2188,1237,671
2026-08-22T00:00:00.000Z,Ones_Gold_Ability_BoomJump,147,85,85
2026-08-22T00:00:00.000Z,Seasonal_Silver_Style_TimeskipShoyo,274,181,112
2026-08-22T00:00:00.000Z,Twos_Gold_Style_Yogan2,296,162,69
2026-08-22T00:00:00.000Z,Ones_Bronze_Ability_FourthTouch,1407,668,668
2026-08-22T00:00:00.000Z,Ones_Bronze_Style_Toru,337,113,113
2026-08-22T00:00:00.000Z,Duel_Silver_Style_Hajime,113,61,61
2026-08-22T00:00:00.000Z,OnesMini_Bronze_Ability_DivineStrength,864,383,383
2026-08-22T00:00:00.000Z,Twos_Silver_Style_Twin1_3,791,385,220
2026-08-22T00:00:00.000Z,OnesMini_Gold_Style_Twin2_4,87,43,43
2026-08-22T00:00:00.000Z,Threes_Bronze_Ability_SuperSprint,581,118,37
2026-08-22T00:00:00.000Z,Casual-Twos_Silver_Style_Wakatoshi,442,120,46
2026-08-22T00:00:00.000Z,OnesMini_Gold_Ability_TeamSpirit,6,5,5
2026-08-22T00:00:00.000Z,OnesMini_Bronze_Style_Kijo,282,170,170
2026-08-22T00:00:00.000Z,Twos_Gold_Style_TimeskipToru2,155,80,56
2026-08-22T00:00:00.000Z,Twos_Silver_Style_TeamCaptain,643,350,178
2026-08-22T00:00:00.000Z,Ones_Gold_Style_TimeskipShoyo4,241,116,116
2026-08-22T00:00:00.000Z,Threes_Silver_Style_Taketora,125,41,7
2026-08-22T00:00:00.000Z,Threes_Silver_Style_TeamCaptain2,398,199,98
2026-08-22T00:00:00.000Z,Casual-Ones_Silver_Style_Ohira,31,6,6
2026-08-22T00:00:00.000Z,Twos_Diamond_Style_Yogan2,39,21,12
2026-08-22T00:00:00.000Z,Twos_Silver_Style_TimeskipToru3,312,168,88
2026-08-22T00:00:00.000Z,Seasonal_Bronze_Style_Kimiro,1069,307,122
2026-08-22T00:00:00.000Z,Fours_Silver_Ability_ZeroGravitySet,297,81,17
2026-08-22T00:00:00.000Z,Twos_Diamond_Style_Shinsuke,2,0,0
2026-08-22T00:00:00.000Z,Threes_Gold_Ability_CurveSpike,168,101,35
2026-08-22T00:00:00.000Z,Casual-Twos_Silver_Style_Taketora,42,10,2
2026-08-22T00:00:00.000Z,OnesMini_Bronze_Style_Jester2,132,55,55
2026-08-22T00:00:00.000Z,Twos_Diamond_Style_Kurai,370,203,105
2026-08-22T00:00:00.000Z,Fours_Gold_Ability_FourthTouch,71,58,20
2026-08-22T00:00:00.000Z,Twos_Bronze_Ability_CurveSpike,7227,2627,1239
2026-08-22T00:00:00.000Z,Twos_Diamond_Style_TimeskipToru2,11,5,4
2026-08-22T00:00:00.000Z,Ones_Bronze_Style_Hajime,132,40,40
2026-08-22T00:00:00.000Z,Seasonal_Bronze_Style_Riku,806,374,185
2026-08-22T00:00:00.000Z,Duel_Silver_Style_TeamCaptain3,54,36,36
2026-08-22T00:00:00.000Z,Seasonal_Bronze_Style_Twin1_3,119,56,35
2026-08-22T00:00:00.000Z,Threes_Bronze_Style_Daichi,127,20,6
2026-08-22T00:00:00.000Z,Fours_Silver_Style_Morisuke,66,21,2
2026-08-22T00:00:00.000Z,Fours_Silver_Style_Jester,59,31,8
2026-08-22T00:00:00.000Z,Threes_Bronze_Style_Hakka,138,53,27
2026-08-22T00:00:00.000Z,Twos_Gold_Style_TimeskipTobio3,68,34,20
2026-08-22T00:00:00.000Z,Ones_Bronze_Style_Feiko2,46,25,25
2026-08-22T00:00:00.000Z,Twos_Gold_Style_Kazana,314,183,83
2026-08-22T00:00:00.000Z,Fours_Gold_Ability_ShieldBreaker,241,184,55
2026-08-22T00:00:00.000Z,Ones_Bronze_Style_TeamCaptain3,34,14,14
2026-08-22T00:00:00.000Z,Threes_Bronze_Style_Roketto,366,142,35
2026-08-22T00:00:00.000Z,Threes_Bronze_Ability_RollingThunder,259,84,16
2026-08-22T00:00:00.000Z,Casual-Ones_Silver_Style_Kimiro,130,30,30
2026-08-22T00:00:00.000Z,Seasonal_Bronze_Style_TimeskipToru3,41,18,10
2026-08-22T00:00:00.000Z,OnesMini_Bronze_Style_TimeskipShoyo3,56,32,32
2026-08-22T00:00:00.000Z,Fours_Diamond_Ability_ShieldBreaker,119,98,24
2026-08-22T00:00:00.000Z,Casual-Threes_Silver_Style_Kimiro,49,14,1
2026-08-22T00:00:00.000Z,Sixes_Silver_Style_Toru,5,0,0
2026-08-22T00:00:00.000Z,Sixes_Silver_Style_TeamCaptain3,12,8,6
2026-08-22T00:00:00.000Z,Twos_Gold_Style_Asahi,19,7,5
2026-08-22T00:00:00.000Z,Seasonal_Bronze_Style_Ohira,84,17,7
2026-08-22T00:00:00.000Z,OnesMini_Diamond_Style_Encho,57,39,39
2026-08-22T00:00:00.000Z,Casual-Threes_Silver_Style_Ohira,4,0,0
2026-08-22T00:00:00.000Z,Sixes_Silver_Ability_ShieldBreaker,152,92,22
2026-08-22T00:00:00.000Z,Fours_Bronze_Style_Hidari3,77,25,8
2026-08-22T00:00:00.000Z,Twos_Bronze_Style_TimeskipShoyo,114,61,40
2026-08-22T00:00:00.000Z,Threes_Diamond_Ability_BoomJump,65,49,7
2026-08-22T00:00:00.000Z,Twos_Diamond_Style_Kazana,57,32,16
2026-08-22T00:00:00.000Z,Threes_Bronze_Style_Twin1_2,72,33,13
2026-08-22T00:00:00.000Z,Threes_Bronze_Style_Kenma,79,14,4
2026-08-22T00:00:00.000Z,Seasonal_Gold_Ability_LeadFeet,3005,1992,1215
2026-08-22T00:00:00.000Z,Threes_Bronze_Style_Twin2,22,8,3
2026-08-22T00:00:00.000Z,Threes_Diamond_Style_TimeskipShoyo4,51,36,8
2026-08-22T00:00:00.000Z,Twos_Pro_Style_Kijo2,14,10,10
2026-08-22T00:00:00.000Z,Ones_Gold_Style_Twin1_4,3,1,1
2026-08-22T00:00:00.000Z,Casual-Threes_Silver_Style_TeamCaptain,10,3,2
2026-08-22T00:00:00.000Z,Threes_Bronze_Style_Mikage2,53,20,6
2026-08-22T00:00:00.000Z,Threes_Gold_Style_TimeskipShoyo,75,48,9
2026-08-22T00:00:00.000Z,Seasonal_Bronze_Style_TeamCaptain,55,24,15
2026-08-22T00:00:00.000Z,Twos_Pro_Style_Encho2,55,37,19
2026-08-22T00:00:00.000Z,Twos_Gold_Style_Shoyo,13,10,6
2026-08-22T00:00:00.000Z,Fours_Silver_Style_Kei,23,4,1
2026-08-22T00:00:00.000Z,Sixes_Silver_Ability_FourthTouch,63,36,8
2026-08-22T00:00:00.000Z,Fours_Bronze_Style_Jester3,20,4,1
2026-08-22T00:00:00.000Z,Threes_Bronze_Style_Koshi,12,2,0
2026-08-22T00:00:00.000Z,OnesMini_Gold_Style_Mikage3,19,15,15
2026-08-22T00:00:00.000Z,Ones_Diamond_Style_Mikage4,24,13,13
2026-08-22T00:00:00.000Z,Casual-Threes_Silver_Style_Riku,25,13,1
2026-08-22T00:00:00.000Z,Casual-Ones_Silver_Style_TeamCaptain,3,2,2
2026-08-22T00:00:00.000Z,Fours_Bronze_Style_Hakka2,9,4,2
2026-08-22T00:00:00.000Z,Fours_Bronze_Style_Yu,4,1,0
2026-08-22T00:00:00.000Z,Fours_Bronze_Style_Mikage,11,7,3
2026-08-22T00:00:00.000Z,Seasonal_Gold_Style_TimeskipTobio2,29,17,9
2026-08-22T00:00:00.000Z,Twos_Pro_Style_Hidari,17,6,3
2026-08-22T00:00:00.000Z,Sixes_Bronze_Ability_LeadFeet,9,2,0
2026-08-22T00:00:00.000Z,Fours_Bronze_Style_Kazana2,23,9,2
2026-08-22T00:00:00.000Z,Fours_Diamond_Ability_FourthTouch,37,34,12
2026-08-22T00:00:00.000Z,Fours_Gold_Style_TeamCaptain3,8,6,4
2026-08-22T00:00:00.000Z,Casual-Ones_Silver_Style_Twin1_3,3,1,1
2026-08-22T00:00:00.000Z,Sixes_Bronze_Style_TimeskipTobio2,3,1,1
2026-08-22T00:00:00.000Z,Fours_Bronze_Style_Kurai2,12,4,0
2026-08-22T00:00:00.000Z,OnesMini_Gold_Style_Hidari,8,6,6
2026-08-22T00:00:00.000Z,Casual-Threes_Silver_Style_Twin1_3,1,0,0
2026-08-22T00:00:00.000Z,Fours_Bronze_Style_Yogan,5,1,0
2026-08-22T00:00:00.000Z,Threes_Pro_Style_Encho,8,6,4
2026-08-22T00:00:00.000Z,Sixes_Silver_Style_Hajime,3,0,0
2026-08-22T00:00:00.000Z,Fours_Gold_Style_Feiko2,9,6,1
2026-08-22T00:00:00.000Z,Casual-Fours_Silver_Ability_RedirectionJump,1,1,0
2026-08-22T00:00:00.000Z,Casual-Fours_Silver_Style_TimeskipShoyo3,2,2,0
2026-08-22T00:00:00.000Z,Seasonal_Diamond_Style_Jester,13,7,2
2026-08-22T00:00:00.000Z,Threes_Pro_Style_Kazana3,4,2,0
2026-08-22T00:00:00.000Z,Sixes_Silver_Style_Feiko2,7,7,1
2026-08-22T00:00:00.000Z,Twos_Pro_Style_Ibara,3,2,1
2026-08-22T00:00:00.000Z,Twos_Diamond_Style_TimeskipTobio3,4,1,0
2026-08-22T00:00:00.000Z,Twos_Legend_Style_Riku,14,12,8
2026-08-22T00:00:00.000Z,Seasonal_Pro_Ability_ShieldBreaker,34,26,18
2026-08-22T00:00:00.000Z,Seasonal_Diamond_Ability_ZeroGravitySet,3,2,1
2026-08-22T00:00:00.000Z,OnesMini_Gold_Style_Ryunosuke,1,1,1
2026-08-22T00:00:00.000Z,Twos_Gold_Style_Shinsuke,5,2,1
2026-08-22T00:00:00.000Z,Casual-Threes_Silver_Style_TimeskipToru3,1,0,0
2026-08-22T00:00:00.000Z,OnesMini_Diamond_Style_Kazana3,7,4,4
2026-08-22T00:00:00.000Z,Fours_Bronze_Style_Twin2_3,1,1,0
2026-08-22T00:00:00.000Z,Twos_Diamond_Style_Asahi,1,1,0
2026-08-22T00:00:00.000Z,Fours_Diamond_Style_Toru,1,1,0
2026-08-22T00:00:00.000Z,OnesMini_Diamond_Style_Twin1,2,0,0
2026-08-22T00:00:00.000Z,Fours_Bronze_Style_TimeskipToru,1,1,0
2026-08-22T00:00:00.000Z,Twos_Diamond_Style_Shoyo,1,1,0
2026-08-22T00:00:00.000Z,Casual-Ones_Silver_Style_TimeskipToru3,1,0,0
2026-08-22T00:00:00.000Z,OnesMini_Pro_Style_TimeskipShoyo4,1,0,0
2026-08-22T00:00:00.000Z,Twos_Legend_Style_Ohira,1,0,0
2026-08-22T00:00:00.000Z,Fours_Diamond_Style_TeamCaptain3,1,1,0
2026-08-22T00:00:00.000Z,OnesMini_Silver_Style_Tobio,1396,520,520
2026-08-22T00:00:00.000Z,OnesMini_Silver_Style_Ohira,264,90,90
2026-08-22T00:00:00.000Z,Duel_Silver_Style_Kijo2,152,82,82
2026-08-22T00:00:00.000Z,Ones_Silver_Ability_RollingThunder,1215,443,443
2026-08-22T00:00:00.000Z,Duel_Silver_Style_Rintaro,3905,2069,2069
2026-08-22T00:00:00.000Z,OnesMini_Silver_Style_Kijo,3130,2073,2073
2026-08-22T00:00:00.000Z,OnesMini_Silver_Style_Mikage3,228,126,126
2026-08-22T00:00:00.000Z,Casual-Ones_Silver_Ability_MagneticPull,2418,1259,1259
2026-08-22T00:00:00.000Z,Casual-Twos_Silver_Style_Mikage4,1852,881,554
2026-08-22T00:00:00.000Z,Ones_Silver_Style_Kazana2,437,240,240
2026-08-22T00:00:00.000Z,Seasonal_Silver_Ability_DivineStrength,2892,1079,448
2026-08-22T00:00:00.000Z,Twos_Silver_Style_TeamCaptain3,1996,990,537
2026-08-22T00:00:00.000Z,Casual-Twos_Silver_Style_Jester3,627,295,140
2026-08-22T00:00:00.000Z,Casual-Twos_Silver_Style_Samurai,461,249,137
2026-08-22T00:00:00.000Z,Ones_Silver_Style_Kumo,809,475,475
2026-08-22T00:00:00.000Z,Seasonal_Silver_Style_TimeskipShoyo3,2575,1501,873
2026-08-22T00:00:00.000Z,Twos_Gold_Ability_RedirectionJump,5585,2997,1567
2026-08-22T00:00:00.000Z,Seasonal_Silver_Style_Kijo2,2212,1140,695
2026-08-22T00:00:00.000Z,Seasonal_Bronze_Style_Kurai2,666,323,203
2026-08-22T00:00:00.000Z,Duel_Silver_Ability_SteelBlock,1344,615,615
2026-08-22T00:00:00.000Z,OnesMini_Gold_Ability_ShieldBreaker,1201,669,669
2026-08-22T00:00:00.000Z,Casual-Ones_Silver_Style_TimeskipShoyo2,127,75,75
2026-08-22T00:00:00.000Z,Twos_Silver_Style_Kurai2,4645,2536,1401
2026-08-22T00:00:00.000Z,Casual-Twos_Silver_Style_Daichi,75,11,4
2026-08-22T00:00:00.000Z,OnesMini_Gold_Style_Hidari3,173,78,78
2026-08-22T00:00:00.000Z,Threes_Silver_Style_TimeskipShoyo4,2631,1453,432
2026-08-22T00:00:00.000Z,Seasonal_Silver_Ability_TeamSpirit,564,186,68
2026-08-22T00:00:00.000Z,Ones_Bronze_Style_Encho2,211,136,136
2026-08-22T00:00:00.000Z,Casual-Twos_Silver_Style_Feiko2,181,85,47
2026-08-22T00:00:00.000Z,Duel_Silver_Style_Morisuke,177,68,68
2026-08-22T00:00:00.000Z,OnesMini_Bronze_Ability_ShieldBreaker,2036,1131,1131
2026-08-22T00:00:00.000Z,Duel_Silver_Style_Encho2,103,49,49
2026-08-22T00:00:00.000Z,Casual-Threes_Silver_Style_Kurai2,38,22,9
2026-08-22T00:00:00.000Z,OnesMini_Bronze_Style_Hidari3,1035,532,532
2026-08-22T00:00:00.000Z,Ones_Bronze_Style_Kimiro,562,169,169
2026-08-22T00:00:00.000Z,Ones_Bronze_Style_Morisuke,294,75,75
2026-08-22T00:00:00.000Z,Ones_Silver_Style_Hakka2,153,85,85
2026-08-22T00:00:00.000Z,Seasonal_Silver_Style_Twin2_4,470,261,131
2026-08-22T00:00:00.000Z,Twos_Silver_Style_Kazana,669,364,181
2026-08-22T00:00:00.000Z,Casual-Twos_Silver_Style_Hajime,49,23,9
2026-08-22T00:00:00.000Z,Threes_Silver_Style_TimeskipToru,100,56,27
2026-08-22T00:00:00.000Z,Threes_Silver_Style_Mikage,208,126,56
2026-08-22T00:00:00.000Z,OnesMini_Silver_Style_Twin2_2,156,101,101
2026-08-22T00:00:00.000Z,OnesMini_Bronze_Ability_CurveSpike,2337,1040,1040
2026-08-22T00:00:00.000Z,Ones_Bronze_Style_Riku,283,140,140
2026-08-22T00:00:00.000Z,Threes_Silver_Style_Daichi,228,63,8
2026-08-22T00:00:00.000Z,Twos_Gold_Style_Kazana3,1332,753,334
2026-08-22T00:00:00.000Z,Fours_Silver_Style_Jester3,68,26,7
2026-08-22T00:00:00.000Z,Duel_Silver_Style_Twin2_4,18,12,12
2026-08-22T00:00:00.000Z,Twos_Diamond_Style_Kazana3,344,195,80
2026-08-22T00:00:00.000Z,Ones_Gold_Style_TeamCaptain2,5,3,3
2026-08-22T00:00:00.000Z,Threes_Silver_Style_TimeskipShoyo,224,143,45
2026-08-22T00:00:00.000Z,Ones_Silver_Style_Yogan,91,45,45
2026-08-22T00:00:00.000Z,OnesMini_Silver_Style_TimeskipToru3,38,22,22
2026-08-22T00:00:00.000Z,Twos_Gold_Style_Ibara,102,59,32
2026-08-22T00:00:00.000Z,Ones_Silver_Style_Twin1_2,29,11,11
2026-08-22T00:00:00.000Z,Fours_Silver_Ability_SuperSprint,62,19,3
2026-08-22T00:00:00.000Z,Seasonal_Bronze_Style_TimeskipShoyo2,448,221,115
2026-08-22T00:00:00.000Z,Casual-Twos_Silver_Style_TimeskipToru,21,8,4
2026-08-22T00:00:00.000Z,Twos_Bronze_Ability_LeadFeet,6042,3185,1787
2026-08-22T00:00:00.000Z,OnesMini_Bronze_Style_TeamCaptain3,15,9,9
2026-08-22T00:00:00.000Z,OnesMini_Bronze_Style_Hakka2,23,13,13
2026-08-22T00:00:00.000Z,Ones_Gold_Ability_SteelBlock,129,84,84
2026-08-22T00:00:00.000Z,Fours_Silver_Style_Mikage2,76,48,14
2026-08-22T00:00:00.000Z,Fours_Silver_Ability_BoomJump,350,174,37
2026-08-22T00:00:00.000Z,Twos_Bronze_Ability_TeamSpirit,640,193,81
2026-08-22T00:00:00.000Z,Threes_Diamond_Style_TimeskipTobio,46,34,26
2026-08-22T00:00:00.000Z,Ones_Bronze_Style_Twin2_4,21,5,5
2026-08-22T00:00:00.000Z,Twos_Diamond_Style_Ibara,9,5,1
2026-08-22T00:00:00.000Z,Twos_Bronze_Style_Kijo2,792,385,225
2026-08-22T00:00:00.000Z,Threes_Gold_Style_Jester2,63,39,14
2026-08-22T00:00:00.000Z,Fours_Gold_Style_Rintaro,73,59,10
2026-08-22T00:00:00.000Z,Casual-Twos_Silver_Style_Mikage,31,21,9
2026-08-22T00:00:00.000Z,Twos_Bronze_Style_Hidari2,368,187,91
2026-08-22T00:00:00.000Z,Twos_Bronze_Style_Encho2,394,190,99
2026-08-22T00:00:00.000Z,Fours_Bronze_Style_Wakatoshi,53,9,0
2026-08-22T00:00:00.000Z,Fours_Bronze_Style_Taketora,9,3,0
2026-08-22T00:00:00.000Z,Ones_Gold_Style_Ibara,50,33,33
2026-08-22T00:00:00.000Z,Twos_Bronze_Style_Jester2,1279,572,264
2026-08-22T00:00:00.000Z,Fours_Silver_Style_Daichi,40,8,0
2026-08-22T00:00:00.000Z,Sixes_Silver_Style_Rintaro,100,55,5
2026-08-22T00:00:00.000Z,OnesMini_Bronze_Style_Yogan,15,9,9
2026-08-22T00:00:00.000Z,Fours_Silver_Style_Hakka2,19,9,5
2026-08-22T00:00:00.000Z,OnesMini_Bronze_Style_Kazana2,46,27,27
2026-08-22T00:00:00.000Z,Casual-Twos_Silver_Style_TimeskipShoyo,210,115,56
2026-08-22T00:00:00.000Z,Threes_Bronze_Style_TimeskipShoyo3,355,160,54
2026-08-22T00:00:00.000Z,Threes_Gold_Ability_DivineStrength,57,37,10
2026-08-22T00:00:00.000Z,Threes_Bronze_Ability_DivineStrength,582,183,31
2026-08-22T00:00:00.000Z,Fours_Bronze_Style_Rintaro,340,131,27
2026-08-22T00:00:00.000Z,Casual-Ones_Silver_Style_Feiko,24,13,13
2026-08-22T00:00:00.000Z,Twos_Pro_Style_Hidari3,63,38,21
2026-08-22T00:00:00.000Z,Twos_Gold_Style_TeamCaptain2,83,34,25
2026-08-22T00:00:00.000Z,Twos_Gold_Style_Lev,6,3,3
2026-08-22T00:00:00.000Z,Casual-Threes_Silver_Style_TeamCaptain3,17,12,6
2026-08-22T00:00:00.000Z,Fours_Silver_Style_Twin1_2,27,5,1
2026-08-22T00:00:00.000Z,Threes_Bronze_Style_TeamCaptain,70,35,11
2026-08-22T00:00:00.000Z,Twos_Pro_Style_Kazana2,35,17,10
2026-08-22T00:00:00.000Z,Fours_Bronze_Style_TeamCaptain4,19,9,2
2026-08-22T00:00:00.000Z,Casual-Threes_Silver_Style_TimeskipShoyo2,57,38,10
2026-08-22T00:00:00.000Z,OnesMini_Diamond_Style_Twin2,3,1,1
2026-08-22T00:00:00.000Z,Twos_Pro_Style_Kurai,48,24,13
2026-08-22T00:00:00.000Z,Threes_Gold_Style_Kijo2,57,37,10
2026-08-22T00:00:00.000Z,Twos_Pro_Style_TimeskipShoyo,49,31,17
2026-08-22T00:00:00.000Z,Fours_Silver_Style_TimeskipToru2,19,7,3
2026-08-22T00:00:00.000Z,Ones_Gold_Style_Kimiro,10,5,5
2026-08-22T00:00:00.000Z,Fours_Gold_Style_Encho2,11,10,4
2026-08-22T00:00:00.000Z,Twos_Diamond_Ability_ZeroGravitySet,15,9,3
2026-08-22T00:00:00.000Z,Fours_Silver_Style_Yogan,38,16,6
2026-08-22T00:00:00.000Z,Casual-Ones_Silver_Style_TeamCaptain3,14,8,8
2026-08-22T00:00:00.000Z,OnesMini_Diamond_Style_TimeskipShoyo2,49,26,26
2026-08-22T00:00:00.000Z,Threes_Diamond_Ability_SteelBlock,9,7,0
2026-08-22T00:00:00.000Z,Fours_Gold_Ability_SteelBlock,10,6,3
2026-08-22T00:00:00.000Z,Ones_Diamond_Style_Encho,33,19,19
2026-08-22T00:00:00.000Z,OnesMini_Diamond_Style_Kurai2,8,4,4
2026-08-22T00:00:00.000Z,Threes_Gold_Style_Twin2_4,8,5,2
2026-08-22T00:00:00.000Z,OnesMini_Gold_Style_Hirugami,7,4,4
2026-08-22T00:00:00.000Z,OnesMini_Gold_Style_Asahi,5,4,4
2026-08-22T00:00:00.000Z,Seasonal_Gold_Style_Twin2_3,6,4,2
2026-08-22T00:00:00.000Z,OnesMini_Gold_Style_Shinsuke,3,2,2
2026-08-22T00:00:00.000Z,Fours_Diamond_Style_Encho2,17,14,3
2026-08-22T00:00:00.000Z,Fours_Diamond_Style_Rintaro,24,17,5
2026-08-22T00:00:00.000Z,Threes_Gold_Style_Twin1_3,16,11,7
2026-08-22T00:00:00.000Z,Seasonal_Gold_Style_Kazana,47,33,11
2026-08-22T00:00:00.000Z,Threes_Gold_Style_Hidari2,25,12,4
2026-08-22T00:00:00.000Z,Twos_Diamond_Style_Kei,2,1,0
2026-08-22T00:00:00.000Z,Ones_Diamond_Style_Kijo,8,5,5
2026-08-22T00:00:00.000Z,Fours_Gold_Style_Riku,4,2,0
2026-08-22T00:00:00.000Z,Threes_Gold_Style_Morisuke,1,1,0
2026-08-22T00:00:00.000Z,Seasonal_Gold_Style_Asahi,6,6,2
2026-08-22T00:00:00.000Z,Threes_Pro_Style_TimeskipTobio3,11,9,7
2026-08-22T00:00:00.000Z,OnesMini_Diamond_Ability_FourthTouch,4,2,2
2026-08-22T00:00:00.000Z,Casual-Fours_Silver_Style_Roketto,1,0,0
2026-08-22T00:00:00.000Z,Ones_Diamond_Style_Jester,7,4,4
2026-08-22T00:00:00.000Z,OnesMini_Gold_Style_TimeskipShoyo,5,2,2
2026-08-22T00:00:00.000Z,Casual-Fours_Silver_Style_Twin1_2,1,1,0
2026-08-22T00:00:00.000Z,Threes_Pro_Style_Mikage2,1,0,0
2026-08-22T00:00:00.000Z,Sixes_Gold_Style_Kurai2,4,4,0
2026-08-22T00:00:00.000Z,Sixes_Gold_Ability_MagneticPull,8,8,3
2026-08-22T00:00:00.000Z,Casual-Ones_Silver_Style_Kazana,13,8,8
2026-08-22T00:00:00.000Z,Fours_Gold_Style_Morisuke,1,1,1
2026-08-22T00:00:00.000Z,Seasonal_Diamond_Style_Kumo,34,25,15
2026-08-22T00:00:00.000Z,Casual-Threes_Silver_Style_Kazana,4,2,0
2026-08-22T00:00:00.000Z,Seasonal_Diamond_Style_Twin2,7,6,2
2026-08-22T00:00:00.000Z,Sixes_Bronze_Style_Asahi,2,0,0
2026-08-22T00:00:00.000Z,Ones_Diamond_Style_Hidari,2,1,1
2026-08-22T00:00:00.000Z,Sixes_Diamond_Style_Feiko2,2,1,0
2026-08-22T00:00:00.000Z,Seasonal_Pro_Style_Rintaro,12,11,8
2026-08-22T00:00:00.000Z,Fours_Gold_Style_Kijo2,1,1,0
2026-08-22T00:00:00.000Z,Sixes_Diamond_Style_Mikage,1,0,0
2026-08-22T00:00:00.000Z,Sixes_Diamond_Style_TimeskipShoyo4,3,1,0
2026-08-22T00:00:00.000Z,Fours_Diamond_Style_Riku,2,2,1
2026-08-22T00:00:00.000Z,Threes_Pro_Style_Kurai2,1,1,0
2026-08-22T00:00:00.000Z,Seasonal_Diamond_Style_Yogan,15,9,8
2026-08-22T00:00:00.000Z,Threes_Pro_Ability_FourthTouch,10,8,1
2026-08-22T00:00:00.000Z,Threes_Diamond_Style_TeamCaptain2,2,0,0
2026-08-22T00:00:00.000Z,OnesMini_Gold_Style_Kazana2,5,2,2
2026-08-22T00:00:00.000Z,Seasonal_Diamond_Style_TimeskipToru2,4,4,0
2026-08-22T00:00:00.000Z,Seasonal_Pro_Style_Riku,4,3,3
2026-08-22T00:00:00.000Z,Seasonal_Pro_Style_Encho2,3,2,2
2026-08-22T00:00:00.000Z,Twos_Legend_Style_Kazana,1,0,0
2026-08-22T00:00:00.000Z,OnesMini_Silver_Style_TeamCaptain4,179,85,85
2026-08-22T00:00:00.000Z,Ones_Silver_Style_TimeskipShoyo2,915,565,565
2026-08-22T00:00:00.000Z,OnesMini_Silver_Style_Taketora,315,86,86
2026-08-22T00:00:00.000Z,OnesMini_Silver_Style_TimeskipShoyo3,577,390,390
2026-08-22T00:00:00.000Z,Twos_Silver_Style_Mikage4,17377,8835,5787
2026-08-22T00:00:00.000Z,Twos_Silver_Style_Yogan2,1989,966,452
2026-08-22T00:00:00.000Z,OnesMini_Gold_Style_Twin1_4,164,77,77
2026-08-22T00:00:00.000Z,OnesMini_Gold_Ability_BoomJump,163,86,86
2026-08-22T00:00:00.000Z,Duel_Silver_Ability_ZeroGravitySet,844,357,357
2026-08-22T00:00:00.000Z,Duel_Silver_Ability_RedirectionJump,930,458,458
2026-08-22T00:00:00.000Z,Casual-Ones_Silver_Style_Mikage4,717,390,390
2026-08-22T00:00:00.000Z,Casual-Twos_Silver_Style_Toru,221,54,23
2026-08-22T00:00:00.000Z,Casual-Twos_Silver_Style_Roketto,362,147,70
2026-08-22T00:00:00.000Z,Ones_Silver_Style_Hirugami,483,142,142
2026-08-22T00:00:00.000Z,Duel_Silver_Ability_DivineStrength,481,194,194
2026-08-22T00:00:00.000Z,Seasonal_Silver_Style_Ibara,674,403,170
2026-08-22T00:00:00.000Z,Threes_Silver_Style_TeamCaptain3,679,361,173
2026-08-22T00:00:00.000Z,Seasonal_Silver_Style_Taketora,313,82,26
2026-08-22T00:00:00.000Z,Ones_Gold_Style_Kijo,235,127,127
2026-08-22T00:00:00.000Z,Casual-Ones_Silver_Style_Yogan2,42,22,22
2026-08-22T00:00:00.000Z,Twos_Silver_Style_Twin2_3,299,145,95
2026-08-22T00:00:00.000Z,Seasonal_Silver_Style_Mikage3,483,271,129
2026-08-22T00:00:00.000Z,Ones_Silver_Style_Twin2,23,12,12
2026-08-22T00:00:00.000Z,Casual-Twos_Silver_Style_Asahi,119,35,17
2026-08-22T00:00:00.000Z,Seasonal_Silver_Style_TimeskipTobio2,282,144,67
2026-08-22T00:00:00.000Z,OnesMini_Bronze_Style_Shinsuke,53,14,14
2026-08-22T00:00:00.000Z,Casual-Ones_Silver_Style_Tadashi,8,4,4
2026-08-22T00:00:00.000Z,Twos_Gold_Style_Kijo2,1094,541,313
2026-08-22T00:00:00.000Z,Seasonal_Silver_Style_TeamCaptain,182,100,67
2026-08-22T00:00:00.000Z,Twos_Silver_Style_TimeskipToru2,1110,602,326
2026-08-22T00:00:00.000Z,Twos_Silver_Style_Yogan,462,241,131
2026-08-22T00:00:00.000Z,Ones_Silver_Style_TimeskipShoyo,60,28,28
2026-08-22T00:00:00.000Z,OnesMini_Bronze_Ability_SuperSprint,348,125,125
2026-08-22T00:00:00.000Z,Ones_Gold_Style_Encho2,178,101,101
2026-08-22T00:00:00.000Z,Twos_Diamond_Style_Encho2,159,93,55
2026-08-22T00:00:00.000Z,Duel_Silver_Style_Hidari2,60,37,37
2026-08-22T00:00:00.000Z,OnesMini_Gold_Style_Kumo,156,84,84
2026-08-22T00:00:00.000Z,OnesMini_Gold_Ability_FourthTouch,164,81,81
2026-08-22T00:00:00.000Z,Twos_Gold_Style_Riku,1035,608,380
2026-08-22T00:00:00.000Z,Seasonal_Silver_Style_TimeskipTobio,66,36,21
2026-08-22T00:00:00.000Z,Threes_Silver_Style_Tetsuro,251,66,5
2026-08-22T00:00:00.000Z,Twos_Gold_Style_Encho2,696,400,200
2026-08-22T00:00:00.000Z,Fours_Silver_Style_Hidari3,271,126,28
2026-08-22T00:00:00.000Z,Seasonal_Bronze_Style_Jester3,599,250,130
2026-08-22T00:00:00.000Z,Duel_Silver_Style_Hidari,44,23,23
2026-08-22T00:00:00.000Z,Threes_Silver_Style_Kumo,637,329,152
2026-08-22T00:00:00.000Z,OnesMini_Gold_Style_Yu,5,3,3
2026-08-22T00:00:00.000Z,Ones_Gold_Ability_DivineStrength,51,29,29
2026-08-22T00:00:00.000Z,Ones_Bronze_Ability_RedirectionJump,1546,726,726
2026-08-22T00:00:00.000Z,Threes_Bronze_Style_Rintaro,3444,1351,330
2026-08-22T00:00:00.000Z,Threes_Gold_Style_Mikage3,67,34,13
2026-08-22T00:00:00.000Z,Ones_Bronze_Style_Kazana3,205,107,107
2026-08-22T00:00:00.000Z,Twos_Gold_Style_TimeskipTobio2,105,61,33
2026-08-22T00:00:00.000Z,Twos_Diamond_Style_Kijo,262,137,71
2026-08-22T00:00:00.000Z,Ones_Bronze_Ability_DivineStrength,874,368,368
2026-08-22T00:00:00.000Z,Seasonal_Bronze_Style_Yogan,69,31,10
2026-08-22T00:00:00.000Z,Fours_Silver_Style_Asahi,54,10,0
2026-08-22T00:00:00.000Z,OnesMini_Gold_Style_Roketto,88,45,45
2026-08-22T00:00:00.000Z,OnesMini_Bronze_Style_TimeskipShoyo2,78,45,45
2026-08-22T00:00:00.000Z,Threes_Silver_Style_Hakka2,217,118,76
2026-08-22T00:00:00.000Z,OnesMini_Diamond_Style_Yogan2,13,8,8
2026-08-22T00:00:00.000Z,Seasonal_Bronze_Style_Yogan2,368,160,89
2026-08-22T00:00:00.000Z,OnesMini_Gold_Style_Twin2,20,14,14
2026-08-22T00:00:00.000Z,Casual-Ones_Silver_Ability_RollingThunder,137,50,50
2026-08-22T00:00:00.000Z,Twos_Bronze_Style_TeamCaptain2,331,144,69
2026-08-22T00:00:00.000Z,Fours_Gold_Ability_RedirectionJump,43,37,4
2026-08-22T00:00:00.000Z,Duel_Silver_Style_Ibara,38,24,24
2026-08-22T00:00:00.000Z,Fours_Silver_Style_Kazana,24,11,2
2026-08-22T00:00:00.000Z,Threes_Bronze_Style_Twin1_3,47,15,7
2026-08-22T00:00:00.000Z,Threes_Bronze_Ability_LeadFeet,1214,587,242
2026-08-22T00:00:00.000Z,Ones_Silver_Style_Mikage2,118,81,81
2026-08-22T00:00:00.000Z,Ones_Gold_Style_Kijo2,105,54,54
2026-08-22T00:00:00.000Z,Duel_Silver_Style_TeamCaptain,12,6,6
2026-08-22T00:00:00.000Z,Threes_Gold_Style_Ibara,42,31,9
2026-08-22T00:00:00.000Z,OnesMini_Bronze_Style_Hajime,103,38,38
2026-08-22T00:00:00.000Z,Fours_Silver_Style_TeamCaptain3,68,34,16
2026-08-22T00:00:00.000Z,Ones_Gold_Ability_TeamSpirit,9,3,3
2026-08-22T00:00:00.000Z,Ones_Bronze_Style_TeamCaptain,9,5,5
2026-08-22T00:00:00.000Z,Twos_Bronze_Style_TeamCaptain,160,91,45
2026-08-22T00:00:00.000Z,Fours_Bronze_Style_Ryunosuke,2,0,0
2026-08-22T00:00:00.000Z,OnesMini_Gold_Style_Tetsuro,5,3,3
2026-08-22T00:00:00.000Z,Twos_Diamond_Ability_SteelBlock,71,39,26
2026-08-22T00:00:00.000Z,Fours_Silver_Style_Kazana2,61,33,8
2026-08-22T00:00:00.000Z,Threes_Bronze_Style_Morisuke,131,36,6
2026-08-22T00:00:00.000Z,Fours_Diamond_Ability_DivineStrength,6,4,0
2026-08-22T00:00:00.000Z,Fours_Diamond_Style_Hidari,1,1,0
2026-08-22T00:00:00.000Z,Threes_Diamond_Ability_RedirectionJump,52,35,9
2026-08-22T00:00:00.000Z,Threes_Bronze_Ability_TeamSpirit,121,32,7
2026-08-22T00:00:00.000Z,Twos_Pro_Ability_BoomJump,127,59,31
2026-08-22T00:00:00.000Z,Fours_Bronze_Style_TimeskipShoyo3,37,21,7
2026-08-22T00:00:00.000Z,Twos_Diamond_Style_TimeskipTobio,7,3,2
2026-08-22T00:00:00.000Z,OnesMini_Diamond_Ability_MagneticPull,126,69,69
2026-08-22T00:00:00.000Z,Sixes_Silver_Ability_RedirectionJump,41,18,0
2026-08-22T00:00:00.000Z,Fours_Bronze_Ability_Moonball,49,13,0
2026-08-22T00:00:00.000Z,Fours_Bronze_Style_Morisuke,12,2,0
2026-08-22T00:00:00.000Z,OnesMini_Bronze_Style_Twin2,13,5,5
2026-08-22T00:00:00.000Z,Twos_Gold_Style_Tobio,30,15,12
2026-08-22T00:00:00.000Z,Sixes_Silver_Style_Ibara,7,4,0
2026-08-22T00:00:00.000Z,Seasonal_Gold_Style_Kurai2,391,245,134
2026-08-22T00:00:00.000Z,Seasonal_Gold_Style_TimeskipToru2,77,53,27
2026-08-22T00:00:00.000Z,Seasonal_Gold_Ability_FourthTouch,663,427,215
2026-08-22T00:00:00.000Z,Fours_Bronze_Style_Riku,36,11,1
2026-08-22T00:00:00.000Z,Seasonal_Gold_Style_Mikage4,537,324,152
2026-08-22T00:00:00.000Z,OnesMini_Bronze_Style_TimeskipShoyo,5,3,3
2026-08-22T00:00:00.000Z,Sixes_Silver_Style_Hidari,2,0,0
2026-08-22T00:00:00.000Z,Threes_Pro_Ability_ShieldBreaker,95,68,26
2026-08-22T00:00:00.000Z,Threes_Diamond_Style_Encho2,17,12,0
2026-08-22T00:00:00.000Z,Twos_Pro_Style_Mikage,2,1,0
2026-08-22T00:00:00.000Z,OnesMini_Gold_Style_Shoyo,1,0,0
2026-08-22T00:00:00.000Z,Casual-Threes_Silver_Style_Toru,20,6,1
2026-08-22T00:00:00.000Z,Seasonal_Gold_Style_Yu,3,1,1
2026-08-22T00:00:00.000Z,Twos_Pro_Ability_FourthTouch,8,5,3
2026-08-22T00:00:00.000Z,Seasonal_Gold_Style_TimeskipToru,14,8,4
2026-08-22T00:00:00.000Z,OnesMini_Gold_Style_Mikage2,19,9,9
2026-08-22T00:00:00.000Z,Casual-Ones_Silver_Style_Yogan,5,2,2
2026-08-22T00:00:00.000Z,Casual-Threes_Silver_Style_Jester3,13,9,2
2026-08-22T00:00:00.000Z,Threes_Gold_Style_TeamCaptain2,48,25,12
2026-08-22T00:00:00.000Z,Fours_Diamond_Ability_RedirectionJump,34,27,3
2026-08-22T00:00:00.000Z,Fours_Gold_Style_Hidari2,6,4,0
2026-08-22T00:00:00.000Z,Sixes_Bronze_Style_TimeskipTobio3,1,0,0
2026-08-22T00:00:00.000Z,Threes_Gold_Style_Kimiro,28,19,9
2026-08-22T00:00:00.000Z,Threes_Diamond_Style_Kijo2,2,1,0
2026-08-22T00:00:00.000Z,Twos_Pro_Style_Tetsuro,1,0,0
2026-08-22T00:00:00.000Z,Duel_Silver_Style_TeamCaptain2,7,5,5
2026-08-22T00:00:00.000Z,OnesMini_Gold_Style_Mikage,3,0,0
2026-08-22T00:00:00.000Z,OnesMini_Gold_Style_Hajime,3,0,0
2026-08-22T00:00:00.000Z,Threes_Diamond_Style_Kijo,10,8,2
2026-08-22T00:00:00.000Z,Seasonal_Diamond_Style_Hidari3,60,40,27
2026-08-22T00:00:00.000Z,Seasonal_Diamond_Ability_MagneticPull,44,27,14
2026-08-22T00:00:00.000Z,OnesMini_Diamond_Style_Twin2_3,2,2,2
2026-08-22T00:00:00.000Z,Seasonal_Gold_Style_Shoyo,4,4,3
2026-08-22T00:00:00.000Z,Casual-Ones_Silver_Style_Twin1_2,4,2,2
2026-08-22T00:00:00.000Z,Seasonal_Gold_Style_Feiko2,11,5,3
2026-08-22T00:00:00.000Z,Sixes_Gold_Style_Mikage4,3,3,2
2026-08-22T00:00:00.000Z,Sixes_Gold_Style_Yogan2,3,3,0
2026-08-22T00:00:00.000Z,OnesMini_Gold_Style_Hakka2,3,2,2
2026-08-22T00:00:00.000Z,OnesMini_Diamond_Style_Hidari3,16,14,14
2026-08-22T00:00:00.000Z,Twos_Pro_Style_Kumo,2,1,0
2026-08-22T00:00:00.000Z,Sixes_Diamond_Style_Kumo,2,1,0
2026-08-22T00:00:00.000Z,Sixes_Bronze_Ability_BoomJump,11,0,0
2026-08-22T00:00:00.000Z,Sixes_Bronze_Style_Feiko2,3,0,0
2026-08-22T00:00:00.000Z,Fours_Bronze_Style_Twin2_2,3,0,0
2026-08-22T00:00:00.000Z,Seasonal_Diamond_Style_Kazana,10,6,4
2026-08-22T00:00:00.000Z,Fours_Bronze_Style_Twin1_3,4,2,0
2026-08-22T00:00:00.000Z,OnesMini_Diamond_Ability_CurveSpike,35,18,18
2026-08-22T00:00:00.000Z,Threes_Diamond_Ability_ZeroGravitySet,1,1,0
2026-08-22T00:00:00.000Z,Threes_Pro_Style_Yogan2,1,1,1
2026-08-22T00:00:00.000Z,Sixes_Silver_Style_TeamCaptain2,7,3,1
2026-08-22T00:00:00.000Z,Seasonal_Diamond_Style_Kazana2,5,5,4
2026-08-22T00:00:00.000Z,Threes_Gold_Style_Taketora,1,1,1
2026-08-22T00:00:00.000Z,Casual-Fours_Silver_Ability_SuperSprint,1,0,0
2026-08-22T00:00:00.000Z,Twos_Pro_Style_Hakka,1,0,0
2026-08-22T00:00:00.000Z,Twos_Pro_Style_Hajime,2,0,0
2026-08-22T00:00:00.000Z,Sixes_Bronze_Style_Kenma,1,0,0
2026-08-22T00:00:00.000Z,Sixes_Bronze_Style_Feiko,1,0,0
2026-08-22T00:00:00.000Z,Ones_Silver_Ability_MagneticPull,21487,11700,11700
2026-08-22T00:00:00.000Z,OnesMini_Silver_Style_Twin1_3,326,192,192
2026-08-22T00:00:00.000Z,Twos_Silver_Style_Asahi,1203,351,125
2026-08-22T00:00:00.000Z,Duel_Silver_Ability_LeadFeet,1585,899,899
2026-08-22T00:00:00.000Z,Ones_Silver_Style_Kotaru,2690,948,948
2026-08-22T00:00:00.000Z,OnesMini_Gold_Ability_MagneticPull,1578,793,793
2026-08-22T00:00:00.000Z,Casual-Twos_Silver_Style_Hirugami,154,45,23
2026-08-22T00:00:00.000Z,Threes_Silver_Style_Kurai2,1389,758,289
2026-08-22T00:00:00.000Z,Threes_Silver_Ability_SuperSprint,555,181,51
2026-08-22T00:00:00.000Z,Ones_Silver_Style_Asahi,486,135,135
2026-08-22T00:00:00.000Z,Twos_Silver_Style_Kotaru,5532,1885,763
2026-08-22T00:00:00.000Z,Twos_Gold_Style_Jester2,999,533,261
2026-08-22T00:00:00.000Z,Twos_Silver_Style_TimeskipShoyo4,16387,8804,4765
2026-08-22T00:00:00.000Z,OnesMini_Silver_Style_Kijo2,1653,1052,1052
2026-08-22T00:00:00.000Z,Seasonal_Silver_Ability_ZeroGravitySet,3591,1159,379
2026-08-22T00:00:00.000Z,Seasonal_Silver_Style_Encho,2356,1455,897
2026-08-22T00:00:00.000Z,Seasonal_Silver_Ability_Moonball,2439,811,281
2026-08-22T00:00:00.000Z,OnesMini_Silver_Style_Riku,661,331,331
2026-08-22T00:00:00.000Z,Duel_Silver_Ability_TeamSpirit,193,62,62
2026-08-22T00:00:00.000Z,Duel_Silver_Style_Ohira,106,35,35
2026-08-22T00:00:00.000Z,Casual-Twos_Silver_Ability_SuperSprint,245,87,40
2026-08-22T00:00:00.000Z,Ones_Silver_Style_Kazana,74,44,44
2026-08-22T00:00:00.000Z,Duel_Silver_Style_Kijo,366,199,199
2026-08-22T00:00:00.000Z,Twos_Gold_Style_Twin1,247,146,100
2026-08-22T00:00:00.000Z,Twos_Gold_Style_TimeskipShoyo3,4500,2441,1224
2026-08-22T00:00:00.000Z,Ones_Silver_Style_Koshi,119,22,22
2026-08-22T00:00:00.000Z,Casual-Twos_Silver_Ability_FourthTouch,2135,900,400
2026-08-22T00:00:00.000Z,Casual-Twos_Silver_Style_Feiko,343,191,87
2026-08-22T00:00:00.000Z,Seasonal_Silver_Style_Riku,2660,1496,762
2026-08-22T00:00:00.000Z,Casual-Threes_Silver_Style_Hidari3,91,44,21
2026-08-22T00:00:00.000Z,Casual-Threes_Silver_Style_Kurai,49,34,11
2026-08-22T00:00:00.000Z,Casual-Twos_Silver_Style_TimeskipShoyo2,2021,1202,588
2026-08-22T00:00:00.000Z,Threes_Silver_Style_Feiko,1216,630,303
2026-08-22T00:00:00.000Z,Seasonal_Silver_Style_Ohira,251,69,30
2026-08-22T00:00:00.000Z,Seasonal_Silver_Style_Twin1,375,216,113
2026-08-22T00:00:00.000Z,Twos_Silver_Style_Hirugami,1445,489,227
2026-08-22T00:00:00.000Z,Seasonal_Silver_Style_Hidari,799,475,267
2026-08-22T00:00:00.000Z,Casual-Twos_Silver_Style_Yu,49,16,8
2026-08-22T00:00:00.000Z,Seasonal_Silver_Style_Ryunosuke,118,27,5
2026-08-22T00:00:00.000Z,Casual-Ones_Silver_Style_Asahi,72,17,17
2026-08-22T00:00:00.000Z,Ones_Bronze_Ability_TeamSpirit,189,43,43
2026-08-22T00:00:00.000Z,Ones_Bronze_Style_Ohira,97,33,33
2026-08-22T00:00:00.000Z,Threes_Silver_Ability_FourthTouch,5847,2912,1038
2026-08-22T00:00:00.000Z,Twos_Gold_Style_Hidari,504,283,142
2026-08-22T00:00:00.000Z,Threes_Silver_Style_TimeskipTobio3,902,534,289
2026-08-22T00:00:00.000Z,Threes_Silver_Style_Yu,172,53,9
2026-08-22T00:00:00.000Z,Ones_Bronze_Style_Wakatoshi,1087,396,396
2026-08-22T00:00:00.000Z,Ones_Gold_Style_Mikage3,4,2,2
2026-08-22T00:00:00.000Z,OnesMini_Bronze_Style_Koshi,47,13,13
2026-08-22T00:00:00.000Z,OnesMini_Bronze_Ability_MagneticPull,3131,1735,1735
2026-08-22T00:00:00.000Z,OnesMini_Bronze_Style_Twin1_4,152,93,93
2026-08-22T00:00:00.000Z,Seasonal_Bronze_Style_Kurai,828,391,221
2026-08-22T00:00:00.000Z,Threes_Silver_Style_Shinsuke,61,15,0
2026-08-22T00:00:00.000Z,Twos_Silver_Style_TimeskipShoyo,626,375,212
2026-08-22T00:00:00.000Z,Fours_Silver_Ability_CurveSpike,466,179,44
2026-08-22T00:00:00.000Z,Casual-Twos_Silver_Style_Twin2,35,20,13
2026-08-22T00:00:00.000Z,Threes_Gold_Ability_RedirectionJump,448,283,94
2026-08-22T00:00:00.000Z,Seasonal_Bronze_Style_Hirugami,356,111,38
2026-08-22T00:00:00.000Z,Threes_Silver_Style_Mikage2,296,191,80
2026-08-22T00:00:00.000Z,Threes_Silver_Style_Twin2,90,51,13
2026-08-22T00:00:00.000Z,Seasonal_Bronze_Style_Asahi,249,70,27
2026-08-22T00:00:00.000Z,Casual-Ones_Silver_Style_Kotaru,329,118,118
2026-08-22T00:00:00.000Z,Twos_Bronze_Ability_RedirectionJump,5872,2528,1218
2026-08-22T00:00:00.000Z,Twos_Bronze_Ability_Moonball,2228,634,243
2026-08-22T00:00:00.000Z,Twos_Diamond_Ability_DivineStrength,98,57,26
2026-08-22T00:00:00.000Z,Ones_Silver_Style_Tadashi,76,13,13
2026-08-22T00:00:00.000Z,Twos_Gold_Ability_DivineStrength,382,221,135
2026-08-22T00:00:00.000Z,Twos_Bronze_Style_Ohira,222,53,17
2026-08-22T00:00:00.000Z,Ones_Bronze_Style_Encho,178,110,110
2026-08-22T00:00:00.000Z,Casual-Twos_Silver_Style_TimeskipToru2,81,35,24
2026-08-22T00:00:00.000Z,Seasonal_Bronze_Style_Feiko2,230,102,57
2026-08-22T00:00:00.000Z,Fours_Silver_Ability_FourthTouch,729,343,110
2026-08-22T00:00:00.000Z,Twos_Pro_Style_TimeskipShoyo2,409,213,100
2026-08-22T00:00:00.000Z,Casual-Threes_Silver_Style_Asahi,12,4,0
2026-08-22T00:00:00.000Z,Threes_Gold_Style_Twin1,18,9,2
2026-08-22T00:00:00.000Z,Threes_Gold_Style_Kijo,228,124,45
2026-08-22T00:00:00.000Z,Fours_Silver_Style_Samurai,113,62,13
2026-08-22T00:00:00.000Z,Twos_Bronze_Style_Jester,745,327,143
2026-08-22T00:00:00.000Z,Twos_Diamond_Style_Jester2,177,116,56
2026-08-22T00:00:00.000Z,Fours_Silver_Ability_RollingThunder,123,43,15
2026-08-22T00:00:00.000Z,Fours_Silver_Style_Hajime,18,4,3
2026-08-22T00:00:00.000Z,Threes_Bronze_Ability_RedirectionJump,871,326,117
2026-08-22T00:00:00.000Z,Ones_Silver_Style_Twin2_3,33,13,13
2026-08-22T00:00:00.000Z,Twos_Bronze_Style_Twin1,189,96,57
2026-08-22T00:00:00.000Z,Threes_Bronze_Ability_ZeroGravitySet,803,219,54
2026-08-22T00:00:00.000Z,Twos_Diamond_Style_Hidari,79,53,33
2026-08-22T00:00:00.000Z,Fours_Gold_Ability_LeadFeet,185,146,50
2026-08-22T00:00:00.000Z,Threes_Gold_Style_Encho,138,84,26
2026-08-22T00:00:00.000Z,Ones_Gold_Style_Wakatoshi,18,10,10
2026-08-22T00:00:00.000Z,Twos_Bronze_Style_Riku,720,297,134
2026-08-22T00:00:00.000Z,Twos_Bronze_Style_Encho,564,269,148
2026-08-22T00:00:00.000Z,Twos_Bronze_Style_Twin2_2,129,60,28
2026-08-22T00:00:00.000Z,Threes_Bronze_Style_TeamCaptain2,131,50,22
2026-08-22T00:00:00.000Z,Threes_Bronze_Style_Kei,68,17,4
2026-08-22T00:00:00.000Z,Casual-Threes_Silver_Style_Hirugami,17,8,0
2026-08-22T00:00:00.000Z,OnesMini_Gold_Style_TimeskipShoyo2,102,55,55
2026-08-22T00:00:00.000Z,Threes_Bronze_Style_Kazana3,197,89,35
2026-08-22T00:00:00.000Z,Fours_Silver_Style_Tetsuro,43,7,0
2026-08-22T00:00:00.000Z,Fours_Silver_Style_Shoyo,13,1,1
2026-08-22T00:00:00.000Z,Ones_Diamond_Ability_LeadFeet,179,118,118
2026-08-22T00:00:00.000Z,Casual-Twos_Silver_Style_TimeskipTobio3,142,68,28
2026-08-22T00:00:00.000Z,Duel_Silver_Style_Mikage3,24,16,16
2026-08-22T00:00:00.000Z,Seasonal_Bronze_Style_TimeskipTobio3,78,34,12
2026-08-22T00:00:00.000Z,Twos_Gold_Style_TeamCaptain,43,19,8
2026-08-22T00:00:00.000Z,Threes_Gold_Style_Jester,82,56,30
2026-08-22T00:00:00.000Z,Duel_Silver_Style_TimeskipTobio,4,3,3
2026-08-22T00:00:00.000Z,Twos_Bronze_Style_Ryunosuke,132,24,8
2026-08-22T00:00:00.000Z,Threes_Bronze_Style_Hidari2,56,19,6
2026-08-22T00:00:00.000Z,Seasonal_Bronze_Style_Kenma,141,25,6
2026-08-22T00:00:00.000Z,Casual-Threes_Silver_Style_TimeskipTobio3,37,25,13
2026-08-22T00:00:00.000Z,OnesMini_Gold_Style_Kazana,4,1,1
2026-08-22T00:00:00.000Z,Casual-Threes_Silver_Style_Kotaru,74,31,7
2026-08-22T00:00:00.000Z,OnesMini_Diamond_Style_Samurai,7,4,4
2026-08-22T00:00:00.000Z,Twos_Pro_Style_Kazana,26,22,14
2026-08-22T00:00:00.000Z,Seasonal_Bronze_Style_TimeskipShoyo,39,21,12
2026-08-22T00:00:00.000Z,Casual-Twos_Silver_Style_Shoyo,25,4,0
2026-08-22T00:00:00.000Z,OnesMini_Silver_Style_TimeskipTobio2,17,6,6
2026-08-22T00:00:00.000Z,Threes_Bronze_Style_Taketora,63,11,3
2026-08-22T00:00:00.000Z,Casual-Ones_Silver_Style_Feiko2,18,10,10
2026-08-22T00:00:00.000Z,Seasonal_Gold_Style_Twin1_2,36,20,9
2026-08-22T00:00:00.000Z,Seasonal_Bronze_Style_Shinsuke,30,7,2
2026-08-22T00:00:00.000Z,Fours_Diamond_Ability_LeadFeet,48,39,11
2026-08-22T00:00:00.000Z,Sixes_Silver_Style_Wakatoshi,12,0,0
2026-08-22T00:00:00.000Z,Fours_Bronze_Style_TimeskipTobio,16,8,3
2026-08-22T00:00:00.000Z,Seasonal_Gold_Style_Toru,9,6,3
2026-08-22T00:00:00.000Z,Threes_Bronze_Style_Ryunosuke,11,3,1
2026-08-22T00:00:00.000Z,Threes_Diamond_Style_Rintaro,64,44,12
2026-08-22T00:00:00.000Z,OnesMini_Diamond_Style_Mikage4,59,32,32
2026-08-22T00:00:00.000Z,Seasonal_Gold_Style_Kazana2,68,37,15
2026-08-22T00:00:00.000Z,OnesMini_Gold_Style_TeamCaptain3,16,9,9
2026-08-22T00:00:00.000Z,Seasonal_Gold_Style_Yogan,33,20,14
2026-08-22T00:00:00.000Z,Casual-Threes_Silver_Style_Kenma,6,2,1
2026-08-22T00:00:00.000Z,Fours_Gold_Style_Encho,4,1,0
2026-08-22T00:00:00.000Z,Casual-Threes_Silver_Style_Kazana2,11,5,4
2026-08-22T00:00:00.000Z,Casual-Threes_Silver_Style_Shinsuke,1,0,0
2026-08-22T00:00:00.000Z,Fours_Bronze_Style_Ibara,11,6,2
2026-08-22T00:00:00.000Z,Casual-Ones_Silver_Style_Koshi,13,3,3
2026-08-22T00:00:00.000Z,Threes_Pro_Style_Jester3,4,1,0
2026-08-22T00:00:00.000Z,Sixes_Silver_Style_TimeskipTobio,2,1,0
2026-08-22T00:00:00.000Z,OnesMini_Gold_Style_Feiko,4,2,2
2026-08-22T00:00:00.000Z,Threes_Gold_Ability_Moonball,11,7,3
2026-08-22T00:00:00.000Z,OnesMini_Diamond_Style_Kurai,36,26,26
2026-08-22T00:00:00.000Z,Seasonal_Diamond_Ability_CurveSpike,4,2,1
2026-08-22T00:00:00.000Z,Threes_Pro_Style_TimeskipShoyo4,4,4,0
2026-08-22T00:00:00.000Z,Twos_Legend_Style_TimeskipShoyo4,18,14,8
2026-08-22T00:00:00.000Z,Ones_Diamond_Style_TimeskipShoyo3,4,4,4
2026-08-22T00:00:00.000Z,Fours_Diamond_Style_Encho,2,1,0
2026-08-22T00:00:00.000Z,Casual-Fours_Silver_Style_Hakka,1,1,0
2026-08-22T00:00:00.000Z,Twos_Diamond_Style_TeamCaptain4,16,10,5
2026-08-22T00:00:00.000Z,Sixes_Gold_Style_Feiko2,4,4,1
2026-08-22T00:00:00.000Z,Seasonal_Diamond_Style_Samurai,2,2,0
2026-08-22T00:00:00.000Z,Sixes_Silver_Style_Twin2_2,1,1,0
2026-08-22T00:00:00.000Z,Seasonal_Diamond_Style_Mikage4,5,3,3
2026-08-22T00:00:00.000Z,Duel_Silver_Style_TimeskipToru3,7,3,3
2026-08-22T00:00:00.000Z,Sixes_Gold_Style_TimeskipShoyo4,2,2,0
2026-08-22T00:00:00.000Z,Sixes_Bronze_Style_Kumo,1,1,0
2026-08-22T00:00:00.000Z,Twos_Legend_Style_Hidari3,4,4,2
2026-08-22T00:00:00.000Z,Ones_Gold_Style_TeamCaptain,1,1,1
2026-08-22T00:00:00.000Z,Fours_Gold_Style_Kijo,8,5,0
2026-08-22T00:00:00.000Z,Sixes_Diamond_Style_Mikage2,1,1,0
2026-08-22T00:00:00.000Z,Seasonal_Diamond_Style_Twin1_4,3,2,1
2026-08-22T00:00:00.000Z,Sixes_Bronze_Ability_RollingThunder,3,0,0
2026-08-22T00:00:00.000Z,Threes_Pro_Style_Kurai,2,1,0
2026-08-22T00:00:00.000Z,Fours_Pro_Style_Yogan2,1,1,1
2026-08-22T00:00:00.000Z,Sixes_Silver_Style_Ohira,1,0,0
2026-08-22T00:00:00.000Z,Threes_Gold_Style_Ryunosuke,1,1,1
2026-08-22T00:00:00.000Z,Ones_Diamond_Ability_DivineStrength,1,1,1
2026-08-22T00:00:00.000Z,OnesMini_Silver_Ability_ZeroGravitySet,3035,996,996
2026-08-22T00:00:00.000Z,Ones_Silver_Ability_FourthTouch,4978,2439,2439
2026-08-22T00:00:00.000Z,Twos_Silver_Ability_BoomJump,10951,4909,2452
2026-08-22T00:00:00.000Z,Twos_Silver_Style_Roketto,5488,2436,1181
2026-08-22T00:00:00.000Z,Twos_Silver_Ability_FourthTouch,19459,9463,4636
2026-08-22T00:00:00.000Z,OnesMini_Silver_Style_Kazana3,459,229,229
2026-08-22T00:00:00.000Z,Duel_Silver_Style_Taketora,110,38,38
2026-08-22T00:00:00.000Z,Ones_Silver_Style_Kenma,186,39,39
2026-08-22T00:00:00.000Z,Casual-Twos_Silver_Ability_ShieldBreaker,10460,5655,2798
2026-08-22T00:00:00.000Z,Casual-Twos_Silver_Ability_MagneticPull,12199,6049,3042
2026-08-22T00:00:00.000Z,Threes_Silver_Ability_MagneticPull,14176,7461,2670
2026-08-22T00:00:00.000Z,Twos_Gold_Ability_LeadFeet,17956,9702,5149
2026-08-22T00:00:00.000Z,Casual-Ones_Silver_Ability_CurveSpike,914,371,371
2026-08-22T00:00:00.000Z,Ones_Silver_Style_Kurai2,1294,783,783
2026-08-22T00:00:00.000Z,Seasonal_Silver_Style_Rintaro,29301,14177,6913
2026-08-22T00:00:00.000Z,OnesMini_Silver_Style_Hidari,155,77,77
2026-08-22T00:00:00.000Z,Seasonal_Silver_Style_Wakatoshi,1786,532,155
2026-08-22T00:00:00.000Z,Casual-Ones_Silver_Style_Roketto,172,72,72
2026-08-22T00:00:00.000Z,Casual-Ones_Silver_Style_Kumo,24,15,15
2026-08-22T00:00:00.000Z,Duel_Silver_Style_Lev,96,39,39
2026-08-22T00:00:00.000Z,Duel_Silver_Style_Kei,117,54,54
2026-08-22T00:00:00.000Z,Threes_Silver_Ability_ShieldBreaker,12686,6915,2472
2026-08-22T00:00:00.000Z,Twos_Silver_Style_Hakka2,751,368,255
2026-08-22T00:00:00.000Z,Casual-Twos_Silver_Style_Kotaru,528,139,50
2026-08-22T00:00:00.000Z,Ones_Silver_Style_Daichi,290,63,63
2026-08-22T00:00:00.000Z,Casual-Twos_Silver_Style_Kazana,70,38,21
2026-08-22T00:00:00.000Z,Seasonal_Silver_Style_TeamCaptain4,754,344,182
2026-08-22T00:00:00.000Z,Ones_Gold_Style_Kazana3,135,70,70
2026-08-22T00:00:00.000Z,Casual-Twos_Silver_Style_Hidari3,1918,918,461
2026-08-22T00:00:00.000Z,Ones_Silver_Style_Feiko,284,135,135
2026-08-22T00:00:00.000Z,OnesMini_Bronze_Ability_FourthTouch,1023,509,509
2026-08-22T00:00:00.000Z,Twos_Diamond_Style_Rintaro,4141,2345,1210
2026-08-22T00:00:00.000Z,Casual-Ones_Silver_Style_Yu,32,11,11
2026-08-22T00:00:00.000Z,Twos_Silver_Style_Kumo,1851,950,577
2026-08-22T00:00:00.000Z,Twos_Silver_Style_Twin1_4,1992,985,549
2026-08-22T00:00:00.000Z,Casual-Twos_Silver_Style_Yogan2,163,68,31
2026-08-22T00:00:00.000Z,Twos_Silver_Style_Twin2,421,241,158
2026-08-22T00:00:00.000Z,Casual-Ones_Silver_Style_Hakka2,13,4,4
2026-08-22T00:00:00.000Z,Twos_Silver_Ability_SuperSprint,2212,758,346
2026-08-22T00:00:00.000Z,Twos_Silver_Style_Mikage,385,225,130
2026-08-22T00:00:00.000Z,Twos_Gold_Ability_TeamSpirit,62,32,14
2026-08-22T00:00:00.000Z,Casual-Twos_Silver_Style_Twin1_2,61,34,19
2026-08-22T00:00:00.000Z,Seasonal_Bronze_Ability_CurveSpike,4365,1613,753
2026-08-22T00:00:00.000Z,OnesMini_Bronze_Style_Kenma,128,39,39
2026-08-22T00:00:00.000Z,Fours_Silver_Style_TimeskipShoyo4,314,198,27
2026-08-22T00:00:00.000Z,OnesMini_Bronze_Style_Mikage4,2013,1117,1117
2026-08-22T00:00:00.000Z,Twos_Silver_Style_Hakka,1329,638,457
2026-08-22T00:00:00.000Z,Threes_Silver_Style_Kotaru,1315,442,75
2026-08-22T00:00:00.000Z,Threes_Silver_Style_Twin1_2,256,141,64
2026-08-22T00:00:00.000Z,OnesMini_Diamond_Style_Twin1_4,8,7,7
2026-08-22T00:00:00.000Z,OnesMini_Bronze_Style_Daichi,169,53,53
2026-08-22T00:00:00.000Z,OnesMini_Bronze_Style_Samurai,170,97,97
2026-08-22T00:00:00.000Z,Twos_Gold_Style_Ohira,30,20,13
2026-08-22T00:00:00.000Z,Seasonal_Bronze_Style_Mikage2,90,51,29
2026-08-22T00:00:00.000Z,Seasonal_Bronze_Ability_FourthTouch,3034,1319,625
2026-08-22T00:00:00.000Z,Ones_Gold_Style_TimeskipShoyo3,176,87,87
2026-08-22T00:00:00.000Z,OnesMini_Bronze_Style_Kurai,130,78,78
2026-08-22T00:00:00.000Z,Twos_Gold_Style_Twin2_2,152,85,58
2026-08-22T00:00:00.000Z,Ones_Bronze_Style_TeamCaptain4,57,21,21
2026-08-22T00:00:00.000Z,Seasonal_Silver_Style_TimeskipToru3,144,87,36
2026-08-22T00:00:00.000Z,OnesMini_Gold_Style_Samurai,52,28,28
2026-08-22T00:00:00.000Z,Ones_Bronze_Style_Taketora,153,39,39
2026-08-22T00:00:00.000Z,Threes_Silver_Style_Kazana2,476,240,68
2026-08-22T00:00:00.000Z,Seasonal_Bronze_Style_Twin1_4,341,167,92
2026-08-22T00:00:00.000Z,Twos_Bronze_Style_Wakatoshi,2296,611,230
2026-08-22T00:00:00.000Z,Seasonal_Bronze_Style_Hajime,71,20,9
2026-08-22T00:00:00.000Z,Casual-Threes_Silver_Ability_CurveSpike,123,60,18
2026-08-22T00:00:00.000Z,Casual-Threes_Silver_Style_Daichi,16,2,0
2026-08-22T00:00:00.000Z,OnesMini_Silver_Style_TeamCaptain,27,15,15
2026-08-22T00:00:00.000Z,Seasonal_Bronze_Style_Hakka,136,55,35
2026-08-22T00:00:00.000Z,Seasonal_Bronze_Style_Mikage,48,29,13
2026-08-22T00:00:00.000Z,Seasonal_Bronze_Style_Tetsuro,175,47,16
2026-08-22T00:00:00.000Z,OnesMini_Bronze_Style_Feiko,29,13,13
2026-08-22T00:00:00.000Z,Twos_Gold_Style_Kimiro,83,36,27
2026-08-22T00:00:00.000Z,Fours_Silver_Style_Feiko2,89,45,26
2026-08-22T00:00:00.000Z,Casual-Ones_Silver_Style_Tetsuro,63,21,21
2026-08-22T00:00:00.000Z,Threes_Bronze_Style_Tobio,590,174,43
2026-08-22T00:00:00.000Z,Seasonal_Bronze_Style_Daichi,144,37,9
2026-08-22T00:00:00.000Z,Threes_Bronze_Ability_SteelBlock,1725,623,156
2026-08-22T00:00:00.000Z,Ones_Gold_Ability_Moonball,24,14,14
2026-08-22T00:00:00.000Z,Fours_Gold_Style_TimeskipShoyo3,75,58,8
2026-08-22T00:00:00.000Z,Twos_Gold_Style_Twin1_3,98,52,34
2026-08-22T00:00:00.000Z,Threes_Diamond_Style_Kazana3,21,14,5
2026-08-22T00:00:00.000Z,Threes_Diamond_Style_Riku,41,28,12
2026-08-22T00:00:00.000Z,Threes_Bronze_Style_Kijo,425,222,75
2026-08-22T00:00:00.000Z,Seasonal_Bronze_Style_Twin2,43,22,14
2026-08-22T00:00:00.000Z,Twos_Pro_Style_Samurai,13,7,3
2026-08-22T00:00:00.000Z,Ones_Silver_Style_TimeskipToru,7,3,3
2026-08-22T00:00:00.000Z,Fours_Diamond_Style_Jester2,3,2,0
2026-08-22T00:00:00.000Z,OnesMini_Bronze_Style_TimeskipToru2,36,15,15
2026-08-22T00:00:00.000Z,Threes_Silver_Style_Tadashi,45,14,4
2026-08-22T00:00:00.000Z,Threes_Bronze_Style_Riku,198,94,27
2026-08-22T00:00:00.000Z,Twos_Diamond_Style_Twin2_2,26,15,10
2026-08-22T00:00:00.000Z,Sixes_Silver_Style_Lev,2,0,0
2026-08-22T00:00:00.000Z,Casual-Ones_Silver_Style_Mikage,6,5,5
2026-08-22T00:00:00.000Z,OnesMini_Bronze_Style_TimeskipToru,4,2,2
2026-08-22T00:00:00.000Z,Casual-Threes_Silver_Style_Roketto,20,9,1
2026-08-22T00:00:00.000Z,OnesMini_Gold_Style_TimeskipToru2,13,5,5
2026-08-22T00:00:00.000Z,Casual-Threes_Silver_Style_Mikage,9,5,2
2026-08-22T00:00:00.000Z,Twos_Diamond_Style_Ohira,3,2,0
2026-08-22T00:00:00.000Z,Fours_Bronze_Ability_ZeroGravitySet,97,23,2
2026-08-22T00:00:00.000Z,Threes_Bronze_Style_Twin2_4,42,16,7
2026-08-22T00:00:00.000Z,Casual-Twos_Silver_Style_Twin2_3,18,9,6
2026-08-22T00:00:00.000Z,Twos_Bronze_Style_TimeskipToru3,90,47,31
2026-08-22T00:00:00.000Z,Threes_Bronze_Style_TimeskipToru3,46,17,8
2026-08-22T00:00:00.000Z,Seasonal_Gold_Style_Jester3,139,90,38
2026-08-22T00:00:00.000Z,Seasonal_Gold_Style_TimeskipShoyo2,258,184,84
2026-08-22T00:00:00.000Z,Sixes_Silver_Style_Jester,7,4,0
2026-08-22T00:00:00.000Z,Sixes_Silver_Style_Twin1,1,1,0
2026-08-22T00:00:00.000Z,Fours_Silver_Style_Shinsuke,9,2,0
2026-08-22T00:00:00.000Z,Casual-Threes_Silver_Style_Twin2,1,0,0
2026-08-22T00:00:00.000Z,Ones_Gold_Style_Ohira,5,3,3
2026-08-22T00:00:00.000Z,Ones_Gold_Style_Morisuke,5,1,1
2026-08-22T00:00:00.000Z,Twos_Gold_Style_Morisuke,8,2,0
2026-08-22T00:00:00.000Z,Fours_Bronze_Style_Twin1,13,4,0
2026-08-22T00:00:00.000Z,Casual-Threes_Silver_Style_Hajime,5,0,0
2026-08-22T00:00:00.000Z,Seasonal_Gold_Style_Hirugami,12,8,1
2026-08-22T00:00:00.000Z,Fours_Bronze_Style_Kei,2,0,0
2026-08-22T00:00:00.000Z,Fours_Bronze_Style_Encho2,10,4,1
2026-08-22T00:00:00.000Z,Ones_Pro_Style_Mikage4,1,1,1
2026-08-22T00:00:00.000Z,Ones_Gold_Style_Hidari2,16,9,9
2026-08-22T00:00:00.000Z,Casual-Threes_Silver_Ability_SuperSprint,10,3,1
2026-08-22T00:00:00.000Z,Casual-Threes_Silver_Style_Hakka2,9,6,4
2026-08-22T00:00:00.000Z,Twos_Diamond_Style_Twin1_3,9,3,1
2026-08-22T00:00:00.000Z,Ones_Gold_Style_Twin2_2,1,1,1
2026-08-22T00:00:00.000Z,Casual-Fours_Silver_Style_Mikage4,4,4,2
2026-08-22T00:00:00.000Z,Casual-Fours_Silver_Style_Kurai,1,0,0
2026-08-22T00:00:00.000Z,Twos_Diamond_Style_Kimiro,5,2,1
2026-08-22T00:00:00.000Z,Fours_Gold_Style_Jester,7,6,2
2026-08-22T00:00:00.000Z,Fours_Bronze_Style_Kijo2,14,3,1
2026-08-22T00:00:00.000Z,Casual-Threes_Silver_Style_Hakka,8,2,2
2026-08-22T00:00:00.000Z,Casual-Threes_Silver_Style_Mikage2,8,3,0
2026-08-22T00:00:00.000Z,Casual-Threes_Silver_Style_Twin1_4,10,6,2
2026-08-22T00:00:00.000Z,Threes_Diamond_Style_Lev,1,0,0
2026-08-22T00:00:00.000Z,Fours_Bronze_Style_Encho,11,6,0
2026-08-22T00:00:00.000Z,Fours_Gold_Style_TeamCaptain4,1,0,0
2026-08-22T00:00:00.000Z,Casual-Fours_Silver_Style_Kurai2,2,2,0
2026-08-22T00:00:00.000Z,Seasonal_Diamond_Style_TimeskipShoyo4,21,17,11
2026-08-22T00:00:00.000Z,Threes_Diamond_Style_Hidari2,3,3,0
2026-08-22T00:00:00.000Z,Seasonal_Gold_Ability_SuperSprint,19,8,3
2026-08-22T00:00:00.000Z,Seasonal_Diamond_Style_Kurai,39,23,20
2026-08-22T00:00:00.000Z,Twos_Diamond_Ability_TeamSpirit,9,3,2
2026-08-22T00:00:00.000Z,Casual-Ones_Silver_Style_Twin2,1,0,0
2026-08-22T00:00:00.000Z,Seasonal_Diamond_Style_Feiko,8,6,6
2026-08-22T00:00:00.000Z,Twos_Diamond_Style_Morisuke,3,1,0
2026-08-22T00:00:00.000Z,Twos_Pro_Ability_RollingThunder,1,1,0
2026-08-22T00:00:00.000Z,Sixes_Bronze_Style_TimeskipShoyo2,3,2,0
2026-08-22T00:00:00.000Z,Threes_Gold_Style_TimeskipToru3,1,1,0
2026-08-22T00:00:00.000Z,Sixes_Bronze_Ability_SuperSprint,4,0,0
2026-08-22T00:00:00.000Z,Casual-Ones_Silver_Style_Mikage2,10,7,7
2026-08-22T00:00:00.000Z,Sixes_Silver_Style_Kei,2,1,0
2026-08-22T00:00:00.000Z,Ones_Diamond_Style_Ibara,2,1,1
2026-08-22T00:00:00.000Z,Twos_Pro_Style_TimeskipToru,1,0,0
2026-08-22T00:00:00.000Z,Seasonal_Pro_Style_Twin1,5,5,0
2026-08-22T00:00:00.000Z,Casual-Fours_Silver_Style_TimeskipShoyo4,1,1,1
2026-08-22T00:00:00.000Z,Seasonal_Gold_Style_Shinsuke,1,1,1
2026-08-22T00:00:00.000Z,OnesMini_Gold_Style_Tadashi,1,1,1
2026-08-22T00:00:00.000Z,Twos_Legend_Style_Hakka2,1,1,1
2026-08-22T00:00:00.000Z,Threes_Gold_Style_Wakatoshi,1,0,0
2026-08-22T00:00:00.000Z,OnesMini_Silver_Style_Rintaro,18141,9150,9150
2026-08-22T00:00:00.000Z,OnesMini_Silver_Style_Encho2,1181,758,758
2026-08-22T00:00:00.000Z,OnesMini_Silver_Ability_SteelBlock,4497,1736,1736
2026-08-22T00:00:00.000Z,OnesMini_Silver_Style_Morisuke,454,118,118
2026-08-22T00:00:00.000Z,Twos_Silver_Style_Feiko2,1603,820,425
2026-08-22T00:00:00.000Z,Twos_Silver_Ability_ShieldBreaker,54166,29067,15078
2026-08-22T00:00:00.000Z,OnesMini_Silver_Style_Twin2_4,510,311,311
2026-08-22T00:00:00.000Z,Ones_Gold_Style_Rintaro,2211,1183,1183
2026-08-22T00:00:00.000Z,OnesMini_Silver_Style_Kimiro,1012,348,348
2026-08-22T00:00:00.000Z,Casual-Ones_Silver_Style_TimeskipShoyo4,639,367,367
2026-08-22T00:00:00.000Z,Ones_Silver_Style_Tetsuro,446,121,121
2026-08-22T00:00:00.000Z,Casual-Ones_Silver_Style_Hidari3,498,266,266
2026-08-22T00:00:00.000Z,Twos_Silver_Style_Hidari3,16363,8312,4002
2026-08-22T00:00:00.000Z,Ones_Silver_Style_Yogan2,643,352,352
2026-08-22T00:00:00.000Z,Duel_Silver_Style_Wakatoshi,602,261,261
2026-08-22T00:00:00.000Z,Seasonal_Silver_Ability_RedirectionJump,6587,3245,1715
2026-08-22T00:00:00.000Z,Casual-Ones_Silver_Ability_ShieldBreaker,1399,819,819
2026-08-22T00:00:00.000Z,Duel_Silver_Ability_Moonball,588,291,291
2026-08-22T00:00:00.000Z,Seasonal_Silver_Style_Twin2_2,213,127,74
2026-08-22T00:00:00.000Z,Seasonal_Silver_Style_Kijo,5356,3175,1849
2026-08-22T00:00:00.000Z,Twos_Silver_Style_Kurai,6215,3332,1808
2026-08-22T00:00:00.000Z,OnesMini_Gold_Style_Kurai2,170,87,87
2026-08-22T00:00:00.000Z,Seasonal_Silver_Style_Jester,1592,884,454
2026-08-22T00:00:00.000Z,Casual-Ones_Silver_Style_Hirugami,69,14,14
2026-08-22T00:00:00.000Z,Ones_Silver_Style_Twin1_4,86,42,42
2026-08-22T00:00:00.000Z,Threes_Silver_Style_TimeskipShoyo2,1590,1005,277
2026-08-22T00:00:00.000Z,Seasonal_Silver_Style_Lev,159,51,14
2026-08-22T00:00:00.000Z,Threes_Silver_Style_Hirugami,484,186,32
2026-08-22T00:00:00.000Z,Duel_Silver_Style_Tobio,400,184,184
2026-08-22T00:00:00.000Z,Casual-Twos_Silver_Style_Kurai2,998,535,264
2026-08-22T00:00:00.000Z,Twos_Silver_Style_TimeskipTobio3,1430,705,332
2026-08-22T00:00:00.000Z,OnesMini_Bronze_Style_Kotaru,1330,572,572
2026-08-22T00:00:00.000Z,Casual-Threes_Silver_Ability_ShieldBreaker,341,189,71
2026-08-22T00:00:00.000Z,Ones_Silver_Style_Hakka,240,132,132
2026-08-22T00:00:00.000Z,Duel_Silver_Style_Encho,94,52,52
2026-08-22T00:00:00.000Z,Ones_Bronze_Style_Tobio,589,194,194
2026-08-22T00:00:00.000Z,Twos_Silver_Style_Shinsuke,204,51,18
2026-08-22T00:00:00.000Z,Casual-Threes_Silver_Style_TimeskipShoyo4,125,71,20
2026-08-22T00:00:00.000Z,Twos_Silver_Style_Kenma,648,149,55
2026-08-22T00:00:00.000Z,Twos_Silver_Style_Kazana2,1928,989,463
2026-08-22T00:00:00.000Z,Casual-Ones_Silver_Style_Kazana2,24,17,17
2026-08-22T00:00:00.000Z,Seasonal_Bronze_Ability_ShieldBreaker,6220,2844,1459
2026-08-22T00:00:00.000Z,Ones_Bronze_Ability_LeadFeet,1604,958,958
2026-08-22T00:00:00.000Z,Ones_Bronze_Ability_Moonball,949,351,351
2026-08-22T00:00:00.000Z,Twos_Diamond_Style_TimeskipShoyo3,1194,645,328
2026-08-22T00:00:00.000Z,Threes_Silver_Style_Shoyo,123,28,5
2026-08-22T00:00:00.000Z,Twos_Bronze_Ability_ZeroGravitySet,4109,1153,458
2026-08-22T00:00:00.000Z,Ones_Bronze_Style_Kijo,462,260,260
2026-08-22T00:00:00.000Z,Casual-Ones_Silver_Style_Kurai,172,98,98
2026-08-22T00:00:00.000Z,Fours_Silver_Style_Yogan2,149,75,15
2026-08-22T00:00:00.000Z,OnesMini_Bronze_Style_Tetsuro,287,80,80
2026-08-22T00:00:00.000Z,Threes_Silver_Style_TimeskipToru2,305,148,83
2026-08-22T00:00:00.000Z,Seasonal_Bronze_Style_TimeskipShoyo4,1206,572,321
2026-08-22T00:00:00.000Z,Twos_Silver_Style_Koshi,269,64,23
2026-08-22T00:00:00.000Z,OnesMini_Bronze_Style_Asahi,295,94,94
2026-08-22T00:00:00.000Z,Seasonal_Bronze_Style_Hidari3,3229,1380,690
2026-08-22T00:00:00.000Z,OnesMini_Bronze_Style_Twin2_3,28,16,16
2026-08-22T00:00:00.000Z,Seasonal_Bronze_Style_Kotaru,1562,476,160
2026-08-22T00:00:00.000Z,OnesMini_Bronze_Style_Yogan2,64,28,28
2026-08-22T00:00:00.000Z,Ones_Bronze_Style_Mikage3,36,19,19
2026-08-22T00:00:00.000Z,Fours_Silver_Style_Mikage4,540,293,90
2026-08-22T00:00:00.000Z,Fours_Silver_Style_Mikage,49,34,11
2026-08-22T00:00:00.000Z,Fours_Silver_Style_Twin2_3,8,3,1
2026-08-22T00:00:00.000Z,Twos_Bronze_Style_Kijo,2058,1037,572
2026-08-22T00:00:00.000Z,Fours_Silver_Style_Toru,96,23,1
2026-08-22T00:00:00.000Z,Fours_Silver_Style_Twin1_4,51,27,8
2026-08-22T00:00:00.000Z,Twos_Pro_Style_Kurai2,32,15,8
2026-08-22T00:00:00.000Z,OnesMini_Diamond_Ability_BoomJump,3,1,1
2026-08-22T00:00:00.000Z,Seasonal_Bronze_Style_Kazana2,173,89,45
2026-08-22T00:00:00.000Z,Ones_Diamond_Style_Kazana3,4,2,2
2026-08-22T00:00:00.000Z,Casual-Ones_Silver_Style_Kenma,23,8,8
2026-08-22T00:00:00.000Z,Casual-Twos_Silver_Style_Mikage2,69,40,19
2026-08-22T00:00:00.000Z,Ones_Gold_Style_TeamCaptain4,6,4,4
2026-08-22T00:00:00.000Z,OnesMini_Bronze_Style_Hakka,64,36,36
2026-08-22T00:00:00.000Z,Ones_Bronze_Style_Twin2_2,13,8,8
2026-08-22T00:00:00.000Z,Threes_Gold_Style_Hidari,57,32,6
2026-08-22T00:00:00.000Z,Threes_Gold_Style_Riku,155,99,42
2026-08-22T00:00:00.000Z,Twos_Bronze_Style_Hidari,370,192,81
2026-08-22T00:00:00.000Z,Fours_Bronze_Ability_SteelBlock,235,68,9
2026-08-22T00:00:00.000Z,Fours_Silver_Style_Hakka,61,35,19
2026-08-22T00:00:00.000Z,Casual-Ones_Silver_Style_Shinsuke,11,3,3
2026-08-22T00:00:00.000Z,Sixes_Silver_Ability_TeamSpirit,9,1,0
2026-08-22T00:00:00.000Z,Sixes_Silver_Ability_LeadFeet,126,82,13
2026-08-22T00:00:00.000Z,Sixes_Silver_Style_Kijo,21,10,1
2026-08-22T00:00:00.000Z,OnesMini_Bronze_Style_Kazana,7,3,3
2026-08-22T00:00:00.000Z,Threes_Gold_Style_Ohira,7,3,2
2026-08-22T00:00:00.000Z,Twos_Diamond_Style_Twin1,27,15,12
2026-08-22T00:00:00.000Z,Sixes_Silver_Style_Mikage3,12,9,0
2026-08-22T00:00:00.000Z,Sixes_Silver_Style_Encho,13,5,1
2026-08-22T00:00:00.000Z,Threes_Diamond_Style_TimeskipTobio2,97,68,45
2026-08-22T00:00:00.000Z,Fours_Silver_Style_TimeskipToru,13,5,1
2026-08-22T00:00:00.000Z,Fours_Diamond_Style_TimeskipTobio,4,4,4
2026-08-22T00:00:00.000Z,Sixes_Silver_Ability_Moonball,33,18,4
2026-08-22T00:00:00.000Z,Sixes_Silver_Style_Tobio,11,1,0
2026-08-22T00:00:00.000Z,Twos_Bronze_Style_Lev,169,40,9
2026-08-22T00:00:00.000Z,Threes_Bronze_Style_Ibara,41,19,6
2026-08-22T00:00:00.000Z,Fours_Silver_Style_Tadashi,7,3,1
2026-08-22T00:00:00.000Z,Threes_Bronze_Style_Jester,138,53,14
2026-08-22T00:00:00.000Z,Fours_Bronze_Style_Kimiro,80,26,4
2026-08-22T00:00:00.000Z,OnesMini_Bronze_Style_Tadashi,49,11,11
2026-08-22T00:00:00.000Z,Seasonal_Gold_Style_Hidari3,650,402,235
2026-08-22T00:00:00.000Z,Twos_Gold_Style_TeamCaptain4,59,28,19
2026-08-22T00:00:00.000Z,OnesMini_Diamond_Style_TimeskipShoyo4,54,27,27
2026-08-22T00:00:00.000Z,Seasonal_Gold_Ability_ShieldBreaker,2317,1501,742
2026-08-22T00:00:00.000Z,Fours_Silver_Style_Yu,34,11,1
2026-08-22T00:00:00.000Z,Twos_Diamond_Style_TeamCaptain,11,7,4
2026-08-22T00:00:00.000Z,Threes_Bronze_Style_Lev,47,10,2
2026-08-22T00:00:00.000Z,Seasonal_Gold_Style_Kumo,106,78,34
2026-08-22T00:00:00.000Z,Threes_Gold_Style_Twin2_2,11,5,3
2026-08-22T00:00:00.000Z,Sixes_Bronze_Style_Roketto,3,0,0
2026-08-22T00:00:00.000Z,Sixes_Bronze_Ability_ShieldBreaker,14,4,1
2026-08-22T00:00:00.000Z,Seasonal_Gold_Ability_CurveSpike,257,141,87
2026-08-22T00:00:00.000Z,Seasonal_Gold_Style_Roketto,108,64,30
2026-08-22T00:00:00.000Z,Casual-Twos_Silver_Style_Shinsuke,19,6,3
2026-08-22T00:00:00.000Z,Ones_Diamond_Style_Encho2,13,9,9
2026-08-22T00:00:00.000Z,Seasonal_Gold_Style_TeamCaptain3,59,37,27
2026-08-22T00:00:00.000Z,Threes_Diamond_Style_TeamCaptain4,4,4,1
2026-08-22T00:00:00.000Z,Duel_Silver_Style_Twin2_2,9,5,5
2026-08-22T00:00:00.000Z,Casual-Threes_Silver_Style_Feiko2,30,19,7
2026-08-22T00:00:00.000Z,Seasonal_Bronze_Style_Koshi,27,5,4
2026-08-22T00:00:00.000Z,Fours_Gold_Style_TimeskipTobio,9,6,2
2026-08-22T00:00:00.000Z,Fours_Bronze_Style_TeamCaptain2,18,9,3
2026-08-22T00:00:00.000Z,Sixes_Bronze_Ability_CurveSpike,11,2,0
2026-08-22T00:00:00.000Z,Twos_Pro_Ability_MagneticPull,41,15,9
2026-08-22T00:00:00.000Z,Seasonal_Gold_Ability_RollingThunder,45,29,10
2026-08-22T00:00:00.000Z,Seasonal_Gold_Style_Hakka2,23,19,6
2026-08-22T00:00:00.000Z,Casual-Ones_Silver_Style_TimeskipShoyo,19,11,11
2026-08-22T00:00:00.000Z,Casual-Threes_Silver_Style_TimeskipShoyo,10,10,1
2026-08-22T00:00:00.000Z,Casual-Fours_Silver_Style_Yogan2,2,0,0
2026-08-22T00:00:00.000Z,Casual-Fours_Silver_Ability_MagneticPull,6,3,2
2026-08-22T00:00:00.000Z,Twos_Legend_Ability_ShieldBreaker,135,101,48
2026-08-22T00:00:00.000Z,Ones_Diamond_Style_Kijo2,19,10,10
2026-08-22T00:00:00.000Z,Threes_Gold_Style_Lev,3,2,0
2026-08-22T00:00:00.000Z,OnesMini_Diamond_Style_Jester3,2,2,2
2026-08-22T00:00:00.000Z,Fours_Gold_Style_Wakatoshi,1,1,1
2026-08-22T00:00:00.000Z,Casual-Fours_Silver_Style_Kotaru,1,0,0
2026-08-22T00:00:00.000Z,Threes_Gold_Ability_ZeroGravitySet,31,22,12
2026-08-22T00:00:00.000Z,Seasonal_Diamond_Ability_FourthTouch,43,29,20
2026-08-22T00:00:00.000Z,Threes_Pro_Style_Feiko2,2,1,0
2026-08-22T00:00:00.000Z,Casual-Fours_Silver_Style_Asahi,1,0,0
2026-08-22T00:00:00.000Z,Sixes_Gold_Ability_ShieldBreaker,22,21,4
2026-08-22T00:00:00.000Z,Fours_Pro_Ability_FourthTouch,6,6,6
2026-08-22T00:00:00.000Z,Sixes_Silver_Style_TimeskipToru3,1,0,0
2026-08-22T00:00:00.000Z,Fours_Gold_Style_Mikage3,2,0,0
2026-08-22T00:00:00.000Z,Sixes_Bronze_Style_Hidari3,3,1,0
2026-08-22T00:00:00.000Z,Threes_Diamond_Style_Mikage3,4,3,1
2026-08-22T00:00:00.000Z,Threes_Diamond_Style_TeamCaptain,1,1,1
2026-08-22T00:00:00.000Z,Twos_Pro_Style_Feiko,2,1,1
2026-08-22T00:00:00.000Z,Sixes_Bronze_Style_Toru,1,0,0
2026-08-22T00:00:00.000Z,Ones_Gold_Style_Taketora,7,3,3
2026-08-22T00:00:00.000Z,Sixes_Gold_Style_TimeskipTobio3,1,1,0
2026-08-22T00:00:00.000Z,Twos_Legend_Style_TimeskipShoyo,3,2,1
2026-08-22T00:00:00.000Z,Seasonal_Pro_Ability_LeadFeet,13,12,10
2026-08-22T00:00:00.000Z,Seasonal_Pro_Style_Encho,1,1,1
2026-08-22T00:00:00.000Z,Threes_Pro_Ability_BoomJump,11,5,3
2026-08-22T00:00:00.000Z,Seasonal_Pro_Style_Kijo,6,4,4
2026-08-22T00:00:00.000Z,Threes_Pro_Style_TimeskipShoyo,5,2,0
2026-08-22T00:00:00.000Z,Ones_Diamond_Style_Jester2,1,1,1
2026-08-22T00:00:00.000Z,Casual-Ones_Silver_Style_TimeskipTobio3,1,1,1
2026-08-22T00:00:00.000Z,Fours_Diamond_Ability_Moonball,2,2,2
2026-08-22T00:00:00.000Z,Fours_Pro_Style_Samurai,1,1,0
2026-08-22T00:00:00.000Z,Seasonal_Diamond_Style_Yogan2,6,5,3
2026-08-22T00:00:00.000Z,Ones_Bronze_Style_TimeskipToru3,1,1,1
2026-08-22T00:00:00.000Z,Sixes_Bronze_Style_Hakka2,1,1,1
2026-08-22T00:00:00.000Z,Threes_Pro_Style_Samurai,3,1,0
2026-08-22T00:00:00.000Z,Fours_Gold_Ability_TeamSpirit,1,1,0
2026-08-22T00:00:00.000Z,Twos_Legend_Style_Kurai,1,1,0
2026-08-22T00:00:00.000Z,Ones_Silver_Style_Mikage4,8321,4322,4322
2026-08-22T00:00:00.000Z,OnesMini_Silver_Ability_RedirectionJump,3736,1872,1872
2026-08-22T00:00:00.000Z,Ones_Silver_Ability_BoomJump,3838,1694,1694
2026-08-22T00:00:00.000Z,OnesMini_Silver_Ability_DivineStrength,1924,761,761
2026-08-22T00:00:00.000Z,Twos_Silver_Ability_CurveSpike,17113,7068,3443
2026-08-22T00:00:00.000Z,Ones_Silver_Style_Samurai,1670,913,913
2026-08-22T00:00:00.000Z,Twos_Silver_Style_Tetsuro,902,251,88
2026-08-22T00:00:00.000Z,OnesMini_Silver_Style_Ibara,557,355,355
2026-08-22T00:00:00.000Z,Ones_Silver_Style_TimeskipShoyo4,2848,1601,1601
2026-08-22T00:00:00.000Z,Casual-Twos_Silver_Ability_CurveSpike,2000,776,370
2026-08-22T00:00:00.000Z,Threes_Silver_Style_Hidari3,2984,1467,421
2026-08-22T00:00:00.000Z,Casual-Ones_Silver_Ability_BoomJump,629,288,288
2026-08-22T00:00:00.000Z,Ones_Silver_Style_Kurai,1726,981,981
2026-08-22T00:00:00.000Z,Casual-Ones_Silver_Ability_FourthTouch,434,211,211
2026-08-22T00:00:00.000Z,Ones_Silver_Style_Feiko2,151,77,77
2026-08-22T00:00:00.000Z,Seasonal_Silver_Ability_SteelBlock,6603,2461,981
2026-08-22T00:00:00.000Z,Ones_Silver_Style_Shoyo,152,33,33
2026-08-22T00:00:00.000Z,Duel_Silver_Style_TimeskipShoyo3,201,105,105
2026-08-22T00:00:00.000Z,Duel_Silver_Style_Ryunosuke,44,14,14
2026-08-22T00:00:00.000Z,OnesMini_Silver_Style_Hidari2,121,70,70
2026-08-22T00:00:00.000Z,Twos_Gold_Style_Rintaro,20234,10559,4996
2026-08-22T00:00:00.000Z,Duel_Silver_Style_Jester2,251,128,128
2026-08-22T00:00:00.000Z,Twos_Silver_Style_Daichi,710,146,58
2026-08-22T00:00:00.000Z,OnesMini_Gold_Style_Twin1_2,85,41,41
2026-08-22T00:00:00.000Z,Twos_Silver_Style_Hajime,536,162,68
2026-08-22T00:00:00.000Z,Ones_Silver_Style_Yu,257,73,73
2026-08-22T00:00:00.000Z,Casual-Ones_Silver_Ability_SuperSprint,92,39,39
2026-08-22T00:00:00.000Z,Casual-Twos_Silver_Style_Kazana2,222,125,50
2026-08-22T00:00:00.000Z,Ones_Gold_Style_Jester2,127,65,65
2026-08-22T00:00:00.000Z,OnesMini_Bronze_Ability_BoomJump,1213,498,498
2026-08-22T00:00:00.000Z,Twos_Silver_Style_Yu,619,150,57
2026-08-22T00:00:00.000Z,Threes_Silver_Ability_CurveSpike,3764,1597,506
2026-08-22T00:00:00.000Z,Casual-Threes_Silver_Ability_BoomJump,113,53,13
2026-08-22T00:00:00.000Z,Ones_Bronze_Style_Jester2,341,172,172
2026-08-22T00:00:00.000Z,Duel_Silver_Style_TeamCaptain4,48,24,24
2026-08-22T00:00:00.000Z,Ones_Gold_Style_Riku,119,55,55
2026-08-22T00:00:00.000Z,Twos_Silver_Style_Mikage2,468,269,157
2026-08-22T00:00:00.000Z,Threes_Silver_Style_Yogan2,596,289,85
2026-08-22T00:00:00.000Z,Ones_Bronze_Style_TimeskipShoyo3,166,93,93
2026-08-22T00:00:00.000Z,Twos_Silver_Style_Shoyo,399,97,47
2026-08-22T00:00:00.000Z,Casual-Ones_Silver_Style_Shoyo,19,5,5
2026-08-22T00:00:00.000Z,Casual-Ones_Silver_Style_Hakka,11,5,5
2026-08-22T00:00:00.000Z,OnesMini_Bronze_Style_Yu,135,33,33
2026-08-22T00:00:00.000Z,Twos_Diamond_Ability_LeadFeet,3708,2102,1120
2026-08-22T00:00:00.000Z,OnesMini_Gold_Ability_RollingThunder,10,3,3
2026-08-22T00:00:00.000Z,OnesMini_Gold_Style_Twin2_3,21,11,11
2026-08-22T00:00:00.000Z,Casual-Twos_Silver_Style_Yogan,27,14,6
2026-08-22T00:00:00.000Z,OnesMini_Bronze_Style_Shoyo,84,24,24
2026-08-22T00:00:00.000Z,OnesMini_Gold_Style_Mikage4,324,143,143
2026-08-22T00:00:00.000Z,Twos_Gold_Ability_Moonball,149,70,37
2026-08-22T00:00:00.000Z,Twos_Bronze_Style_Rintaro,24027,10853,5006
2026-08-22T00:00:00.000Z,Seasonal_Bronze_Style_Kumo,505,250,141
2026-08-22T00:00:00.000Z,OnesMini_Gold_Style_Yogan2,84,48,48
2026-08-22T00:00:00.000Z,Seasonal_Bronze_Ability_SuperSprint,290,94,39
2026-08-22T00:00:00.000Z,Seasonal_Bronze_Style_Shoyo,41,12,4
2026-08-22T00:00:00.000Z,Ones_Gold_Style_Jester,72,43,43
2026-08-22T00:00:00.000Z,Casual-Threes_Silver_Style_Tetsuro,13,5,0
2026-08-22T00:00:00.000Z,OnesMini_Silver_Style_TeamCaptain2,62,36,36
2026-08-22T00:00:00.000Z,Twos_Gold_Style_Mikage3,98,56,34
2026-08-22T00:00:00.000Z,Seasonal_Bronze_Style_Yu,123,33,13
2026-08-22T00:00:00.000Z,Seasonal_Bronze_Ability_BoomJump,1654,618,308
2026-08-22T00:00:00.000Z,Ones_Silver_Style_TimeskipToru2,29,11,11
2026-08-22T00:00:00.000Z,OnesMini_Bronze_Style_TimeskipShoyo4,186,101,101
2026-08-22T00:00:00.000Z,OnesMini_Bronze_Style_Kurai2,98,57,57
2026-08-22T00:00:00.000Z,Duel_Silver_Style_Jester,139,71,71
2026-08-22T00:00:00.000Z,Twos_Bronze_Ability_SteelBlock,6769,2337,1058
2026-08-22T00:00:00.000Z,Fours_Silver_Style_Kotaru,216,59,6
2026-08-22T00:00:00.000Z,Fours_Silver_Style_Hirugami,113,44,3
2026-08-22T00:00:00.000Z,Fours_Silver_Style_Kurai,138,84,24
2026-08-22T00:00:00.000Z,Casual-Threes_Silver_Ability_FourthTouch,133,72,26
2026-08-22T00:00:00.000Z,Seasonal_Bronze_Style_Roketto,1153,457,204
2026-08-22T00:00:00.000Z,Threes_Silver_Style_Twin2_3,73,40,16
2026-08-22T00:00:00.000Z,Casual-Ones_Silver_Style_Hajime,39,15,15
2026-08-22T00:00:00.000Z,Threes_Gold_Style_Rintaro,780,432,124
2026-08-22T00:00:00.000Z,Fours_Silver_Style_Kurai2,88,45,10
2026-08-22T00:00:00.000Z,Threes_Silver_Style_Koshi,50,12,2
2026-08-22T00:00:00.000Z,Fours_Silver_Style_Feiko,127,68,32
2026-08-22T00:00:00.000Z,Threes_Silver_Style_Kazana,150,82,19
2026-08-22T00:00:00.000Z,Threes_Gold_Ability_SteelBlock,139,74,29
2026-08-22T00:00:00.000Z,Threes_Silver_Style_Yogan,102,57,14
2026-08-22T00:00:00.000Z,Threes_Gold_Style_TeamCaptain4,50,23,18
2026-08-22T00:00:00.000Z,Threes_Bronze_Style_Wakatoshi,409,103,20
2026-08-22T00:00:00.000Z,Ones_Bronze_Style_Kei,137,33,33
2026-08-22T00:00:00.000Z,Twos_Bronze_Style_TeamCaptain4,581,233,129
2026-08-22T00:00:00.000Z,Ones_Gold_Style_Hidari,20,8,8
2026-08-22T00:00:00.000Z,Ones_Bronze_Style_Jester,174,84,84
2026-08-22T00:00:00.000Z,Casual-Threes_Silver_Style_Shoyo,5,2,0
2026-08-22T00:00:00.000Z,Ones_Bronze_Style_Lev,86,25,25
2026-08-22T00:00:00.000Z,Casual-Twos_Silver_Style_Tadashi,16,4,1
2026-08-22T00:00:00.000Z,Threes_Bronze_Style_TimeskipTobio2,178,85,41
2026-08-22T00:00:00.000Z,OnesMini_Bronze_Style_Feiko2,24,10,10
2026-08-22T00:00:00.000Z,Threes_Bronze_Style_Kijo2,125,60,16
2026-08-22T00:00:00.000Z,Threes_Diamond_Style_TimeskipShoyo3,50,28,7
2026-08-22T00:00:00.000Z,Sixes_Silver_Style_TeamCaptain4,4,1,1
2026-08-22T00:00:00.000Z,Sixes_Silver_Style_Ryunosuke,1,0,0
2026-08-22T00:00:00.000Z,Threes_Bronze_Style_Encho2,81,36,17
2026-08-22T00:00:00.000Z,Fours_Bronze_Ability_LeadFeet,116,47,16
2026-08-22T00:00:00.000Z,Ones_Bronze_Style_Ryunosuke,48,14,14
2026-08-22T00:00:00.000Z,Ones_Silver_Style_TimeskipTobio3,21,9,9
2026-08-22T00:00:00.000Z,OnesMini_Diamond_Style_Kumo,33,25,25
2026-08-22T00:00:00.000Z,Sixes_Silver_Style_TimeskipShoyo3,32,23,4
2026-08-22T00:00:00.000Z,Fours_Bronze_Ability_RedirectionJump,109,41,12
2026-08-22T00:00:00.000Z,Twos_Diamond_Ability_Moonball,4,3,1
2026-08-22T00:00:00.000Z,Threes_Bronze_Style_Encho,129,67,29
2026-08-22T00:00:00.000Z,Seasonal_Bronze_Style_Hakka2,91,48,36
2026-08-22T00:00:00.000Z,OnesMini_Bronze_Style_TimeskipTobio3,3,3,3
2026-08-22T00:00:00.000Z,Seasonal_Gold_Style_TimeskipShoyo,36,26,16
2026-08-22T00:00:00.000Z,Fours_Bronze_Ability_TeamSpirit,18,4,3
2026-08-22T00:00:00.000Z,Fours_Bronze_Ability_DivineStrength,76,23,2
2026-08-22T00:00:00.000Z,Threes_Bronze_Style_TimeskipTobio,81,40,21
2026-08-22T00:00:00.000Z,Sixes_Silver_Style_Taketora,2,0,0
2026-08-22T00:00:00.000Z,Seasonal_Gold_Style_Hajime,4,3,1
2026-08-22T00:00:00.000Z,Casual-Ones_Silver_Style_Daichi,33,4,4
2026-08-22T00:00:00.000Z,Casual-Ones_Silver_Style_Twin1_4,13,5,5
2026-08-22T00:00:00.000Z,Casual-Threes_Silver_Style_Kumo,28,18,9
2026-08-22T00:00:00.000Z,Fours_Bronze_Style_Kijo,35,12,5
2026-08-22T00:00:00.000Z,Seasonal_Gold_Style_Twin2,28,22,13
2026-08-22T00:00:00.000Z,Sixes_Silver_Style_Jester2,6,3,0
2026-08-22T00:00:00.000Z,Fours_Silver_Style_Kenma,26,4,0
2026-08-22T00:00:00.000Z,Twos_Pro_Style_Jester3,18,7,3
2026-08-22T00:00:00.000Z,Casual-Twos_Silver_Style_Koshi,21,7,3
2026-08-22T00:00:00.000Z,Seasonal_Gold_Style_Mikage2,33,27,15
2026-08-22T00:00:00.000Z,Twos_Pro_Style_Yogan2,14,7,2
2026-08-22T00:00:00.000Z,OnesMini_Gold_Style_Jester3,16,7,7
2026-08-22T00:00:00.000Z,Twos_Pro_Style_Mikage4,23,15,10
2026-08-22T00:00:00.000Z,Fours_Silver_Style_Koshi,6,3,0
2026-08-22T00:00:00.000Z,Seasonal_Gold_Style_Mikage,17,10,6
2026-08-22T00:00:00.000Z,Fours_Diamond_Style_TimeskipShoyo3,29,24,4
2026-08-22T00:00:00.000Z,Fours_Gold_Style_Jester2,2,2,0
2026-08-22T00:00:00.000Z,Ones_Gold_Style_Ryunosuke,1,1,1
2026-08-22T00:00:00.000Z,Ones_Gold_Style_Tobio,2,1,1
2026-08-22T00:00:00.000Z,OnesMini_Gold_Style_Yogan,5,2,2
2026-08-22T00:00:00.000Z,Threes_Diamond_Style_Jester,25,14,4
2026-08-22T00:00:00.000Z,OnesMini_Gold_Style_Toru,4,2,2
2026-08-22T00:00:00.000Z,Fours_Diamond_Style_Jester,1,0,0
2026-08-22T00:00:00.000Z,Twos_Diamond_Style_Mikage3,4,1,1
2026-08-22T00:00:00.000Z,Threes_Diamond_Style_Jester2,10,9,1
2026-08-22T00:00:00.000Z,Duel_Silver_Style_Twin1,13,5,5
2026-08-22T00:00:00.000Z,Casual-Threes_Silver_Style_Yu,5,1,0
2026-08-22T00:00:00.000Z,Casual-Fours_Silver_Ability_FourthTouch,3,2,0
2026-08-22T00:00:00.000Z,Casual-Fours_Silver_Style_Daichi,1,0,0
2026-08-22T00:00:00.000Z,Casual-Fours_Silver_Ability_BoomJump,1,0,0
2026-08-22T00:00:00.000Z,Sixes_Gold_Style_Roketto,1,1,0
2026-08-22T00:00:00.000Z,Twos_Pro_Style_Yogan,2,1,1
2026-08-22T00:00:00.000Z,Seasonal_Diamond_Style_Kurai2,41,22,15
2026-08-22T00:00:00.000Z,Sixes_Diamond_Ability_ShieldBreaker,7,4,0
2026-08-22T00:00:00.000Z,Sixes_Diamond_Ability_MagneticPull,2,1,1
2026-08-22T00:00:00.000Z,Sixes_Gold_Style_Mikage2,2,2,1
2026-08-22T00:00:00.000Z,Threes_Diamond_Style_Hidari,6,3,1
2026-08-22T00:00:00.000Z,Threes_Pro_Style_TeamCaptain3,1,1,1
2026-08-22T00:00:00.000Z,Twos_Pro_Style_TimeskipToru2,1,1,0
2026-08-22T00:00:00.000Z,Ones_Gold_Style_Lev,2,1,1
2026-08-22T00:00:00.000Z,Sixes_Bronze_Style_Mikage,1,1,0
2026-08-22T00:00:00.000Z,Fours_Gold_Style_Twin1,1,1,0
2026-08-22T00:00:00.000Z,Seasonal_Pro_Style_TimeskipShoyo3,1,1,1
2026-08-22T00:00:00.000Z,Twos_Legend_Ability_BoomJump,3,2,1
2026-08-22T00:00:00.000Z,Fours_Bronze_Style_Twin2_4,1,1,1
2026-08-22T00:00:00.000Z,OnesMini_Silver_Style_Kei,328,80,80
2026-08-22T00:00:00.000Z,OnesMini_Silver_Style_Ryunosuke,115,33,33
2026-08-22T00:00:00.000Z,Ones_Gold_Ability_RedirectionJump,297,150,150
2026-08-22T00:00:00.000Z,Ones_Gold_Ability_LeadFeet,2155,1146,1146
2026-08-22T00:00:00.000Z,Ones_Silver_Style_Jester3,1230,659,659
2026-08-22T00:00:00.000Z,Threes_Silver_Ability_RollingThunder,681,251,64
2026-08-22T00:00:00.000Z,Threes_Silver_Style_Roketto,992,452,138
2026-08-22T00:00:00.000Z,Threes_Silver_Style_Twin1_4,456,222,87
2026-08-22T00:00:00.000Z,Casual-Ones_Silver_Style_Jester3,197,92,92
2026-08-22T00:00:00.000Z,Twos_Silver_Style_Samurai,5153,2699,1368
2026-08-22T00:00:00.000Z,Casual-Ones_Silver_Style_Samurai,97,49,49
2026-08-22T00:00:00.000Z,Ones_Gold_Style_Encho,204,123,123
2026-08-22T00:00:00.000Z,OnesMini_Silver_Style_Jester,270,126,126
2026-08-22T00:00:00.000Z,Seasonal_Silver_Style_Kimiro,2302,837,311
2026-08-22T00:00:00.000Z,OnesMini_Silver_Style_Jester2,414,174,174
2026-08-22T00:00:00.000Z,OnesMini_Silver_Style_Twin1,181,108,108
2026-08-22T00:00:00.000Z,Ones_Silver_Ability_SuperSprint,732,227,227
2026-08-22T00:00:00.000Z,Ones_Silver_Style_Hajime,275,88,88
2026-08-22T00:00:00.000Z,Twos_Silver_Style_Toru,2467,741,326
2026-08-22T00:00:00.000Z,Ones_Silver_Style_Shinsuke,84,12,12
2026-08-22T00:00:00.000Z,OnesMini_Silver_Style_Lev,223,72,72
2026-08-22T00:00:00.000Z,Casual-Twos_Silver_Style_Kumo,162,66,38
2026-08-22T00:00:00.000Z,Twos_Silver_Style_Twin1_2,1139,608,379
2026-08-22T00:00:00.000Z,Twos_Silver_Ability_RollingThunder,2646,866,366
2026-08-22T00:00:00.000Z,OnesMini_Gold_Style_Hakka,14,6,6
2026-08-22T00:00:00.000Z,OnesMini_Gold_Ability_SuperSprint,17,3,3
2026-08-22T00:00:00.000Z,Casual-Twos_Silver_Style_Tetsuro,84,28,9
2026-08-22T00:00:00.000Z,Twos_Silver_Style_TimeskipToru,303,166,86
2026-08-22T00:00:00.000Z,OnesMini_Gold_Ability_CurveSpike,150,70,70
2026-08-22T00:00:00.000Z,Ones_Bronze_Ability_ZeroGravitySet,1724,618,618
2026-08-22T00:00:00.000Z,OnesMini_Bronze_Style_Jester3,88,47,47
2026-08-22T00:00:00.000Z,Casual-Threes_Silver_Style_Mikage4,94,48,21
2026-08-22T00:00:00.000Z,Twos_Gold_Style_Kijo,3067,1622,950
2026-08-22T00:00:00.000Z,Twos_Silver_Style_Tadashi,207,49,20
2026-08-22T00:00:00.000Z,Casual-Twos_Silver_Ability_RollingThunder,327,102,46
2026-08-22T00:00:00.000Z,Twos_Silver_Style_Jester3,3091,1489,660
2026-08-22T00:00:00.000Z,Twos_Gold_Ability_SteelBlock,651,343,189
2026-08-22T00:00:00.000Z,Seasonal_Silver_Style_TeamCaptain2,358,203,126
2026-08-22T00:00:00.000Z,Casual-Twos_Silver_Style_TeamCaptain3,166,77,32
2026-08-22T00:00:00.000Z,Seasonal_Bronze_Style_Mikage4,2561,1070,529
2026-08-22T00:00:00.000Z,Casual-Twos_Silver_Style_Twin1_4,223,99,51
2026-08-22T00:00:00.000Z,Threes_Silver_Style_Toru,709,230,54
2026-08-22T00:00:00.000Z,Twos_Bronze_Style_Kimiro,2487,784,373
2026-08-22T00:00:00.000Z,Twos_Diamond_Style_Kijo2,67,35,19
2026-08-22T00:00:00.000Z,Fours_Silver_Ability_MagneticPull,1406,676,178
2026-08-22T00:00:00.000Z,Fours_Silver_Style_TimeskipTobio3,131,82,54
2026-08-22T00:00:00.000Z,Fours_Silver_Ability_ShieldBreaker,1658,939,251
2026-08-22T00:00:00.000Z,OnesMini_Bronze_Style_Hirugami,264,113,113
2026-08-22T00:00:00.000Z,Seasonal_Bronze_Ability_RollingThunder,498,161,72
2026-08-22T00:00:00.000Z,Duel_Silver_Style_Kazana3,143,73,73
2026-08-22T00:00:00.000Z,Threes_Silver_Style_Asahi,276,88,13
2026-08-22T00:00:00.000Z,Ones_Bronze_Style_Hidari,35,15,15
2026-08-22T00:00:00.000Z,Seasonal_Bronze_Style_Samurai,750,360,200
2026-08-22T00:00:00.000Z,Ones_Silver_Style_Mikage,74,45,45
2026-08-22T00:00:00.000Z,Twos_Diamond_Style_Riku,260,156,78
2026-08-22T00:00:00.000Z,Threes_Silver_Style_Hakka,436,228,131
2026-08-22T00:00:00.000Z,Twos_Gold_Style_Encho,1023,603,305
2026-08-22T00:00:00.000Z,Twos_Gold_Style_Twin2_4,131,61,46
2026-08-22T00:00:00.000Z,Seasonal_Bronze_Style_Toru,516,139,51
2026-08-22T00:00:00.000Z,Threes_Gold_Style_TimeskipTobio2,317,215,155
2026-08-22T00:00:00.000Z,Casual-Twos_Silver_Style_Hakka,97,48,31
2026-08-22T00:00:00.000Z,OnesMini_Bronze_Style_Mikage,4,1,1
2026-08-22T00:00:00.000Z,Casual-Threes_Silver_Ability_RollingThunder,28,11,5
2026-08-22T00:00:00.000Z,Threes_Gold_Style_TimeskipTobio,109,80,57
2026-08-22T00:00:00.000Z,Casual-Ones_Silver_Style_Toru,74,20,20
2026-08-22T00:00:00.000Z,Fours_Gold_Style_Kazana3,51,37,8
2026-08-22T00:00:00.000Z,Fours_Silver_Style_TimeskipShoyo2,385,234,37
2026-08-22T00:00:00.000Z,Seasonal_Bronze_Style_Twin2_3,54,25,16
2026-08-22T00:00:00.000Z,Ones_Bronze_Style_Hidari2,53,28,28
2026-08-22T00:00:00.000Z,Casual-Twos_Silver_Style_Hakka2,67,29,22
2026-08-22T00:00:00.000Z,Threes_Bronze_Ability_Moonball,466,141,33
2026-08-22T00:00:00.000Z,Ones_Bronze_Style_Ibara,55,29,29
2026-08-22T00:00:00.000Z,Threes_Bronze_Style_Kimiro,670,202,44
2026-08-22T00:00:00.000Z,Seasonal_Bronze_Style_TimeskipToru,19,10,8
2026-08-22T00:00:00.000Z,Twos_Diamond_Style_TimeskipTobio2,4,1,1
2026-08-22T00:00:00.000Z,Seasonal_Bronze_Style_Twin1_2,97,45,27
2026-08-22T00:00:00.000Z,Twos_Bronze_Style_Taketora,403,79,27
2026-08-22T00:00:00.000Z,Twos_Bronze_Style_Mikage3,148,76,46
2026-08-22T00:00:00.000Z,Threes_Diamond_Ability_LeadFeet,260,175,73
2026-08-22T00:00:00.000Z,Seasonal_Bronze_Style_TimeskipToru2,112,54,30
2026-08-22T00:00:00.000Z,Twos_Diamond_Style_Encho,241,152,70
2026-08-22T00:00:00.000Z,Sixes_Silver_Style_Kazana3,22,14,0
2026-08-22T00:00:00.000Z,Twos_Bronze_Style_TimeskipTobio2,349,160,68
2026-08-22T00:00:00.000Z,Ones_Bronze_Style_TeamCaptain2,18,11,11
2026-08-22T00:00:00.000Z,Threes_Bronze_Style_Mikage3,66,33,16
2026-08-22T00:00:00.000Z,Twos_Gold_Style_TimeskipToru3,23,13,8
2026-08-22T00:00:00.000Z,Twos_Diamond_Style_Twin2_4,27,13,6
2026-08-22T00:00:00.000Z,Ones_Diamond_Style_Rintaro,224,151,151
2026-08-22T00:00:00.000Z,Twos_Bronze_Style_Ibara,168,89,42
2026-08-22T00:00:00.000Z,Sixes_Silver_Ability_ZeroGravitySet,23,1,0
2026-08-22T00:00:00.000Z,Sixes_Silver_Ability_DivineStrength,17,5,1
2026-08-22T00:00:00.000Z,OnesMini_Diamond_Ability_ShieldBreaker,176,105,105
2026-08-22T00:00:00.000Z,Fours_Bronze_Style_Jester,29,10,0
2026-08-22T00:00:00.000Z,OnesMini_Bronze_Style_Mikage2,13,4,4
2026-08-22T00:00:00.000Z,Fours_Bronze_Style_Tobio,62,16,1
2026-08-22T00:00:00.000Z,Threes_Gold_Style_TeamCaptain,28,16,10
2026-08-22T00:00:00.000Z,Twos_Pro_Style_Roketto,11,6,1
2026-08-22T00:00:00.000Z,Twos_Gold_Style_TimeskipTobio,31,16,6
2026-08-22T00:00:00.000Z,Fours_Bronze_Style_Kazana3,17,7,1
2026-08-22T00:00:00.000Z,Seasonal_Gold_Style_Samurai,218,142,78
2026-08-22T00:00:00.000Z,Threes_Bronze_Style_Ohira,56,11,3
2026-08-22T00:00:00.000Z,Fours_Bronze_Style_Jester2,21,7,1
2026-08-22T00:00:00.000Z,Casual-Threes_Silver_Style_Yogan2,26,16,2
2026-08-22T00:00:00.000Z,Seasonal_Bronze_Style_Tadashi,35,5,1
2026-08-22T00:00:00.000Z,Seasonal_Gold_Style_Feiko,34,27,23
2026-08-22T00:00:00.000Z,Seasonal_Gold_Style_Kurai,370,241,143
2026-08-22T00:00:00.000Z,Twos_Bronze_Style_TimeskipTobio,71,35,20
2026-08-22T00:00:00.000Z,Seasonal_Gold_Style_TimeskipShoyo4,372,245,129
2026-08-22T00:00:00.000Z,Seasonal_Gold_Ability_BoomJump,389,283,123
2026-08-22T00:00:00.000Z,Threes_Diamond_Style_Encho,11,6,2
2026-08-22T00:00:00.000Z,Sixes_Silver_Style_TeamCaptain,1,0,0
2026-08-22T00:00:00.000Z,Casual-Threes_Silver_Style_Twin1_2,7,7,2
2026-08-22T00:00:00.000Z,Threes_Bronze_Style_Twin2_2,38,17,7
2026-08-22T00:00:00.000Z,Ones_Gold_Style_Twin2_4,2,0,0
2026-08-22T00:00:00.000Z,Casual-Ones_Silver_Style_TimeskipToru2,3,0,0
2026-08-22T00:00:00.000Z,Twos_Pro_Ability_CurveSpike,4,2,0
2026-08-22T00:00:00.000Z,Twos_Gold_Style_Wakatoshi,27,13,8
2026-08-22T00:00:00.000Z,Sixes_Bronze_Style_TimeskipToru2,2,1,0
2026-08-22T00:00:00.000Z,Fours_Silver_Style_TimeskipShoyo,39,33,5
2026-08-22T00:00:00.000Z,Fours_Bronze_Style_Hidari,14,6,0
2026-08-22T00:00:00.000Z,Ones_Gold_Style_Kei,6,4,4
2026-08-22T00:00:00.000Z,Fours_Gold_Style_Hidari,3,2,0
2026-08-22T00:00:00.000Z,Sixes_Bronze_Style_Mikage4,6,1,0
2026-08-22T00:00:00.000Z,Casual-Threes_Silver_Style_Samurai,24,16,4
2026-08-22T00:00:00.000Z,Fours_Bronze_Style_Ohira,6,0,0
2026-08-22T00:00:00.000Z,Sixes_Bronze_Ability_FourthTouch,5,0,0
2026-08-22T00:00:00.000Z,Fours_Bronze_Style_Hidari2,8,2,1
2026-08-22T00:00:00.000Z,Seasonal_Gold_Style_Daichi,5,3,2
2026-08-22T00:00:00.000Z,Sixes_Silver_Style_Hidari2,2,1,0
2026-08-22T00:00:00.000Z,Ones_Gold_Ability_ZeroGravitySet,50,23,23
2026-08-22T00:00:00.000Z,Fours_Gold_Ability_DivineStrength,27,21,2
2026-08-22T00:00:00.000Z,Fours_Pro_Ability_ShieldBreaker,13,10,0
2026-08-22T00:00:00.000Z,Fours_Pro_Style_TimeskipShoyo2,9,5,0
2026-08-22T00:00:00.000Z,Twos_Diamond_Style_Tobio,2,2,1
2026-08-22T00:00:00.000Z,Twos_Pro_Style_Twin2,6,2,2
2026-08-22T00:00:00.000Z,OnesMini_Diamond_Style_Kazana2,2,0,0
2026-08-22T00:00:00.000Z,Threes_Diamond_Style_Kei,1,0,0
2026-08-22T00:00:00.000Z,Twos_Pro_Style_Hakka2,3,3,2
2026-08-22T00:00:00.000Z,Fours_Diamond_Style_Hidari2,3,3,0
2026-08-22T00:00:00.000Z,Seasonal_Diamond_Ability_ShieldBreaker,332,235,123
2026-08-22T00:00:00.000Z,Casual-Fours_Silver_Style_Mikage2,1,1,1
2026-08-22T00:00:00.000Z,Fours_Diamond_Style_Kazana3,17,15,1
2026-08-22T00:00:00.000Z,Fours_Gold_Style_TeamCaptain,1,1,0
2026-08-22T00:00:00.000Z,Sixes_Gold_Style_Samurai,1,1,0
2026-08-22T00:00:00.000Z,Fours_Gold_Style_Ibara,8,8,3
2026-08-22T00:00:00.000Z,Threes_Pro_Ability_MagneticPull,14,10,3
2026-08-22T00:00:00.000Z,Fours_Gold_Ability_ZeroGravitySet,6,4,0
2026-08-22T00:00:00.000Z,Twos_Diamond_Style_Wakatoshi,1,1,1
2026-08-22T00:00:00.000Z,Casual-Ones_Silver_Style_Twin2_3,5,1,1
2026-08-22T00:00:00.000Z,Seasonal_Diamond_Style_TimeskipShoyo2,52,33,18
2026-08-22T00:00:00.000Z,Sixes_Bronze_Style_TimeskipShoyo4,1,0,0
2026-08-22T00:00:00.000Z,Seasonal_Pro_Ability_RedirectionJump,9,8,3
2026-08-22T00:00:00.000Z,Threes_Pro_Style_Kazana,1,1,1
2026-08-22T00:00:00.000Z,Twos_Pro_Ability_SuperSprint,1,1,1
2026-08-22T00:00:00.000Z,Threes_Pro_Style_Kazana2,1,1,0
2026-08-22T00:00:00.000Z,Twos_Pro_Style_Mikage2,1,1,1
2026-08-22T00:00:00.000Z,Twos_Legend_Style_Mikage4,2,2,1
2026-08-22T00:00:00.000Z,Seasonal_Gold_Style_TimeskipTobio3,4,2,2
2026-08-22T00:00:00.000Z,Seasonal_Pro_Style_Kazana3,11,10,7
2026-08-22T00:00:00.000Z,OnesMini_Diamond_Style_Twin1_2,1,1,1
2026-08-22T00:00:00.000Z,Twos_Pro_Style_Twin1_4,2,0,0
2026-08-22T00:00:00.000Z,Fours_Diamond_Style_TeamCaptain,1,0,0
2026-08-22T00:00:00.000Z,Sixes_Bronze_Style_Daichi,1,0,0
2026-08-22T00:00:00.000Z,Casual-Threes_Silver_Style_TimeskipToru2,2,1,0
2026-08-22T00:00:00.000Z,Ones_Diamond_Ability_SteelBlock,1,0,0
2026-08-22T00:00:00.000Z,Twos_Legend_Style_Yogan,1,1,1
2026-08-22T00:00:00.000Z,Ones_Silver_Ability_ShieldBreaker,13128,7408,7408
2026-08-22T00:00:00.000Z,OnesMini_Silver_Style_Wakatoshi,1744,558,558
2026-08-22T00:00:00.000Z,OnesMini_Silver_Ability_LeadFeet,7861,4969,4969
2026-08-22T00:00:00.000Z,OnesMini_Silver_Ability_Moonball,1911,701,701
2026-08-22T00:00:00.000Z,Twos_Silver_Ability_MagneticPull,79130,41593,21702
2026-08-22T00:00:00.000Z,Ones_Silver_Style_Roketto,1417,631,631
2026-08-22T00:00:00.000Z,Ones_Silver_Ability_CurveSpike,6390,2756,2756
2026-08-22T00:00:00.000Z,Twos_Silver_Style_TimeskipShoyo2,8135,4659,2585
2026-08-22T00:00:00.000Z,OnesMini_Silver_Style_Encho,1312,827,827
2026-08-22T00:00:00.000Z,Duel_Silver_Style_Kimiro,369,123,123
2026-08-22T00:00:00.000Z,Ones_Silver_Style_Toru,544,118,118
2026-08-22T00:00:00.000Z,Duel_Silver_Style_Riku,186,91,91
2026-08-22T00:00:00.000Z,Ones_Silver_Style_Hidari3,5321,2772,2772
2026-08-22T00:00:00.000Z,Casual-Twos_Silver_Ability_BoomJump,2644,1304,625
2026-08-22T00:00:00.000Z,OnesMini_Silver_Ability_TeamSpirit,474,121,121
2026-08-22T00:00:00.000Z,Twos_Gold_Style_Jester,787,420,210
2026-08-22T00:00:00.000Z,Seasonal_Silver_Style_Jester2,2292,1146,575
2026-08-22T00:00:00.000Z,Seasonal_Silver_Ability_LeadFeet,20556,12632,7449
2026-08-22T00:00:00.000Z,Seasonal_Silver_Style_Kazana3,1955,1081,602
2026-08-22T00:00:00.000Z,Seasonal_Silver_Style_Hidari2,505,272,142
2026-08-22T00:00:00.000Z,Seasonal_Silver_Style_Tobio,1882,603,203
2026-08-22T00:00:00.000Z,Seasonal_Silver_Style_Kei,279,86,24
2026-08-22T00:00:00.000Z,Casual-Twos_Silver_Style_TimeskipShoyo4,5099,2638,1348
2026-08-22T00:00:00.000Z,Casual-Twos_Silver_Style_Kenma,83,24,8
2026-08-22T00:00:00.000Z,Seasonal_Silver_Style_Encho2,1977,1232,752
2026-08-22T00:00:00.000Z,Seasonal_Silver_Style_Morisuke,525,122,25
2026-08-22T00:00:00.000Z,Seasonal_Bronze_Ability_MagneticPull,9069,3976,2027
2026-08-22T00:00:00.000Z,Casual-Twos_Silver_Style_Kurai,1104,641,365
2026-08-22T00:00:00.000Z,Ones_Bronze_Style_Rintaro,6388,3324,3324
2026-08-22T00:00:00.000Z,OnesMini_Gold_Style_TimeskipShoyo4,179,91,91
2026-08-22T00:00:00.000Z,OnesMini_Bronze_Ability_RollingThunder,448,155,155
2026-08-22T00:00:00.000Z,OnesMini_Bronze_Style_Roketto,479,237,237
2026-08-22T00:00:00.000Z,Casual-Threes_Silver_Ability_MagneticPull,465,272,102
2026-08-22T00:00:00.000Z,OnesMini_Bronze_Style_Toru,545,220,220
2026-08-22T00:00:00.000Z,Ones_Bronze_Ability_SteelBlock,1851,702,702
2026-08-22T00:00:00.000Z,Seasonal_Silver_Style_Twin1_3,317,173,90
2026-08-22T00:00:00.000Z,OnesMini_Gold_Style_Kurai,131,76,76
2026-08-22T00:00:00.000Z,Twos_Silver_Style_Feiko,3118,1538,822
2026-08-22T00:00:00.000Z,Twos_Diamond_Ability_RedirectionJump,1180,650,332
2026-08-22T00:00:00.000Z,Threes_Silver_Style_Kenma,177,41,5
2026-08-22T00:00:00.000Z,Threes_Silver_Style_Samurai,1399,786,246
2026-08-22T00:00:00.000Z,Ones_Bronze_Style_Twin1_3,11,3,3
2026-08-22T00:00:00.000Z,Twos_Bronze_Style_Tobio,2398,787,359
2026-08-22T00:00:00.000Z,Threes_Silver_Ability_BoomJump,2254,1025,275
2026-08-22T00:00:00.000Z,Ones_Bronze_Style_Kijo2,262,144,144
2026-08-22T00:00:00.000Z,Casual-Ones_Silver_Style_Kurai2,219,113,113
2026-08-22T00:00:00.000Z,Threes_Silver_Style_Feiko2,763,421,208
2026-08-22T00:00:00.000Z,Twos_Pro_Ability_ShieldBreaker,1299,711,325
2026-08-22T00:00:00.000Z,Twos_Pro_Style_TimeskipShoyo4,195,91,47
2026-08-22T00:00:00.000Z,Threes_Silver_Style_Kurai,1876,1012,390
2026-08-22T00:00:00.000Z,Threes_Silver_Style_Mikage4,4822,2599,1156
2026-08-22T00:00:00.000Z,Fours_Silver_Style_Roketto,142,66,21
2026-08-22T00:00:00.000Z,Ones_Silver_Style_TeamCaptain3,127,68,68
2026-08-22T00:00:00.000Z,Threes_Silver_Style_Jester3,649,336,80
2026-08-22T00:00:00.000Z,Casual-Threes_Silver_Style_Feiko,37,20,9
2026-08-22T00:00:00.000Z,Threes_Gold_Style_TimeskipShoyo3,472,308,68
2026-08-22T00:00:00.000Z,Threes_Gold_Ability_LeadFeet,1585,976,377
2026-08-22T00:00:00.000Z,Threes_Silver_Style_Hajime,114,33,6
2026-08-22T00:00:00.000Z,Twos_Diamond_Style_Jester,142,86,56
2026-08-22T00:00:00.000Z,Threes_Bronze_Style_Twin1,39,17,7
2026-08-22T00:00:00.000Z,Seasonal_Bronze_Style_Feiko,322,136,54
2026-08-22T00:00:00.000Z,Twos_Gold_Style_Hidari2,291,154,76
2026-08-22T00:00:00.000Z,Fours_Silver_Style_Kumo,77,28,7
2026-08-22T00:00:00.000Z,Twos_Gold_Style_Ryunosuke,11,5,2
2026-08-22T00:00:00.000Z,Twos_Gold_Style_Taketora,12,4,3
2026-08-22T00:00:00.000Z,Twos_Bronze_Style_Morisuke,569,123,42
2026-08-22T00:00:00.000Z,Twos_Bronze_Style_Kazana3,798,382,183
2026-08-22T00:00:00.000Z,Twos_Bronze_Style_Kei,358,80,21
2026-08-22T00:00:00.000Z,Twos_Bronze_Style_TimeskipShoyo3,1716,912,506
2026-08-22T00:00:00.000Z,Twos_Bronze_Ability_DivineStrength,2867,1014,433
2026-08-22T00:00:00.000Z,OnesMini_Bronze_Style_Kumo,83,44,44
2026-08-22T00:00:00.000Z,Twos_Gold_Ability_ZeroGravitySet,158,81,52
2026-08-22T00:00:00.000Z,OnesMini_Bronze_Style_Twin1_2,29,18,18
2026-08-22T00:00:00.000Z,Threes_Gold_Style_Kei,8,5,3
2026-08-22T00:00:00.000Z,Seasonal_Bronze_Style_TeamCaptain3,217,86,54
2026-08-22T00:00:00.000Z,Seasonal_Bronze_Style_Kazana,91,34,20
2026-08-22T00:00:00.000Z,Fours_Gold_Style_TimeskipTobio2,82,66,47
2026-08-22T00:00:00.000Z,Twos_Bronze_Style_Twin1_3,220,92,48
2026-08-22T00:00:00.000Z,Twos_Pro_Style_TimeskipTobio3,2,1,1
2026-08-22T00:00:00.000Z,Sixes_Silver_Style_Encho2,8,4,1
2026-08-22T00:00:00.000Z,Sixes_Silver_Style_Riku,8,2,0
2026-08-22T00:00:00.000Z,Sixes_Silver_Ability_SteelBlock,46,10,1
2026-08-22T00:00:00.000Z,Threes_Bronze_Style_TeamCaptain4,152,63,30
2026-08-22T00:00:00.000Z,Twos_Bronze_Style_Twin2_4,192,80,43
2026-08-22T00:00:00.000Z,Threes_Gold_Style_Kazana3,176,110,36
2026-08-22T00:00:00.000Z,Threes_Bronze_Style_Hidari,81,40,16
2026-08-22T00:00:00.000Z,Threes_Gold_Style_Encho2,126,79,33
2026-08-22T00:00:00.000Z,Sixes_Silver_Style_Kimiro,25,7,0
2026-08-22T00:00:00.000Z,Sixes_Silver_Style_Kijo2,14,6,0
2026-08-22T00:00:00.000Z,Fours_Bronze_Style_TimeskipTobio2,31,15,4
2026-08-22T00:00:00.000Z,Fours_Silver_Style_Twin2,12,7,3
2026-08-22T00:00:00.000Z,Threes_Bronze_Style_Jester2,282,113,26
2026-08-22T00:00:00.000Z,OnesMini_Gold_Style_Koshi,3,2,2
2026-08-22T00:00:00.000Z,Fours_Bronze_Style_TeamCaptain,26,5,3
2026-08-22T00:00:00.000Z,OnesMini_Silver_Style_TimeskipTobio,6,0,0
2026-08-22T00:00:00.000Z,Twos_Diamond_Style_Hidari2,30,18,12
2026-08-22T00:00:00.000Z,Seasonal_Gold_Ability_MagneticPull,1874,1120,571
2026-08-22T00:00:00.000Z,Fours_Diamond_Style_TimeskipTobio2,52,45,25
2026-08-22T00:00:00.000Z,Twos_Gold_Style_Kei,21,13,7
2026-08-22T00:00:00.000Z,Fours_Bronze_Style_Mikage3,22,12,6
2026-08-22T00:00:00.000Z,Seasonal_Gold_Style_Twin1_4,121,78,34
2026-08-22T00:00:00.000Z,Sixes_Silver_Style_TimeskipTobio2,36,24,14
2026-08-22T00:00:00.000Z,Sixes_Bronze_Ability_MagneticPull,14,3,1
2026-08-22T00:00:00.000Z,Seasonal_Gold_Style_Yogan2,93,53,29
2026-08-22T00:00:00.000Z,Seasonal_Gold_Style_Hakka,46,30,16
2026-08-22T00:00:00.000Z,Ones_Diamond_Ability_Moonball,11,8,8
2026-08-22T00:00:00.000Z,Threes_Pro_Style_TimeskipShoyo2,40,31,7
2026-08-22T00:00:00.000Z,Fours_Gold_Style_Twin1_3,1,1,1
2026-08-22T00:00:00.000Z,Threes_Diamond_Style_Ibara,14,8,2
2026-08-22T00:00:00.000Z,Duel_Silver_Style_Twin1_3,14,6,6
2026-08-22T00:00:00.000Z,Casual-Fours_Silver_Ability_ShieldBreaker,6,4,1
2026-08-22T00:00:00.000Z,Casual-Fours_Silver_Ability_RollingThunder,1,1,0
2026-08-22T00:00:00.000Z,Twos_Diamond_Style_Taketora,2,1,0
2026-08-22T00:00:00.000Z,OnesMini_Gold_Style_Feiko2,2,0,0
2026-08-22T00:00:00.000Z,Ones_Bronze_Style_TimeskipTobio2,11,3,3
2026-08-22T00:00:00.000Z,OnesMini_Gold_Style_Kotaru,39,22,22
2026-08-22T00:00:00.000Z,Fours_Gold_Style_Kimiro,3,2,0
2026-08-22T00:00:00.000Z,Seasonal_Gold_Style_Kotaru,13,7,4
2026-08-22T00:00:00.000Z,Duel_Silver_Style_TimeskipTobio2,14,9,9
2026-08-22T00:00:00.000Z,Ones_Diamond_Ability_RedirectionJump,5,4,4
2026-08-22T00:00:00.000Z,Sixes_Silver_Style_Morisuke,7,0,0
2026-08-22T00:00:00.000Z,Twos_Diamond_Style_Ryunosuke,2,1,0
2026-08-22T00:00:00.000Z,Fours_Bronze_Style_TimeskipToru3,2,1,1
2026-08-22T00:00:00.000Z,Casual-Fours_Silver_Ability_CurveSpike,5,0,0
2026-08-22T00:00:00.000Z,Seasonal_Diamond_Ability_BoomJump,17,10,3
2026-08-22T00:00:00.000Z,Twos_Diamond_Style_Lev,1,0,0
2026-08-22T00:00:00.000Z,Twos_Pro_Style_Kotaru,4,2,2
2026-08-22T00:00:00.000Z,Fours_Pro_Ability_BoomJump,7,4,0
2026-08-22T00:00:00.000Z,Sixes_Bronze_Style_Hakka,1,0,0
2026-08-22T00:00:00.000Z,Ones_Diamond_Style_Riku,9,7,7
2026-08-22T00:00:00.000Z,OnesMini_Gold_Style_Kenma,1,0,0
2026-08-22T00:00:00.000Z,Sixes_Bronze_Style_Kotaru,1,0,0
2026-08-22T00:00:00.000Z,Sixes_Gold_Style_Kazana,2,1,0
2026-08-22T00:00:00.000Z,Twos_Legend_Style_TimeskipShoyo2,24,17,6
2026-08-22T00:00:00.000Z,Seasonal_Diamond_Style_Mikage2,8,8,1
2026-08-22T00:00:00.000Z,Threes_Gold_Ability_TeamSpirit,2,1,0
2026-08-22T00:00:00.000Z,Seasonal_Diamond_Style_Jester3,7,6,1
2026-08-22T00:00:00.000Z,Threes_Gold_Style_Tobio,2,1,0
2026-08-22T00:00:00.000Z,Sixes_Silver_Style_Twin2_4,1,1,0
2026-08-22T00:00:00.000Z,Twos_Diamond_Style_TeamCaptain2,5,4,2
2026-08-22T00:00:00.000Z,Sixes_Bronze_Style_Tadashi,1,0,0
2026-08-22T00:00:00.000Z,Sixes_Bronze_Style_Tetsuro,1,0,0
2026-08-22T00:00:00.000Z,Seasonal_Diamond_Style_Twin1_2,1,1,0
2026-08-22T00:00:00.000Z,Fours_Pro_Style_Kumo,1,0,0
2026-08-22T00:00:00.000Z,Twos_Pro_Style_Asahi,2,0,0
2026-08-22T00:00:00.000Z,Seasonal_Gold_Style_Tetsuro,1,0,0
2026-08-22T00:00:00.000Z,Sixes_Bronze_Style_Yogan2,1,0,0
2026-08-22T00:00:00.000Z,Ones_Silver_Style_Rintaro,27335,14630,14630
2026-08-22T00:00:00.000Z,OnesMini_Silver_Style_Roketto,1554,742,742
2026-08-22T00:00:00.000Z,OnesMini_Silver_Style_Asahi,505,154,154
2026-08-22T00:00:00.000Z,Ones_Silver_Style_Wakatoshi,1924,598,598
2026-08-22T00:00:00.000Z,Twos_Silver_Ability_ZeroGravitySet,7388,2290,967
2026-08-22T00:00:00.000Z,Twos_Silver_Ability_SteelBlock,14939,5859,2812
2026-08-22T00:00:00.000Z,OnesMini_Silver_Style_Shinsuke,100,25,25
2026-08-22T00:00:00.000Z,OnesMini_Silver_Style_TimeskipTobio3,37,20,20
2026-08-22T00:00:00.000Z,OnesMini_Silver_Style_Shoyo,216,72,72
2026-08-22T00:00:00.000Z,OnesMini_Silver_Style_Twin1_2,314,189,189
2026-08-22T00:00:00.000Z,OnesMini_Bronze_Style_Wakatoshi,872,302,302
2026-08-22T00:00:00.000Z,Casual-Ones_Silver_Ability_SteelBlock,469,200,200
2026-08-22T00:00:00.000Z,OnesMini_Silver_Style_Daichi,314,78,78
2026-08-22T00:00:00.000Z,Seasonal_Silver_Style_Hidari3,9699,4840,2447
2026-08-22T00:00:00.000Z,Seasonal_Silver_Style_Kazana2,749,421,218
2026-08-22T00:00:00.000Z,Seasonal_Silver_Style_Twin1_4,1029,560,287
2026-08-22T00:00:00.000Z,Ones_Silver_Style_Tobio,1090,348,348
2026-08-22T00:00:00.000Z,Duel_Silver_Style_Kurai,199,113,113
2026-08-22T00:00:00.000Z,Duel_Silver_Style_Twin2,9,2,2
2026-08-22T00:00:00.000Z,Casual-Twos_Silver_Style_TimeskipShoyo3,2925,1602,830
2026-08-22T00:00:00.000Z,Threes_Silver_Style_TimeskipTobio2,991,613,365
2026-08-22T00:00:00.000Z,Twos_Gold_Ability_ShieldBreaker,16462,9078,4545
2026-08-22T00:00:00.000Z,Twos_Silver_Style_Jester,2677,1352,642
2026-08-22T00:00:00.000Z,Seasonal_Silver_Style_Jester3,1727,870,376
2026-08-22T00:00:00.000Z,Twos_Gold_Style_TimeskipShoyo2,4502,2551,1332
2026-08-22T00:00:00.000Z,Ones_Gold_Style_Mikage4,395,192,192
2026-08-22T00:00:00.000Z,OnesMini_Bronze_Style_Rintaro,4864,2451,2451
2026-08-22T00:00:00.000Z,OnesMini_Silver_Style_Koshi,107,29,29
2026-08-22T00:00:00.000Z,Ones_Silver_Style_Hidari2,326,180,180
2026-08-22T00:00:00.000Z,Seasonal_Silver_Style_Yu,302,84,29
2026-08-22T00:00:00.000Z,Twos_Silver_Ability_Moonball,4765,1607,689
2026-08-22T00:00:00.000Z,Ones_Silver_Style_Taketora,298,88,88
2026-08-22T00:00:00.000Z,Twos_Silver_Style_Kei,717,201,88
2026-08-22T00:00:00.000Z,Casual-Twos_Silver_Ability_DivineStrength,702,258,122
2026-08-22T00:00:00.000Z,Seasonal_Silver_Style_Yogan,274,163,88
2026-08-22T00:00:00.000Z,Seasonal_Silver_Style_Hakka2,280,143,83
2026-08-22T00:00:00.000Z,Ones_Bronze_Style_Kurai,299,181,181
2026-08-22T00:00:00.000Z,Ones_Gold_Ability_CurveSpike,111,57,57
2026-08-22T00:00:00.000Z,Casual-Ones_Silver_Style_Lev,53,31,31
2026-08-22T00:00:00.000Z,Seasonal_Silver_Style_Mikage,262,156,76
2026-08-22T00:00:00.000Z,Twos_Gold_Style_Feiko2,90,60,34
2026-08-22T00:00:00.000Z,Casual-Twos_Silver_Style_TimeskipTobio2,144,70,26
2026-08-22T00:00:00.000Z,Ones_Gold_Style_Samurai,56,24,24
2026-08-22T00:00:00.000Z,Twos_Bronze_Style_TimeskipShoyo4,3526,1770,894
2026-08-22T00:00:00.000Z,OnesMini_Bronze_Style_Tobio,714,290,290
2026-08-22T00:00:00.000Z,Seasonal_Silver_Style_TimeskipToru,133,87,36
2026-08-22T00:00:00.000Z,Twos_Diamond_Ability_MagneticPull,1223,625,328
2026-08-22T00:00:00.000Z,Ones_Bronze_Style_Kazana,15,9,9
2026-08-22T00:00:00.000Z,Fours_Silver_Style_Riku,106,47,9
2026-08-22T00:00:00.000Z,Threes_Silver_Style_Kijo,1715,968,360
2026-08-22T00:00:00.000Z,Casual-Ones_Silver_Style_Morisuke,61,14,14
2026-08-22T00:00:00.000Z,Duel_Silver_Style_Shoyo,97,38,38
2026-08-22T00:00:00.000Z,Ones_Bronze_Ability_RollingThunder,497,179,179
2026-08-22T00:00:00.000Z,Threes_Silver_Style_Jester2,785,377,94
2026-08-22T00:00:00.000Z,OnesMini_Diamond_Ability_LeadFeet,287,175,175
2026-08-22T00:00:00.000Z,OnesMini_Silver_Style_Kazana,62,29,29
2026-08-22T00:00:00.000Z,Twos_Gold_Style_Kumo,154,80,42
2026-08-22T00:00:00.000Z,Twos_Bronze_Style_Kazana2,505,232,113
2026-08-22T00:00:00.000Z,Threes_Gold_Style_Kazana2,79,49,13
2026-08-22T00:00:00.000Z,Casual-Threes_Silver_Ability_SteelBlock,168,52,15
2026-08-22T00:00:00.000Z,Casual-Threes_Silver_Ability_ZeroGravitySet,82,31,3
2026-08-22T00:00:00.000Z,Threes_Bronze_Ability_MagneticPull,3649,1564,528
2026-08-22T00:00:00.000Z,Twos_Gold_Style_Hajime,29,18,13
2026-08-22T00:00:00.000Z,Twos_Bronze_Ability_BoomJump,4057,1540,658
2026-08-22T00:00:00.000Z,Seasonal_Bronze_Ability_ZeroGravitySet,1604,500,177
2026-08-22T00:00:00.000Z,Ones_Bronze_Style_Kenma,104,20,20
2026-08-22T00:00:00.000Z,Ones_Bronze_Style_Shoyo,90,20,20
2026-08-22T00:00:00.000Z,Twos_Bronze_Style_Twin2_3,108,46,26
2026-08-22T00:00:00.000Z,OnesMini_Bronze_Style_Twin1,27,12,12
2026-08-22T00:00:00.000Z,OnesMini_Gold_Ability_SteelBlock,72,35,35
2026-08-22T00:00:00.000Z,Fours_Silver_Style_Kimiro,277,108,12
2026-08-22T00:00:00.000Z,Fours_Silver_Style_Ibara,61,39,11
2026-08-22T00:00:00.000Z,Threes_Gold_Style_TimeskipShoyo4,474,280,75
2026-08-22T00:00:00.000Z,Threes_Gold_Style_Yogan,20,9,3
2026-08-22T00:00:00.000Z,Seasonal_Bronze_Style_Jester,462,215,92
2026-08-22T00:00:00.000Z,Threes_Bronze_Ability_FourthTouch,1956,828,277
2026-08-22T00:00:00.000Z,Seasonal_Bronze_Style_TeamCaptain4,261,108,58
2026-08-22T00:00:00.000Z,Duel_Silver_Style_Koshi,36,10,10
2026-08-22T00:00:00.000Z,Fours_Silver_Ability_TeamSpirit,68,22,2
2026-08-22T00:00:00.000Z,Ones_Silver_Style_TeamCaptain2,76,41,41
2026-08-22T00:00:00.000Z,Fours_Gold_Style_TimeskipTobio3,30,27,16
2026-08-22T00:00:00.000Z,Fours_Gold_Style_Kurai,23,18,1
2026-08-22T00:00:00.000Z,Ones_Bronze_Ability_SuperSprint,323,104,104
2026-08-22T00:00:00.000Z,Twos_Bronze_Style_Twin1_4,547,243,133
2026-08-22T00:00:00.000Z,Threes_Bronze_Style_TeamCaptain3,192,66,30
2026-08-22T00:00:00.000Z,Fours_Silver_Style_Encho2,57,31,10
2026-08-22T00:00:00.000Z,Ones_Bronze_Style_Hakka,41,23,23
2026-08-22T00:00:00.000Z,Casual-Threes_Silver_Style_Morisuke,17,5,1
2026-08-22T00:00:00.000Z,OnesMini_Gold_Ability_ZeroGravitySet,44,19,19
2026-08-22T00:00:00.000Z,Ones_Silver_Style_Twin2_2,27,13,13
2026-08-22T00:00:00.000Z,Duel_Silver_Style_Twin1_2,18,6,6
2026-08-22T00:00:00.000Z,Ones_Bronze_Style_Daichi,160,39,39
2026-08-22T00:00:00.000Z,Sixes_Silver_Style_Shoyo,2,2,0
2026-08-22T00:00:00.000Z,Ones_Silver_Style_Twin1,19,8,8
2026-08-22T00:00:00.000Z,Seasonal_Bronze_Style_Kei,79,30,10
2026-08-22T00:00:00.000Z,Fours_Silver_Style_Hidari,35,19,4
2026-08-22T00:00:00.000Z,Duel_Silver_Style_TimeskipToru2,11,5,5
2026-08-22T00:00:00.000Z,Twos_Bronze_Style_Hakka2,205,95,61
2026-08-22T00:00:00.000Z,Fours_Bronze_Style_Mikage4,105,36,10
2026-08-22T00:00:00.000Z,Sixes_Silver_Style_TimeskipTobio3,11,5,4
2026-08-22T00:00:00.000Z,Fours_Bronze_Style_Tetsuro,21,5,1
2026-08-22T00:00:00.000Z,Twos_Pro_Ability_Moonball,2,2,2
2026-08-22T00:00:00.000Z,OnesMini_Gold_Style_TeamCaptain4,5,0,0
2026-08-22T00:00:00.000Z,Duel_Silver_Style_Hakka,30,14,14
2026-08-22T00:00:00.000Z,Seasonal_Gold_Style_Kazana3,218,159,103
2026-08-22T00:00:00.000Z,Ones_Gold_Style_Tetsuro,7,5,5
2026-08-22T00:00:00.000Z,Seasonal_Gold_Style_Encho,557,372,241
2026-08-22T00:00:00.000Z,Sixes_Silver_Style_Hakka,2,1,0
2026-08-22T00:00:00.000Z,Twos_Gold_Style_Kotaru,104,59,30
2026-08-22T00:00:00.000Z,Sixes_Silver_Style_Shinsuke,2,1,0
2026-08-22T00:00:00.000Z,Ones_Gold_Style_Feiko,7,3,3
2026-08-22T00:00:00.000Z,Fours_Silver_Style_Ryunosuke,10,0,0
2026-08-22T00:00:00.000Z,Ones_Bronze_Style_Shinsuke,57,7,7
2026-08-22T00:00:00.000Z,Ones_Bronze_Style_TimeskipTobio3,6,1,1
2026-08-22T00:00:00.000Z,Twos_Diamond_Style_Toru,2,0,0
2026-08-22T00:00:00.000Z,Sixes_Silver_Ability_RollingThunder,13,1,0
2026-08-22T00:00:00.000Z,Twos_Pro_Style_TeamCaptain4,1,1,1
2026-08-22T00:00:00.000Z,Duel_Silver_Style_TimeskipTobio3,12,6,6
2026-08-22T00:00:00.000Z,Casual-Threes_Silver_Style_Jester,22,12,8
2026-08-22T00:00:00.000Z,Threes_Diamond_Style_TimeskipShoyo,18,12,1
2026-08-22T00:00:00.000Z,OnesMini_Gold_Style_Kei,9,6,6
2026-08-22T00:00:00.000Z,Ones_Bronze_Style_Twin1_2,3,0,0
2026-08-22T00:00:00.000Z,Seasonal_Gold_Style_Twin1,33,26,10
2026-08-22T00:00:00.000Z,OnesMini_Gold_Style_Lev,1,0,0
2026-08-22T00:00:00.000Z,Threes_Pro_Ability_RedirectionJump,4,3,1
2026-08-22T00:00:00.000Z,Fours_Diamond_Style_Kurai,14,10,0
2026-08-22T00:00:00.000Z,Fours_Gold_Style_Roketto,9,9,0
2026-08-22T00:00:00.000Z,Sixes_Bronze_Style_Rintaro,10,0,0
2026-08-22T00:00:00.000Z,Sixes_Bronze_Style_Twin1,1,0,0
2026-08-22T00:00:00.000Z,Threes_Diamond_Style_Samurai,25,16,5
2026-08-22T00:00:00.000Z,Threes_Pro_Ability_LeadFeet,42,31,23
2026-08-22T00:00:00.000Z,Fours_Pro_Style_TimeskipTobio,2,1,1
2026-08-22T00:00:00.000Z,Seasonal_Gold_Style_Wakatoshi,17,14,12
2026-08-22T00:00:00.000Z,Threes_Gold_Style_TimeskipToru,3,0,0
2026-08-22T00:00:00.000Z,Seasonal_Diamond_Style_Encho2,87,58,38
2026-08-22T00:00:00.000Z,Ones_Diamond_Style_TimeskipShoyo4,8,5,5
2026-08-22T00:00:00.000Z,Fours_Diamond_Style_TimeskipTobio3,22,14,9
2026-08-22T00:00:00.000Z,Seasonal_Gold_Style_Tobio,10,5,3
2026-08-22T00:00:00.000Z,Duel_Silver_Style_Kazana,12,8,8
2026-08-22T00:00:00.000Z,Twos_Diamond_Style_TeamCaptain3,7,1,1
2026-08-22T00:00:00.000Z,Seasonal_Diamond_Style_Mikage3,9,5,3
2026-08-22T00:00:00.000Z,Seasonal_Diamond_Style_Riku,79,58,31
2026-08-22T00:00:00.000Z,Fours_Gold_Style_Hakka,4,4,4
2026-08-22T00:00:00.000Z,Fours_Diamond_Style_Twin1_2,1,1,0
2026-08-22T00:00:00.000Z,Duel_Silver_Style_Mikage2,19,9,9
2026-08-22T00:00:00.000Z,Seasonal_Diamond_Style_Ibara,10,10,0
2026-08-22T00:00:00.000Z,Seasonal_Diamond_Style_Hidari,14,7,4
2026-08-22T00:00:00.000Z,Threes_Diamond_Ability_CurveSpike,15,10,5
2026-08-22T00:00:00.000Z,Sixes_Bronze_Style_Kazana3,1,0,0
2026-08-22T00:00:00.000Z,Sixes_Bronze_Style_Taketora,1,0,0
2026-08-22T00:00:00.000Z,Twos_Diamond_Style_Feiko2,13,7,5
2026-08-22T00:00:00.000Z,Seasonal_Diamond_Style_TimeskipTobio,1,1,0
2026-08-22T00:00:00.000Z,Fours_Bronze_Style_TimeskipShoyo,3,3,1
2026-08-22T00:00:00.000Z,Sixes_Diamond_Ability_LeadFeet,3,1,0
2026-08-22T00:00:00.000Z,Sixes_Silver_Style_Koshi,2,0,0
2026-08-22T00:00:00.000Z,Threes_Pro_Style_TimeskipShoyo3,29,21,8
2026-08-22T00:00:00.000Z,Casual-Threes_Silver_Style_Lev,2,1,0
2026-08-22T00:00:00.000Z,Ones_Diamond_Style_Yogan,6,3,3
2026-08-22T00:00:00.000Z,Twos_Diamond_Style_Hajime,1,1,0
2026-08-22T00:00:00.000Z,Sixes_Bronze_Style_TeamCaptain2,1,1,0
2026-08-22T00:00:00.000Z,Threes_Diamond_Style_Tetsuro,1,0,0
2026-08-22T00:00:00.000Z,OnesMini_Silver_Style_Twin1_4,1296,799,799
2026-08-22T00:00:00.000Z,Twos_Silver_Ability_LeadFeet,35407,20170,11156
2026-08-22T00:00:00.000Z,Ones_Silver_Style_Kimiro,980,293,293
2026-08-22T00:00:00.000Z,Ones_Silver_Style_Lev,208,45,45
2026-08-22T00:00:00.000Z,Duel_Silver_Style_Mikage4,1082,674,674
2026-08-22T00:00:00.000Z,OnesMini_Silver_Style_Kurai2,883,536,536
2026-08-22T00:00:00.000Z,Ones_Silver_Ability_Moonball,2143,774,774
2026-08-22T00:00:00.000Z,OnesMini_Gold_Style_Rintaro,675,340,340
2026-08-22T00:00:00.000Z,Ones_Silver_Style_Kijo2,1396,771,771
2026-08-22T00:00:00.000Z,Duel_Silver_Style_TimeskipShoyo4,464,238,238
2026-08-22T00:00:00.000Z,Ones_Silver_Style_Ohira,273,89,89
2026-08-22T00:00:00.000Z,OnesMini_Silver_Style_Yu,267,67,67
2026-08-22T00:00:00.000Z,OnesMini_Silver_Style_Tetsuro,436,133,133
2026-08-22T00:00:00.000Z,Casual-Ones_Silver_Style_Wakatoshi,233,76,76
2026-08-22T00:00:00.000Z,Seasonal_Silver_Style_Kurai,3612,2116,1237
2026-08-22T00:00:00.000Z,Ones_Silver_Style_Twin2_4,60,25,25
2026-08-22T00:00:00.000Z,Casual-Twos_Silver_Ability_ZeroGravitySet,666,195,82
2026-08-22T00:00:00.000Z,Duel_Silver_Ability_CurveSpike,1247,575,575
2026-08-22T00:00:00.000Z,OnesMini_Bronze_Ability_TeamSpirit,260,65,65
2026-08-22T00:00:00.000Z,Twos_Gold_Style_TimeskipShoyo4,6280,3329,1700
2026-08-22T00:00:00.000Z,Twos_Silver_Style_TimeskipShoyo3,9789,5629,3033
2026-08-22T00:00:00.000Z,Ones_Silver_Style_Ibara,333,209,209
2026-08-22T00:00:00.000Z,OnesMini_Silver_Style_Hakka2,98,51,51
2026-08-22T00:00:00.000Z,Casual-Twos_Silver_Style_Kimiro,584,199,119
2026-08-22T00:00:00.000Z,Threes_Silver_Ability_ZeroGravitySet,1819,601,118
2026-08-22T00:00:00.000Z,Seasonal_Silver_Style_Twin1_2,398,240,133
2026-08-22T00:00:00.000Z,Seasonal_Silver_Style_Kenma,262,62,11
2026-08-22T00:00:00.000Z,Casual-Ones_Silver_Style_Kijo,282,157,157
2026-08-22T00:00:00.000Z,Seasonal_Silver_Style_Mikage2,376,221,123
2026-08-22T00:00:00.000Z,Threes_Silver_Style_Ohira,142,45,6
2026-08-22T00:00:00.000Z,Ones_Silver_Style_Mikage3,180,118,118
2026-08-22T00:00:00.000Z,Twos_Silver_Style_Twin2_2,487,245,146
2026-08-22T00:00:00.000Z,Twos_Gold_Style_Mikage4,1663,829,570
2026-08-22T00:00:00.000Z,Duel_Silver_Style_Hidari3,712,384,384
2026-08-22T00:00:00.000Z,Twos_Silver_Style_Taketora,636,151,63
2026-08-22T00:00:00.000Z,Casual-Threes_Silver_Style_Encho,12,9,1
2026-08-22T00:00:00.000Z,Casual-Threes_Silver_Ability_LeadFeet,271,151,53
2026-08-22T00:00:00.000Z,Casual-Threes_Silver_Style_Wakatoshi,76,21,2
2026-08-22T00:00:00.000Z,Ones_Gold_Style_Kumo,159,96,96
2026-08-22T00:00:00.000Z,Ones_Silver_Style_Ryunosuke,104,25,25
2026-08-22T00:00:00.000Z,Ones_Gold_Style_Kurai,218,116,116
2026-08-22T00:00:00.000Z,OnesMini_Bronze_Ability_Moonball,812,286,286
2026-08-22T00:00:00.000Z,Ones_Bronze_Ability_CurveSpike,2358,1026,1026
2026-08-22T00:00:00.000Z,Twos_Gold_Style_Hidari3,2811,1469,762
2026-08-22T00:00:00.000Z,Seasonal_Silver_Style_TimeskipTobio3,315,152,62
2026-08-22T00:00:00.000Z,Twos_Gold_Style_Samurai,864,468,241
2026-08-22T00:00:00.000Z,Casual-Twos_Silver_Style_Kei,46,10,4
2026-08-22T00:00:00.000Z,Seasonal_Silver_Style_Shinsuke,108,32,6
2026-08-22T00:00:00.000Z,Seasonal_Bronze_Ability_LeadFeet,4220,2191,1310
2026-08-22T00:00:00.000Z,Casual-Twos_Silver_Style_Kijo2,583,337,174
2026-08-22T00:00:00.000Z,Threes_Silver_Style_Kijo2,724,413,139
2026-08-22T00:00:00.000Z,OnesMini_Gold_Style_Twin1,37,20,20
2026-08-22T00:00:00.000Z,Casual-Twos_Silver_Style_Ohira,54,17,7
2026-08-22T00:00:00.000Z,Seasonal_Bronze_Style_Taketora,142,30,10
2026-08-22T00:00:00.000Z,Casual-Twos_Silver_Ability_TeamSpirit,148,51,23
2026-08-22T00:00:00.000Z,OnesMini_Bronze_Style_Ibara,60,41,41
2026-08-22T00:00:00.000Z,Twos_Bronze_Style_TeamCaptain3,614,284,142
2026-08-22T00:00:00.000Z,Twos_Diamond_Style_Hidari3,341,191,110
2026-08-22T00:00:00.000Z,Ones_Bronze_Style_Tadashi,40,9,9
2026-08-22T00:00:00.000Z,Threes_Silver_Ability_TeamSpirit,336,134,23
2026-08-22T00:00:00.000Z,Twos_Diamond_Style_Mikage,3,2,1
2026-08-22T00:00:00.000Z,Seasonal_Bronze_Style_TimeskipShoyo3,496,238,123
2026-08-22T00:00:00.000Z,Fours_Silver_Style_Encho,57,28,9
2026-08-22T00:00:00.000Z,Duel_Silver_Style_Samurai,141,81,81
2026-08-22T00:00:00.000Z,Twos_Bronze_Style_Hajime,246,66,23
2026-08-22T00:00:00.000Z,Casual-Threes_Silver_Style_Taketora,11,2,0
2026-08-22T00:00:00.000Z,OnesMini_Bronze_Style_Kei,184,58,58
2026-08-22T00:00:00.000Z,Threes_Silver_Style_Kei,155,49,8
2026-08-22T00:00:00.000Z,Twos_Pro_Style_Rintaro,885,459,234
2026-08-22T00:00:00.000Z,Twos_Gold_Style_TimeskipShoyo,481,290,155
2026-08-22T00:00:00.000Z,Twos_Bronze_Style_TimeskipShoyo2,1505,794,410
2026-08-22T00:00:00.000Z,Threes_Gold_Style_TimeskipShoyo2,554,361,96
2026-08-22T00:00:00.000Z,Ones_Bronze_Style_TimeskipShoyo4,531,289,289
2026-08-22T00:00:00.000Z,OnesMini_Bronze_Style_Kijo2,179,104,104
2026-08-22T00:00:00.000Z,Ones_Bronze_Style_Samurai,474,264,264
2026-08-22T00:00:00.000Z,OnesMini_Bronze_Style_Twin1_3,48,26,26
2026-08-22T00:00:00.000Z,Fours_Silver_Style_Kazana3,122,64,10
2026-08-22T00:00:00.000Z,Threes_Gold_Style_Kurai,250,153,48
2026-08-22T00:00:00.000Z,Twos_Diamond_Style_Mikage4,112,66,49
2026-08-22T00:00:00.000Z,Seasonal_Bronze_Style_TeamCaptain2,75,27,19
2026-08-22T00:00:00.000Z,Casual-Twos_Silver_Style_Lev,49,13,2
2026-08-22T00:00:00.000Z,Twos_Bronze_Style_Kotaru,3193,1007,371
2026-08-22T00:00:00.000Z,Fours_Silver_Style_Twin1,28,10,5
2026-08-22T00:00:00.000Z,Threes_Silver_Style_Lev,96,24,8
2026-08-22T00:00:00.000Z,Twos_Diamond_Style_TimeskipShoyo,115,65,25
2026-08-22T00:00:00.000Z,Twos_Bronze_Style_Kenma,462,124,38
2026-08-22T00:00:00.000Z,Casual-Ones_Silver_Style_Taketora,36,11,11
2026-08-22T00:00:00.000Z,Ones_Bronze_Style_Kazana2,115,60,60
2026-08-22T00:00:00.000Z,Threes_Silver_Style_Twin2_4,158,75,31
2026-08-22T00:00:00.000Z,Ones_Diamond_Ability_ShieldBreaker,135,87,87
2026-08-22T00:00:00.000Z,Threes_Gold_Style_Mikage2,47,28,9
2026-08-22T00:00:00.000Z,Twos_Bronze_Style_Twin1_2,315,142,77
2026-08-22T00:00:00.000Z,Fours_Bronze_Ability_MagneticPull,368,145,40
2026-08-22T00:00:00.000Z,Ones_Gold_Style_Feiko2,2,0,0
2026-08-22T00:00:00.000Z,Twos_Pro_Ability_DivineStrength,26,15,6
2026-08-22T00:00:00.000Z,Twos_Diamond_Style_Samurai,69,38,20
2026-08-22T00:00:00.000Z,Ones_Gold_Ability_FourthTouch,153,78,78
2026-08-22T00:00:00.000Z,Threes_Bronze_Ability_BoomJump,669,213,78
2026-08-22T00:00:00.000Z,Casual-Threes_Silver_Style_Kijo,46,34,15
2026-08-22T00:00:00.000Z,Casual-Threes_Silver_Style_Jester2,33,9,2
2026-08-22T00:00:00.000Z,Fours_Diamond_Ability_BoomJump,25,21,4
2026-08-22T00:00:00.000Z,Threes_Bronze_Style_Hakka2,59,24,10
2026-08-22T00:00:00.000Z,Threes_Gold_Ability_SuperSprint,16,10,3
2026-08-22T00:00:00.000Z,Threes_Bronze_Style_Jester3,198,72,18
2026-08-22T00:00:00.000Z,Fours_Bronze_Style_TimeskipShoyo2,55,21,3
2026-08-22T00:00:00.000Z,Fours_Bronze_Style_Hajime,4,0,0
2026-08-22T00:00:00.000Z,Fours_Silver_Style_TeamCaptain2,67,35,17
2026-08-22T00:00:00.000Z,Fours_Gold_Style_Samurai,6,3,0
2026-08-22T00:00:00.000Z,OnesMini_Bronze_Style_Ohira,113,31,31
2026-08-22T00:00:00.000Z,Fours_Bronze_Style_Roketto,45,16,1
2026-08-22T00:00:00.000Z,Fours_Gold_Style_Yogan,3,1,0
2026-08-22T00:00:00.000Z,Ones_Bronze_Style_Mikage,5,4,4
2026-08-22T00:00:00.000Z,Sixes_Silver_Style_TimeskipShoyo4,40,26,2
2026-08-22T00:00:00.000Z,Fours_Bronze_Style_TimeskipTobio3,32,16,10
2026-08-22T00:00:00.000Z,Fours_Bronze_Style_Mikage2,16,7,1
2026-08-22T00:00:00.000Z,Ones_Diamond_Ability_MagneticPull,79,45,45
2026-08-22T00:00:00.000Z,OnesMini_Diamond_Style_Encho2,42,26,26
2026-08-22T00:00:00.000Z,Ones_Diamond_Style_Kumo,25,16,16
2026-08-22T00:00:00.000Z,Fours_Silver_Style_Hidari2,26,15,0
2026-08-22T00:00:00.000Z,Seasonal_Gold_Style_Encho2,499,326,184
2026-08-22T00:00:00.000Z,Seasonal_Gold_Style_Riku,430,283,161
2026-08-22T00:00:00.000Z,Threes_Diamond_Ability_FourthTouch,67,46,17
2026-08-22T00:00:00.000Z,OnesMini_Bronze_Style_TimeskipTobio,2,2,2
2026-08-22T00:00:00.000Z,Seasonal_Gold_Style_Jester,159,96,52
2026-08-22T00:00:00.000Z,Sixes_Silver_Ability_BoomJump,35,15,2
2026-08-22T00:00:00.000Z,Seasonal_Gold_Style_Hidari,182,123,59
2026-08-22T00:00:00.000Z,Seasonal_Gold_Style_TeamCaptain,20,9,3
2026-08-22T00:00:00.000Z,Ones_Gold_Style_Kotaru,44,26,26
2026-08-22T00:00:00.000Z,Fours_Bronze_Style_Twin1_2,12,1,1
2026-08-22T00:00:00.000Z,Threes_Gold_Style_TeamCaptain3,48,27,20
2026-08-22T00:00:00.000Z,Seasonal_Gold_Ability_SteelBlock,111,58,33
2026-08-22T00:00:00.000Z,Fours_Bronze_Style_TimeskipToru2,4,1,0
2026-08-22T00:00:00.000Z,OnesMini_Diamond_Style_Ibara,6,2,2
2026-08-22T00:00:00.000Z,Ones_Diamond_Ability_FourthTouch,9,3,3
2026-08-22T00:00:00.000Z,Fours_Gold_Style_TimeskipShoyo4,48,35,5
2026-08-22T00:00:00.000Z,Ones_Silver_Style_TimeskipTobio,5,2,2
2026-08-22T00:00:00.000Z,Seasonal_Gold_Style_TimeskipToru3,34,24,10
2026-08-22T00:00:00.000Z,Sixes_Bronze_Style_TeamCaptain,1,0,0
2026-08-22T00:00:00.000Z,Duel_Silver_Style_Mikage,7,2,2
2026-08-22T00:00:00.000Z,Sixes_Silver_Style_Samurai,6,3,0
2026-08-22T00:00:00.000Z,Casual-Fours_Silver_Style_Ohira,1,1,0
2026-08-22T00:00:00.000Z,Threes_Diamond_Style_Feiko2,15,12,5
2026-08-22T00:00:00.000Z,Fours_Diamond_Style_TimeskipShoyo4,16,14,4
2026-08-22T00:00:00.000Z,Sixes_Silver_Style_Mikage,6,4,0
2026-08-22T00:00:00.000Z,OnesMini_Gold_Style_Tobio,5,1,1
2026-08-22T00:00:00.000Z,Fours_Bronze_Ability_SuperSprint,17,7,1
2026-08-22T00:00:00.000Z,Threes_Bronze_Style_TimeskipToru,18,12,7
2026-08-22T00:00:00.000Z,Seasonal_Diamond_Ability_LeadFeet,355,255,159
2026-08-22T00:00:00.000Z,Twos_Legend_Style_Jester2,7,4,3
2026-08-22T00:00:00.000Z,Twos_Pro_Style_TimeskipTobio2,2,0,0
2026-08-22T00:00:00.000Z,Fours_Bronze_Style_Shoyo,3,0,0
2026-08-22T00:00:00.000Z,Seasonal_Diamond_Style_Jester2,24,16,13
2026-08-22T00:00:00.000Z,Seasonal_Diamond_Style_Rintaro,89,73,41
2026-08-22T00:00:00.000Z,Twos_Legend_Style_TimeskipShoyo3,17,12,6
2026-08-22T00:00:00.000Z,Seasonal_Diamond_Style_Kazana3,36,25,20
2026-08-22T00:00:00.000Z,Ones_Gold_Style_Twin2,1,1,1
2026-08-22T00:00:00.000Z,Fours_Gold_Style_TimeskipShoyo,13,10,2
2026-08-22T00:00:00.000Z,Duel_Silver_Style_TimeskipToru,3,0,0
2026-08-22T00:00:00.000Z,Fours_Pro_Style_Jester2,4,3,0
2026-08-22T00:00:00.000Z,Ones_Diamond_Style_Roketto,11,9,9
2026-08-22T00:00:00.000Z,Sixes_Bronze_Ability_ZeroGravitySet,2,0,0
2026-08-22T00:00:00.000Z,Sixes_Bronze_Style_Jester,1,1,0
2026-08-22T00:00:00.000Z,Sixes_Bronze_Style_TeamCaptain4,4,0,0
2026-08-22T00:00:00.000Z,Ones_Bronze_Style_TimeskipToru,5,2,2
2026-08-22T00:00:00.000Z,Seasonal_Pro_Style_TimeskipShoyo4,6,5,2
2026-08-22T00:00:00.000Z,Fours_Pro_Style_Twin1,3,3,3
2026-08-22T00:00:00.000Z,Seasonal_Diamond_Ability_DivineStrength,8,4,1
2026-08-22T00:00:00.000Z,Threes_Pro_Style_TeamCaptain4,1,1,1
2026-08-22T00:00:00.000Z,Fours_Diamond_Style_Mikage,1,1,0
2026-08-22T00:00:00.000Z,Ones_Gold_Style_Koshi,1,1,1
2026-08-22T00:00:00.000Z,Sixes_Gold_Style_TimeskipShoyo3,5,5,2
2026-08-22T00:00:00.000Z,Threes_Gold_Style_Kenma,4,4,1
2026-08-22T00:00:00.000Z,OnesMini_Diamond_Style_Jester,1,1,1
2026-08-22T00:00:00.000Z,Fours_Pro_Style_Encho,1,0,0
2026-08-22T00:00:00.000Z,OnesMini_Pro_Ability_ShieldBreaker,1,0,0
2026-08-22T00:00:00.000Z,Ones_Gold_Style_Kenma,1,0,0
2026-08-22T00:00:00.000Z,Threes_Pro_Style_Jester,1,0,0
2026-08-22T00:00:00.000Z,Ones_Silver_Style_Encho2,1043,606,606
2026-08-22T00:00:00.000Z,OnesMini_Silver_Ability_CurveSpike,6091,2724,2724
2026-08-22T00:00:00.000Z,OnesMini_Silver_Style_TimeskipShoyo4,1367,821,821
2026-08-22T00:00:00.000Z,OnesMini_Silver_Ability_BoomJump,3175,1395,1395
2026-08-22T00:00:00.000Z,Ones_Silver_Ability_ZeroGravitySet,3386,1172,1172
2026-08-22T00:00:00.000Z,Ones_Silver_Style_Morisuke,452,106,106
2026-08-22T00:00:00.000Z,Ones_Silver_Style_Riku,1129,588,588
2026-08-22T00:00:00.000Z,Threes_Silver_Ability_SteelBlock,4446,1846,490
2026-08-22T00:00:00.000Z,Threes_Silver_Style_TeamCaptain4,609,314,167
2026-08-22T00:00:00.000Z,Casual-Ones_Silver_Ability_RedirectionJump,781,354,354
2026-08-22T00:00:00.000Z,Seasonal_Silver_Ability_MagneticPull,31121,16082,8263
2026-08-22T00:00:00.000Z,Casual-Twos_Silver_Ability_SteelBlock,1308,432,183
2026-08-22T00:00:00.000Z,Seasonal_Silver_Style_Kumo,1659,912,497
2026-08-22T00:00:00.000Z,Seasonal_Silver_Style_Kazana,259,156,74
2026-08-22T00:00:00.000Z,Seasonal_Silver_Ability_FourthTouch,8885,4294,2100
2026-08-22T00:00:00.000Z,OnesMini_Bronze_Ability_SteelBlock,1996,815,815
2026-08-22T00:00:00.000Z,Seasonal_Silver_Style_Asahi,530,147,35
2026-08-22T00:00:00.000Z,Duel_Silver_Style_Hakka2,23,12,12
2026-08-22T00:00:00.000Z,Ones_Silver_Style_Jester,692,365,365
2026-08-22T00:00:00.000Z,OnesMini_Bronze_Style_Morisuke,275,73,73
2026-08-22T00:00:00.000Z,Seasonal_Silver_Style_Hakka,457,266,165
2026-08-22T00:00:00.000Z,OnesMini_Gold_Style_Twin2_2,33,20,20
2026-08-22T00:00:00.000Z,Duel_Silver_Style_Kurai2,212,115,115
2026-08-22T00:00:00.000Z,Seasonal_Silver_Style_Daichi,325,82,23
2026-08-22T00:00:00.000Z,Seasonal_Silver_Style_Shoyo,155,36,10
2026-08-22T00:00:00.000Z,Ones_Bronze_Style_Feiko,70,32,32
2026-08-22T00:00:00.000Z,Threes_Silver_Ability_Moonball,1193,418,89
2026-08-22T00:00:00.000Z,Seasonal_Bronze_Style_Tobio,983,274,79
2026-08-22T00:00:00.000Z,Seasonal_Silver_Style_Toru,1090,349,119
2026-08-22T00:00:00.000Z,Twos_Diamond_Ability_BoomJump,507,298,155
2026-08-22T00:00:00.000Z,Duel_Silver_Style_Jester3,234,103,103
2026-08-22T00:00:00.000Z,Ones_Silver_Style_TeamCaptain4,171,81,81
2026-08-22T00:00:00.000Z,Casual-Twos_Silver_Style_Ibara,49,27,15
2026-08-22T00:00:00.000Z,Threes_Silver_Style_Mikage3,314,176,72
2026-08-22T00:00:00.000Z,Seasonal_Silver_Style_Twin2,248,161,85
2026-08-22T00:00:00.000Z,Twos_Bronze_Ability_MagneticPull,20126,9680,4784
2026-08-22T00:00:00.000Z,OnesMini_Gold_Style_Encho,309,201,201
2026-08-22T00:00:00.000Z,Threes_Silver_Style_Morisuke,338,94,16
2026-08-22T00:00:00.000Z,Ones_Bronze_Style_Jester3,277,137,137
2026-08-22T00:00:00.000Z,Twos_Pro_Ability_LeadFeet,893,445,262
2026-08-22T00:00:00.000Z,Threes_Silver_Style_TeamCaptain,291,168,86
2026-08-22T00:00:00.000Z,Twos_Pro_Style_TimeskipShoyo3,288,161,85
2026-08-22T00:00:00.000Z,OnesMini_Bronze_Style_Encho2,155,107,107
2026-08-22T00:00:00.000Z,Duel_Silver_Style_Twin1_4,36,19,19
2026-08-22T00:00:00.000Z,Twos_Gold_Style_Jester3,646,339,164
2026-08-22T00:00:00.000Z,Twos_Bronze_Ability_FourthTouch,6460,2775,1367
2026-08-22T00:00:00.000Z,Seasonal_Silver_Style_Koshi,104,33,12
2026-08-22T00:00:00.000Z,Twos_Diamond_Style_Hakka2,6,2,2
2026-08-22T00:00:00.000Z,Threes_Gold_Ability_ShieldBreaker,1951,1206,435
2026-08-22T00:00:00.000Z,Duel_Silver_Style_Tetsuro,164,72,72
2026-08-22T00:00:00.000Z,Threes_Gold_Style_Yogan2,65,37,10
2026-08-22T00:00:00.000Z,Ones_Bronze_Style_Kurai2,232,129,129
2026-08-22T00:00:00.000Z,Threes_Gold_Ability_MagneticPull,1342,754,283
2026-08-22T00:00:00.000Z,Fours_Silver_Style_Tobio,190,58,11
2026-08-22T00:00:00.000Z,Casual-Threes_Silver_Style_Tobio,54,11,2
2026-08-22T00:00:00.000Z,Casual-Threes_Silver_Ability_DivineStrength,59,22,7
2026-08-22T00:00:00.000Z,Casual-Twos_Silver_Style_TimeskipToru3,24,19,11
2026-08-22T00:00:00.000Z,OnesMini_Gold_Style_Wakatoshi,15,11,11
2026-08-22T00:00:00.000Z,Fours_Silver_Ability_RedirectionJump,549,286,62
2026-08-22T00:00:00.000Z,Ones_Bronze_Style_Twin1_4,26,13,13
2026-08-22T00:00:00.000Z,Fours_Silver_Style_Kijo,185,107,24
2026-08-22T00:00:00.000Z,Threes_Gold_Style_Feiko2,112,66,28
2026-08-22T00:00:00.000Z,Twos_Gold_Style_Tetsuro,39,21,6
2026-08-22T00:00:00.000Z,Seasonal_Bronze_Style_TimeskipTobio2,54,27,15
2026-08-22T00:00:00.000Z,Twos_Pro_Style_Encho,64,29,15
2026-08-22T00:00:00.000Z,Casual-Threes_Silver_Style_Kazana3,34,20,5
2026-08-22T00:00:00.000Z,Threes_Diamond_Style_TimeskipShoyo2,151,105,22
2026-08-22T00:00:00.000Z,Threes_Bronze_Style_Hidari3,789,344,92
2026-08-22T00:00:00.000Z,Ones_Bronze_Style_Yu,101,30,30
2026-08-22T00:00:00.000Z,Threes_Gold_Style_Hirugami,10,5,2
2026-08-22T00:00:00.000Z,Threes_Gold_Style_Roketto,39,24,10
2026-08-22T00:00:00.000Z,Twos_Bronze_Style_Kumo,498,210,124
2026-08-22T00:00:00.000Z,Twos_Bronze_Style_Yogan2,655,293,134
2026-08-22T00:00:00.000Z,Casual-Twos_Silver_Style_TeamCaptain,56,33,15
2026-08-22T00:00:00.000Z,Threes_Bronze_Ability_CurveSpike,1269,421,124
2026-08-22T00:00:00.000Z,Twos_Bronze_Style_Hakka,497,214,145
2026-08-22T00:00:00.000Z,Threes_Silver_Style_Ryunosuke,47,9,1
2026-08-22T00:00:00.000Z,Ones_Gold_Style_Yogan2,80,45,45
2026-08-22T00:00:00.000Z,OnesMini_Silver_Style_Yogan,75,40,40
2026-08-22T00:00:00.000Z,Casual-Twos_Silver_Style_Ryunosuke,22,4,1
2026-08-22T00:00:00.000Z,Twos_Bronze_Style_Kazana,118,57,28
2026-08-22T00:00:00.000Z,OnesMini_Silver_Style_TimeskipToru,12,8,8
2026-08-22T00:00:00.000Z,Threes_Bronze_Style_Kurai2,309,138,60
2026-08-22T00:00:00.000Z,Twos_Gold_Style_Feiko,172,84,37
2026-08-22T00:00:00.000Z,Threes_Gold_Style_Hakka,38,24,15
2026-08-22T00:00:00.000Z,Fours_Bronze_Ability_ShieldBreaker,312,122,41
2026-08-22T00:00:00.000Z,Twos_Bronze_Style_Koshi,108,30,8
2026-08-22T00:00:00.000Z,OnesMini_Diamond_Style_Twin2_4,8,7,7
2026-08-22T00:00:00.000Z,Fours_Bronze_Ability_RollingThunder,42,6,2
2026-08-22T00:00:00.000Z,Twos_Diamond_Style_Jester3,98,53,28
2026-08-22T00:00:00.000Z,Casual-Threes_Silver_Style_TimeskipTobio2,32,23,11
2026-08-22T00:00:00.000Z,Twos_Pro_Style_Kijo,34,12,4
2026-08-22T00:00:00.000Z,Threes_Bronze_Style_Kazana2,152,50,10
2026-08-22T00:00:00.000Z,Fours_Bronze_Style_Kurai,22,8,2
2026-08-22T00:00:00.000Z,OnesMini_Gold_Style_TimeskipShoyo3,95,52,52
2026-08-22T00:00:00.000Z,Threes_Bronze_Style_Twin1_4,132,60,26
2026-08-22T00:00:00.000Z,Twos_Pro_Style_Jester2,53,29,14
2026-08-22T00:00:00.000Z,Fours_Silver_Style_Taketora,20,7,0
2026-08-22T00:00:00.000Z,Seasonal_Gold_Style_Kijo2,173,94,56
2026-08-22T00:00:00.000Z,Fours_Bronze_Style_Kumo,28,12,7
2026-08-22T00:00:00.000Z,Seasonal_Gold_Style_Mikage3,43,27,19
2026-08-22T00:00:00.000Z,Seasonal_Gold_Style_Kimiro,89,58,8
2026-08-22T00:00:00.000Z,Sixes_Silver_Style_Jester3,7,4,1
2026-08-22T00:00:00.000Z,Casual-Threes_Silver_Style_Hidari2,16,7,4
2026-08-22T00:00:00.000Z,Ones_Silver_Style_TimeskipToru3,14,4,4
2026-08-22T00:00:00.000Z,Seasonal_Gold_Ability_Moonball,16,5,3
2026-08-22T00:00:00.000Z,Threes_Diamond_Style_Yogan2,13,8,5
2026-08-22T00:00:00.000Z,Fours_Bronze_Style_Koshi,3,0,0
2026-08-22T00:00:00.000Z,Fours_Gold_Style_Kurai2,20,16,4
2026-08-22T00:00:00.000Z,Fours_Bronze_Style_Hakka,16,5,1
2026-08-22T00:00:00.000Z,Threes_Gold_Style_Twin2,8,7,3
2026-08-22T00:00:00.000Z,OnesMini_Diamond_Ability_ZeroGravitySet,6,4,4
2026-08-22T00:00:00.000Z,Casual-Fours_Silver_Ability_ZeroGravitySet,1,1,0
2026-08-22T00:00:00.000Z,Threes_Bronze_Style_TimeskipShoyo,19,11,6
2026-08-22T00:00:00.000Z,Seasonal_Gold_Style_Twin1_3,21,12,6
2026-08-22T00:00:00.000Z,Fours_Gold_Style_Jester3,15,12,3
2026-08-22T00:00:00.000Z,Sixes_Silver_Style_Tetsuro,3,0,0
2026-08-22T00:00:00.000Z,Ones_Diamond_Style_TimeskipShoyo2,7,7,7
2026-08-22T00:00:00.000Z,Seasonal_Gold_Style_TimeskipTobio,6,4,0
2026-08-22T00:00:00.000Z,Seasonal_Gold_Style_Ohira,7,2,1
2026-08-22T00:00:00.000Z,OnesMini_Gold_Style_Jester2,4,4,4
2026-08-22T00:00:00.000Z,Twos_Diamond_Style_Feiko,24,18,8
2026-08-22T00:00:00.000Z,Twos_Pro_Style_Twin2_2,4,3,2
2026-08-22T00:00:00.000Z,Ones_Gold_Style_Mikage2,10,6,6
2026-08-22T00:00:00.000Z,Seasonal_Diamond_Ability_RedirectionJump,62,46,31
2026-08-22T00:00:00.000Z,Seasonal_Diamond_Style_Kijo,50,37,28
2026-08-22T00:00:00.000Z,Ones_Gold_Style_Hajime,5,3,3
2026-08-22T00:00:00.000Z,Twos_Gold_Style_Tadashi,2,0,0
2026-08-22T00:00:00.000Z,Threes_Gold_Style_Shoyo,11,4,1
2026-08-22T00:00:00.000Z,Sixes_Silver_Style_Kurai2,3,1,0
2026-08-22T00:00:00.000Z,Threes_Gold_Style_Asahi,1,1,0
2026-08-22T00:00:00.000Z,Sixes_Diamond_Style_Ibara,1,1,0
2026-08-22T00:00:00.000Z,Twos_Legend_Ability_DivineStrength,4,3,0
2026-08-22T00:00:00.000Z,Seasonal_Diamond_Style_Wakatoshi,2,2,1
2026-08-22T00:00:00.000Z,Ones_Diamond_Style_Mikage2,1,0,0
2026-08-22T00:00:00.000Z,Fours_Bronze_Style_Shinsuke,2,0,0
2026-08-22T00:00:00.000Z,Seasonal_Diamond_Style_Tobio,1,0,0
2026-08-22T00:00:00.000Z,Threes_Diamond_Style_Twin1_2,4,4,0
2026-08-22T00:00:00.000Z,OnesMini_Gold_Style_TeamCaptain2,6,4,4
2026-08-22T00:00:00.000Z,Sixes_Gold_Style_Kazana3,1,1,0
2026-08-22T00:00:00.000Z,Seasonal_Gold_Style_Kei,1,0,0
2026-08-22T00:00:00.000Z,OnesMini_Pro_Ability_MagneticPull,1,1,1
2026-08-23T00:00:00.000Z,Ones_Silver_Style_Kijo,4536,2676,2676
2026-08-23T00:00:00.000Z,Ones_Silver_Ability_RedirectionJump,9102,4552,4552
2026-08-23T00:00:00.000Z,Seasonal_Gold_Ability_LeadFeet,7259,4611,2802
2026-08-23T00:00:00.000Z,Twos_Silver_Style_Kimiro,8622,3251,1683
2026-08-23T00:00:00.000Z,Twos_Bronze_Ability_CurveSpike,20410,8019,3826
2026-08-23T00:00:00.000Z,Seasonal_Bronze_Style_Riku,1938,894,429
2026-08-23T00:00:00.000Z,OnesMini_Silver_Ability_MagneticPull,27539,15506,15506
2026-08-23T00:00:00.000Z,Twos_Gold_Style_Kurai,3969,2120,1142
2026-08-23T00:00:00.000Z,Duel_Silver_Ability_ShieldBreaker,3784,2122,2122
2026-08-23T00:00:00.000Z,Seasonal_Silver_Ability_CurveSpike,21177,9432,4441
2026-08-23T00:00:00.000Z,Fours_Gold_Ability_FourthTouch,161,120,64
2026-08-23T00:00:00.000Z,Threes_Silver_Style_TeamCaptain2,836,431,235
2026-08-23T00:00:00.000Z,Ones_Bronze_Ability_FourthTouch,2888,1531,1531
2026-08-23T00:00:00.000Z,Twos_Diamond_Style_Kurai,786,439,242
2026-08-23T00:00:00.000Z,Threes_Silver_Style_Rintaro,21064,10276,2717
2026-08-23T00:00:00.000Z,OnesMini_Silver_Style_Kotaru,5739,2332,2332
2026-08-23T00:00:00.000Z,Ones_Gold_Ability_BoomJump,481,286,286
2026-08-23T00:00:00.000Z,Duel_Silver_Style_Toru,600,248,248
2026-08-23T00:00:00.000Z,Threes_Gold_Style_TimeskipShoyo,208,144,32
2026-08-23T00:00:00.000Z,Casual-Twos_Silver_Style_Rintaro,38534,19616,9265
2026-08-23T00:00:00.000Z,Ones_Silver_Ability_DivineStrength,4014,1604,1604
2026-08-23T00:00:00.000Z,Twos_Silver_Style_Riku,4959,2554,1173
2026-08-23T00:00:00.000Z,OnesMini_Silver_Style_Hirugami,1352,552,552
2026-08-23T00:00:00.000Z,Duel_Silver_Ability_FourthTouch,1686,863,863
2026-08-23T00:00:00.000Z,Ones_Bronze_Ability_ShieldBreaker,5233,2933,2933
2026-08-23T00:00:00.000Z,OnesMini_Gold_Style_Encho2,673,385,385
2026-08-23T00:00:00.000Z,Twos_Silver_Style_Twin1_3,1374,680,411
2026-08-23T00:00:00.000Z,OnesMini_Bronze_Ability_RedirectionJump,2959,1392,1392
2026-08-23T00:00:00.000Z,Casual-Twos_Silver_Style_Wakatoshi,1124,251,102
2026-08-23T00:00:00.000Z,OnesMini_Bronze_Style_Kijo,450,307,307
2026-08-23T00:00:00.000Z,Twos_Silver_Style_TimeskipToru3,585,305,169
2026-08-23T00:00:00.000Z,Ones_Silver_Style_Jester2,2782,1477,1477
2026-08-23T00:00:00.000Z,Seasonal_Silver_Style_TimeskipShoyo,386,263,158
2026-08-23T00:00:00.000Z,Ones_Silver_Style_TimeskipShoyo3,1854,1120,1120
2026-08-23T00:00:00.000Z,OnesMini_Gold_Style_Kijo2,1093,607,607
2026-08-23T00:00:00.000Z,Twos_Silver_Style_Ohira,1083,300,139
2026-08-23T00:00:00.000Z,Seasonal_Bronze_Style_Kimiro,3625,1233,463
2026-08-23T00:00:00.000Z,OnesMini_Gold_Style_Ibara,360,211,211
2026-08-23T00:00:00.000Z,Twos_Gold_Style_Yogan2,575,329,161
2026-08-23T00:00:00.000Z,Seasonal_Bronze_Style_Twin1_3,253,122,53
2026-08-23T00:00:00.000Z,Fours_Silver_Style_Jester,158,93,20
2026-08-23T00:00:00.000Z,OnesMini_Bronze_Style_Jester2,257,113,113
2026-08-23T00:00:00.000Z,Fours_Silver_Style_Morisuke,144,40,8
2026-08-23T00:00:00.000Z,Seasonal_Bronze_Style_TimeskipToru3,84,31,12
2026-08-23T00:00:00.000Z,Threes_Bronze_Ability_SuperSprint,559,158,33
2026-08-23T00:00:00.000Z,Casual-Ones_Silver_Style_Riku,216,103,103
2026-08-23T00:00:00.000Z,Threes_Silver_Style_Wakatoshi,1923,553,92
2026-08-23T00:00:00.000Z,Threes_Bronze_Ability_RollingThunder,733,234,54
2026-08-23T00:00:00.000Z,Ones_Bronze_Style_Toru,924,307,307
2026-08-23T00:00:00.000Z,Twos_Bronze_Style_TimeskipShoyo,258,133,71
2026-08-23T00:00:00.000Z,Threes_Gold_Ability_CurveSpike,370,212,82
2026-08-23T00:00:00.000Z,Seasonal_Gold_Style_TimeskipTobio2,57,29,15
2026-08-23T00:00:00.000Z,OnesMini_Silver_Style_TimeskipShoyo2,804,489,489
2026-08-23T00:00:00.000Z,Threes_Bronze_Style_Twin1_2,158,60,27
2026-08-23T00:00:00.000Z,OnesMini_Bronze_Ability_DivineStrength,2279,1057,1057
2026-08-23T00:00:00.000Z,Twos_Silver_Style_TeamCaptain,1166,601,332
2026-08-23T00:00:00.000Z,Fours_Bronze_Style_Hakka2,14,4,3
2026-08-23T00:00:00.000Z,Fours_Gold_Ability_ShieldBreaker,521,382,79
2026-08-23T00:00:00.000Z,Duel_Silver_Style_TeamCaptain3,113,56,56
2026-08-23T00:00:00.000Z,Threes_Bronze_Style_Roketto,829,323,79
2026-08-23T00:00:00.000Z,Duel_Silver_Style_Hajime,219,80,80
2026-08-23T00:00:00.000Z,OnesMini_Silver_Style_Kumo,778,456,456
2026-08-23T00:00:00.000Z,Seasonal_Bronze_Style_Ohira,300,87,31
2026-08-23T00:00:00.000Z,Threes_Bronze_Style_Hakka,298,121,60
2026-08-23T00:00:00.000Z,Threes_Bronze_Style_Mikage2,121,69,26
2026-08-23T00:00:00.000Z,Ones_Gold_Style_TimeskipShoyo4,593,296,296
2026-08-23T00:00:00.000Z,Fours_Silver_Ability_ZeroGravitySet,562,179,9
2026-08-23T00:00:00.000Z,Threes_Silver_Style_Taketora,316,92,8
2026-08-23T00:00:00.000Z,OnesMini_Diamond_Style_Encho,146,102,102
2026-08-23T00:00:00.000Z,Fours_Bronze_Style_Kurai2,40,16,7
2026-08-23T00:00:00.000Z,Fours_Bronze_Style_Yogan,19,7,3
2026-08-23T00:00:00.000Z,Threes_Bronze_Style_Kenma,214,45,2
2026-08-23T00:00:00.000Z,Ones_Bronze_Style_Hajime,350,96,96
2026-08-23T00:00:00.000Z,Twos_Gold_Style_TimeskipToru2,285,161,98
2026-08-23T00:00:00.000Z,Fours_Diamond_Ability_ShieldBreaker,196,149,42
2026-08-23T00:00:00.000Z,Fours_Bronze_Style_Hidari3,186,56,10
2026-08-23T00:00:00.000Z,Casual-Twos_Silver_Style_TeamCaptain2,239,99,50
2026-08-23T00:00:00.000Z,Twos_Diamond_Style_Kazana,181,106,42
2026-08-23T00:00:00.000Z,Casual-Threes_Silver_Style_TeamCaptain,31,14,8
2026-08-23T00:00:00.000Z,Twos_Gold_Style_TimeskipTobio3,173,81,31
2026-08-23T00:00:00.000Z,Casual-Ones_Silver_Style_Kimiro,316,71,71
2026-08-23T00:00:00.000Z,Sixes_Silver_Ability_ShieldBreaker,154,84,11
2026-08-23T00:00:00.000Z,Sixes_Silver_Style_Feiko2,11,8,3
2026-08-23T00:00:00.000Z,Sixes_Silver_Ability_FourthTouch,92,51,11
2026-08-23T00:00:00.000Z,Twos_Gold_Style_Kazana,627,344,153
2026-08-23T00:00:00.000Z,Twos_Diamond_Style_Yogan2,136,77,36
2026-08-23T00:00:00.000Z,OnesMini_Gold_Style_Twin2_4,153,80,80
2026-08-23T00:00:00.000Z,Casual-Threes_Silver_Style_Kimiro,125,49,14
2026-08-23T00:00:00.000Z,Casual-Twos_Silver_Style_Taketora,200,47,12
2026-08-23T00:00:00.000Z,Twos_Pro_Style_Kijo2,17,10,4
2026-08-23T00:00:00.000Z,Threes_Bronze_Style_Twin2,56,22,5
2026-08-23T00:00:00.000Z,OnesMini_Bronze_Style_TimeskipShoyo3,109,61,61
2026-08-23T00:00:00.000Z,Fours_Silver_Style_Kei,60,17,2
2026-08-23T00:00:00.000Z,Ones_Bronze_Style_Feiko2,86,46,46
2026-08-23T00:00:00.000Z,Twos_Gold_Style_Asahi,59,34,18
2026-08-23T00:00:00.000Z,Fours_Diamond_Ability_FourthTouch,52,32,8
2026-08-23T00:00:00.000Z,Ones_Bronze_Style_TeamCaptain3,68,41,41
2026-08-23T00:00:00.000Z,Threes_Bronze_Style_Koshi,45,12,3
2026-08-23T00:00:00.000Z,Duel_Silver_Style_Feiko2,73,35,35
2026-08-23T00:00:00.000Z,Twos_Diamond_Style_Asahi,4,3,2
2026-08-23T00:00:00.000Z,Threes_Diamond_Style_TimeskipShoyo4,187,114,21
2026-08-23T00:00:00.000Z,Threes_Bronze_Style_Daichi,269,53,10
2026-08-23T00:00:00.000Z,Casual-Ones_Silver_Style_TeamCaptain,12,4,4
2026-08-23T00:00:00.000Z,Twos_Pro_Style_Encho2,78,46,25
2026-08-23T00:00:00.000Z,Threes_Diamond_Ability_BoomJump,90,55,15
2026-08-23T00:00:00.000Z,Twos_Legend_Style_Riku,33,23,12
2026-08-23T00:00:00.000Z,Casual-Threes_Silver_Style_Riku,49,25,4
2026-08-23T00:00:00.000Z,Seasonal_Pro_Ability_ShieldBreaker,189,134,78
2026-08-23T00:00:00.000Z,Seasonal_Bronze_Style_TeamCaptain,144,62,37
2026-08-23T00:00:00.000Z,Fours_Bronze_Style_Jester3,59,16,1
2026-08-23T00:00:00.000Z,Sixes_Bronze_Ability_LeadFeet,9,4,1
2026-08-23T00:00:00.000Z,Seasonal_Diamond_Ability_ZeroGravitySet,15,11,4
2026-08-23T00:00:00.000Z,Fours_Bronze_Style_Yu,16,3,0
2026-08-23T00:00:00.000Z,Twos_Diamond_Style_Shinsuke,2,0,0
2026-08-23T00:00:00.000Z,Casual-Ones_Silver_Style_Ohira,116,36,36
2026-08-23T00:00:00.000Z,Fours_Gold_Style_TeamCaptain3,14,12,4
2026-08-23T00:00:00.000Z,Fours_Bronze_Style_Mikage,21,10,1
2026-08-23T00:00:00.000Z,OnesMini_Gold_Style_Hidari,48,28,28
2026-08-23T00:00:00.000Z,Twos_Gold_Style_Shoyo,33,18,11
2026-08-23T00:00:00.000Z,Twos_Pro_Style_Twin2_4,6,5,2
2026-08-23T00:00:00.000Z,Casual-Threes_Silver_Style_Twin1_3,13,5,3
2026-08-23T00:00:00.000Z,Seasonal_Diamond_Style_Jester,30,21,5
2026-08-23T00:00:00.000Z,Fours_Bronze_Style_Kazana2,47,21,2
2026-08-23T00:00:00.000Z,Sixes_Silver_Style_TeamCaptain3,10,3,1
2026-08-23T00:00:00.000Z,Twos_Pro_Style_TimeskipTobio,1,0,0
2026-08-23T00:00:00.000Z,Fours_Gold_Style_Feiko2,22,16,3
2026-08-23T00:00:00.000Z,OnesMini_Gold_Style_Mikage3,53,27,27
2026-08-23T00:00:00.000Z,Sixes_Diamond_Style_Rintaro,8,7,0
2026-08-23T00:00:00.000Z,Twos_Pro_Style_Mikage3,8,5,5
2026-08-23T00:00:00.000Z,Sixes_Bronze_Style_TimeskipTobio2,2,1,1
2026-08-23T00:00:00.000Z,Sixes_Silver_Style_Toru,4,2,0
2026-08-23T00:00:00.000Z,Ones_Diamond_Style_Mikage4,40,24,24
2026-08-23T00:00:00.000Z,Twos_Pro_Style_Hidari,34,21,9
2026-08-23T00:00:00.000Z,Casual-Fours_Silver_Style_TimeskipShoyo3,5,4,1
2026-08-23T00:00:00.000Z,Casual-Fours_Silver_Ability_RedirectionJump,4,2,1
2026-08-23T00:00:00.000Z,Sixes_Gold_Style_Kimiro,1,1,0
2026-08-23T00:00:00.000Z,Threes_Pro_Style_Twin1,1,1,0
2026-08-23T00:00:00.000Z,Casual-Fours_Silver_Ability_DivineStrength,3,3,1
2026-08-23T00:00:00.000Z,Sixes_Gold_Style_TeamCaptain,1,1,0
2026-08-23T00:00:00.000Z,Twos_Diamond_Style_TimeskipTobio3,9,4,0
2026-08-23T00:00:00.000Z,Twos_Gold_Style_Shinsuke,13,8,4
2026-08-23T00:00:00.000Z,Twos_Pro_Style_Ryunosuke,2,1,1
2026-08-23T00:00:00.000Z,Twos_Pro_Style_Ibara,10,6,2
2026-08-23T00:00:00.000Z,Fours_Bronze_Style_TimeskipToru,5,3,2
2026-08-23T00:00:00.000Z,Seasonal_Pro_Ability_FourthTouch,23,14,5
2026-08-23T00:00:00.000Z,Casual-Threes_Silver_Style_Ohira,20,9,0
2026-08-23T00:00:00.000Z,Casual-Ones_Silver_Style_Twin1_3,11,6,6
2026-08-23T00:00:00.000Z,OnesMini_Gold_Ability_TeamSpirit,22,8,8
2026-08-23T00:00:00.000Z,Casual-Fours_Silver_Style_Jester2,1,0,0
2026-08-23T00:00:00.000Z,Casual-Fours_Silver_Style_Kijo,3,2,2
2026-08-23T00:00:00.000Z,Ones_Gold_Style_Twin1_4,8,4,4
2026-08-23T00:00:00.000Z,Sixes_Silver_Style_Hajime,3,1,0
2026-08-23T00:00:00.000Z,Ones_Diamond_Style_Samurai,24,17,17
2026-08-23T00:00:00.000Z,OnesMini_Diamond_Style_Kazana3,11,9,9
2026-08-23T00:00:00.000Z,Twos_Diamond_Style_Shoyo,5,3,1
2026-08-23T00:00:00.000Z,OnesMini_Diamond_Style_Hidari2,3,2,2
2026-08-23T00:00:00.000Z,Fours_Bronze_Style_Twin2_3,4,1,1
2026-08-23T00:00:00.000Z,Seasonal_Diamond_Style_Kei,2,0,0
2026-08-23T00:00:00.000Z,Twos_Diamond_Style_TimeskipToru2,37,23,11
2026-08-23T00:00:00.000Z,OnesMini_Diamond_Style_Twin1,5,3,3
2026-08-23T00:00:00.000Z,Fours_Diamond_Style_TeamCaptain3,2,1,1
2026-08-23T00:00:00.000Z,Fours_Diamond_Style_Feiko2,8,7,5
2026-08-23T00:00:00.000Z,OnesMini_Gold_Style_Ryunosuke,2,0,0
2026-08-23T00:00:00.000Z,OnesMini_Gold_Style_TimeskipTobio,3,1,1
2026-08-23T00:00:00.000Z,Threes_Pro_Style_Kazana3,12,10,5
2026-08-23T00:00:00.000Z,Threes_Diamond_Style_Twin1_4,2,0,0
2026-08-23T00:00:00.000Z,OnesMini_Diamond_Style_Twin2_2,14,11,11
2026-08-23T00:00:00.000Z,OnesMini_Pro_Style_TimeskipShoyo4,23,10,10
2026-08-23T00:00:00.000Z,Casual-Threes_Silver_Style_TimeskipToru3,1,0,0
2026-08-23T00:00:00.000Z,Casual-Ones_Silver_Style_TimeskipToru3,3,1,1
2026-08-23T00:00:00.000Z,Threes_Pro_Style_Encho,1,1,1
2026-08-23T00:00:00.000Z,OnesMini_Pro_Ability_BoomJump,1,1,1
2026-08-23T00:00:00.000Z,Fours_Gold_Style_Hajime,3,3,0
2026-08-23T00:00:00.000Z,OnesMini_Legend_Ability_ShieldBreaker,1,0,0
2026-08-23T00:00:00.000Z,Twos_Master_Style_Kazana,2,2,1
2026-08-23T00:00:00.000Z,Ones_Silver_Ability_LeadFeet,18239,11283,11283
2026-08-23T00:00:00.000Z,Seasonal_Silver_Style_Samurai,4973,2780,1523
2026-08-23T00:00:00.000Z,OnesMini_Silver_Ability_ShieldBreaker,19265,11110,11110
2026-08-23T00:00:00.000Z,OnesMini_Silver_Style_Toru,1974,750,750
2026-08-23T00:00:00.000Z,Twos_Silver_Ability_TeamSpirit,2506,783,331
2026-08-23T00:00:00.000Z,Twos_Bronze_Style_Samurai,2833,1396,751
2026-08-23T00:00:00.000Z,Seasonal_Silver_Style_Mikage4,15306,7894,4025
2026-08-23T00:00:00.000Z,OnesMini_Silver_Ability_FourthTouch,7220,3775,3775
2026-08-23T00:00:00.000Z,Casual-Twos_Silver_Style_Twin2_2,90,53,27
2026-08-23T00:00:00.000Z,Twos_Bronze_Style_Mikage4,11329,5355,3322
2026-08-23T00:00:00.000Z,Ones_Bronze_Ability_MagneticPull,9020,5092,5092
2026-08-23T00:00:00.000Z,Duel_Silver_Ability_MagneticPull,5782,3081,3081
2026-08-23T00:00:00.000Z,Twos_Silver_Style_Kijo2,7376,4084,2356
2026-08-23T00:00:00.000Z,Fours_Silver_Style_TeamCaptain4,132,69,27
2026-08-23T00:00:00.000Z,Fours_Diamond_Style_TimeskipShoyo2,55,44,7
2026-08-23T00:00:00.000Z,Twos_Silver_Style_Ibara,1289,767,340
2026-08-23T00:00:00.000Z,Duel_Silver_Style_Kotaru,1709,797,797
2026-08-23T00:00:00.000Z,Ones_Gold_Style_Kurai2,342,189,189
2026-08-23T00:00:00.000Z,Duel_Silver_Style_Hirugami,446,203,203
2026-08-23T00:00:00.000Z,Twos_Silver_Style_Hidari,3296,1806,967
2026-08-23T00:00:00.000Z,Threes_Silver_Style_Twin1,396,208,82
2026-08-23T00:00:00.000Z,Threes_Silver_Style_Tobio,2314,787,206
2026-08-23T00:00:00.000Z,Fours_Silver_Ability_SteelBlock,1369,554,101
2026-08-23T00:00:00.000Z,Ones_Bronze_Style_Hirugami,656,252,252
2026-08-23T00:00:00.000Z,Threes_Bronze_Style_TimeskipTobio3,401,203,112
2026-08-23T00:00:00.000Z,Threes_Bronze_Style_Kurai,1208,550,193
2026-08-23T00:00:00.000Z,Seasonal_Silver_Style_Feiko,1545,770,365
2026-08-23T00:00:00.000Z,Seasonal_Bronze_Style_Kijo2,1375,710,412
2026-08-23T00:00:00.000Z,Twos_Silver_Style_Twin2_4,1169,605,343
2026-08-23T00:00:00.000Z,Twos_Gold_Style_Twin2,260,150,98
2026-08-23T00:00:00.000Z,Twos_Gold_Style_Roketto,746,358,186
2026-08-23T00:00:00.000Z,Casual-Twos_Silver_Style_Kazana3,1367,758,387
2026-08-23T00:00:00.000Z,OnesMini_Bronze_Ability_LeadFeet,1692,1016,1016
2026-08-23T00:00:00.000Z,Seasonal_Bronze_Style_Encho2,1149,580,353
2026-08-23T00:00:00.000Z,Casual-Twos_Silver_Style_Encho,683,420,234
2026-08-23T00:00:00.000Z,Duel_Silver_Style_TimeskipShoyo2,370,174,174
2026-08-23T00:00:00.000Z,Ones_Bronze_Style_Kotaru,3971,1692,1692
2026-08-23T00:00:00.000Z,Seasonal_Gold_Style_TimeskipShoyo3,638,381,199
2026-08-23T00:00:00.000Z,Fours_Silver_Ability_Moonball,304,80,13
2026-08-23T00:00:00.000Z,Ones_Bronze_Style_TimeskipShoyo2,292,167,167
2026-08-23T00:00:00.000Z,Threes_Bronze_Style_TimeskipToru2,248,102,45
2026-08-23T00:00:00.000Z,Seasonal_Bronze_Ability_TeamSpirit,684,210,74
2026-08-23T00:00:00.000Z,Threes_Diamond_Style_Kurai2,31,20,6
2026-08-23T00:00:00.000Z,OnesMini_Silver_Style_Feiko2,214,113,113
2026-08-23T00:00:00.000Z,Seasonal_Silver_Style_Tadashi,233,61,22
2026-08-23T00:00:00.000Z,Threes_Silver_Style_Hidari2,482,261,69
2026-08-23T00:00:00.000Z,Seasonal_Bronze_Style_Mikage3,272,137,76
2026-08-23T00:00:00.000Z,Twos_Gold_Style_Hakka,301,170,132
2026-08-23T00:00:00.000Z,Ones_Gold_Style_Hidari3,748,392,392
2026-08-23T00:00:00.000Z,Twos_Silver_Style_Encho2,3719,2071,1125
2026-08-23T00:00:00.000Z,Threes_Silver_Style_Kazana3,1718,901,270
2026-08-23T00:00:00.000Z,Threes_Silver_Style_Encho,1328,777,266
2026-08-23T00:00:00.000Z,Threes_Gold_Style_Samurai,329,178,66
2026-08-23T00:00:00.000Z,Twos_Silver_Style_Mikage3,1181,657,416
2026-08-23T00:00:00.000Z,Seasonal_Gold_Style_Kijo,1526,938,556
2026-08-23T00:00:00.000Z,Twos_Bronze_Style_Feiko,2155,958,447
2026-08-23T00:00:00.000Z,Fours_Gold_Style_TimeskipShoyo2,143,106,15
2026-08-23T00:00:00.000Z,Threes_Bronze_Style_Yogan2,413,182,57
2026-08-23T00:00:00.000Z,OnesMini_Silver_Style_Hajime,564,167,167
2026-08-23T00:00:00.000Z,Casual-Ones_Silver_Style_Kijo2,234,126,126
2026-08-23T00:00:00.000Z,Threes_Bronze_Style_Shoyo,82,25,6
2026-08-23T00:00:00.000Z,Twos_Silver_Style_TimeskipTobio,645,331,182
2026-08-23T00:00:00.000Z,Twos_Gold_Style_Daichi,21,15,11
2026-08-23T00:00:00.000Z,Casual-Ones_Silver_Ability_TeamSpirit,161,47,47
2026-08-23T00:00:00.000Z,Seasonal_Silver_Style_Tetsuro,1147,310,82
2026-08-23T00:00:00.000Z,Ones_Bronze_Style_Kumo,176,112,112
2026-08-23T00:00:00.000Z,Twos_Gold_Ability_SuperSprint,173,96,45
2026-08-23T00:00:00.000Z,Ones_Gold_Style_Jester3,121,59,59
2026-08-23T00:00:00.000Z,Threes_Silver_Style_Twin2_2,237,131,58
2026-08-23T00:00:00.000Z,Twos_Gold_Style_Twin1_2,465,261,182
2026-08-23T00:00:00.000Z,Threes_Gold_Style_Mikage4,902,495,230
2026-08-23T00:00:00.000Z,OnesMini_Gold_Style_Riku,91,41,41
2026-08-23T00:00:00.000Z,Twos_Bronze_Style_Tetsuro,1774,475,157
2026-08-23T00:00:00.000Z,Threes_Gold_Style_Feiko,319,183,113
2026-08-23T00:00:00.000Z,Threes_Bronze_Style_Asahi,327,69,11
2026-08-23T00:00:00.000Z,Seasonal_Bronze_Style_Hidari,461,240,131
2026-08-23T00:00:00.000Z,OnesMini_Silver_Style_TeamCaptain3,181,95,95
2026-08-23T00:00:00.000Z,Casual-Threes_Silver_Style_Ryunosuke,6,2,0
2026-08-23T00:00:00.000Z,Casual-Ones_Silver_Style_Hidari,49,31,31
2026-08-23T00:00:00.000Z,Seasonal_Bronze_Style_Ibara,454,250,111
2026-08-23T00:00:00.000Z,Casual-Twos_Silver_Style_Tobio,980,235,96
2026-08-23T00:00:00.000Z,Fours_Gold_Ability_MagneticPull,196,133,37
2026-08-23T00:00:00.000Z,Fours_Gold_Style_Kumo,17,14,0
2026-08-23T00:00:00.000Z,Threes_Bronze_Style_Shinsuke,62,11,3
2026-08-23T00:00:00.000Z,Seasonal_Bronze_Style_Twin2_4,322,157,73
2026-08-23T00:00:00.000Z,Twos_Silver_Style_Ryunosuke,434,96,27
2026-08-23T00:00:00.000Z,Twos_Diamond_Style_Twin1_2,65,38,26
2026-08-23T00:00:00.000Z,Twos_Gold_Ability_RollingThunder,248,128,69
2026-08-23T00:00:00.000Z,Twos_Bronze_Style_Tadashi,301,50,21
2026-08-23T00:00:00.000Z,Sixes_Silver_Ability_MagneticPull,139,56,6
2026-08-23T00:00:00.000Z,Sixes_Silver_Style_Hirugami,9,1,0
2026-08-23T00:00:00.000Z,Sixes_Silver_Style_Kumo,13,7,0
2026-08-23T00:00:00.000Z,Casual-Twos_Silver_Style_Hidari2,336,178,105
2026-08-23T00:00:00.000Z,Duel_Silver_Style_Kumo,205,123,123
2026-08-23T00:00:00.000Z,Seasonal_Gold_Ability_RedirectionJump,1269,772,488
2026-08-23T00:00:00.000Z,Sixes_Gold_Style_Mikage3,4,2,2
2026-08-23T00:00:00.000Z,Sixes_Gold_Style_Kijo2,2,0,0
2026-08-23T00:00:00.000Z,Sixes_Gold_Style_Encho2,3,1,0
2026-08-23T00:00:00.000Z,Twos_Legend_Style_Kijo2,12,10,9
2026-08-23T00:00:00.000Z,Seasonal_Gold_Ability_DivineStrength,260,163,79
2026-08-23T00:00:00.000Z,Twos_Pro_Style_Riku,233,111,54
2026-08-23T00:00:00.000Z,Twos_Diamond_Style_Hakka,25,12,6
2026-08-23T00:00:00.000Z,OnesMini_Bronze_Style_TimeskipTobio2,11,7,7
2026-08-23T00:00:00.000Z,Twos_Gold_Style_Mikage2,150,80,52
2026-08-23T00:00:00.000Z,Sixes_Bronze_Style_Kijo,3,0,0
2026-08-23T00:00:00.000Z,Sixes_Bronze_Ability_RedirectionJump,4,0,0
2026-08-23T00:00:00.000Z,Casual-Ones_Silver_Style_Ryunosuke,53,8,8
2026-08-23T00:00:00.000Z,Casual-Threes_Silver_Style_Twin2_4,7,1,0
2026-08-23T00:00:00.000Z,Twos_Diamond_Style_Roketto,86,40,27
2026-08-23T00:00:00.000Z,Threes_Diamond_Style_Hidari3,31,20,11
2026-08-23T00:00:00.000Z,Fours_Diamond_Ability_MagneticPull,53,34,8
2026-08-23T00:00:00.000Z,Twos_Gold_Style_Koshi,12,4,4
2026-08-23T00:00:00.000Z,Seasonal_Gold_Style_Jester2,512,312,190
2026-08-23T00:00:00.000Z,Casual-Threes_Silver_Style_Encho2,21,12,6
2026-08-23T00:00:00.000Z,Sixes_Silver_Style_TimeskipShoyo2,33,26,6
2026-08-23T00:00:00.000Z,Seasonal_Diamond_Style_TeamCaptain4,10,5,3
2026-08-23T00:00:00.000Z,Casual-Twos_Silver_Style_Twin1,107,50,38
2026-08-23T00:00:00.000Z,Fours_Bronze_Ability_BoomJump,196,75,18
2026-08-23T00:00:00.000Z,Fours_Bronze_Style_TimeskipShoyo4,119,44,7
2026-08-23T00:00:00.000Z,Casual-Ones_Silver_Style_Encho2,128,83,83
2026-08-23T00:00:00.000Z,OnesMini_Gold_Style_Twin1_3,58,32,32
2026-08-23T00:00:00.000Z,Threes_Pro_Style_Rintaro,30,19,6
2026-08-23T00:00:00.000Z,Threes_Bronze_Style_Kazana,97,46,6
2026-08-23T00:00:00.000Z,Seasonal_Bronze_Style_TimeskipTobio,35,13,6
2026-08-23T00:00:00.000Z,Seasonal_Bronze_Style_Ryunosuke,115,23,5
2026-08-23T00:00:00.000Z,Casual-Threes_Silver_Ability_TeamSpirit,40,18,3
2026-08-23T00:00:00.000Z,Sixes_Gold_Style_TimeskipTobio,7,7,5
2026-08-23T00:00:00.000Z,Fours_Bronze_Style_Twin1_4,18,8,4
2026-08-23T00:00:00.000Z,OnesMini_Gold_Style_Ohira,10,5,5
2026-08-23T00:00:00.000Z,Casual-Ones_Silver_Style_Ibara,37,26,26
2026-08-23T00:00:00.000Z,Ones_Gold_Style_Kazana2,102,64,64
2026-08-23T00:00:00.000Z,Fours_Silver_Style_Lev,33,5,0
2026-08-23T00:00:00.000Z,Twos_Gold_Style_Kenma,15,6,4
2026-08-23T00:00:00.000Z,OnesMini_Diamond_Style_Wakatoshi,22,11,11
2026-08-23T00:00:00.000Z,Ones_Silver_Style_TimeskipTobio2,31,12,12
2026-08-23T00:00:00.000Z,Twos_Diamond_Style_Twin2,76,36,23
2026-08-23T00:00:00.000Z,Casual-Threes_Silver_Style_Hidari,14,5,2
2026-08-23T00:00:00.000Z,OnesMini_Diamond_Style_Rintaro,260,159,159
2026-08-23T00:00:00.000Z,Twos_Diamond_Style_Mikage2,26,13,5
2026-08-23T00:00:00.000Z,Twos_Diamond_Style_Kenma,4,2,0
2026-08-23T00:00:00.000Z,Ones_Gold_Style_Yogan,5,4,4
2026-08-23T00:00:00.000Z,Casual-Threes_Silver_Style_TimeskipTobio,16,12,4
2026-08-23T00:00:00.000Z,Casual-Threes_Silver_Style_Kijo2,31,14,5
2026-08-23T00:00:00.000Z,Ones_Gold_Style_Hakka2,15,5,5
2026-08-23T00:00:00.000Z,Twos_Diamond_Style_Daichi,5,2,0
2026-08-23T00:00:00.000Z,Sixes_Bronze_Style_Jester2,5,2,0
2026-08-23T00:00:00.000Z,Sixes_Silver_Style_Kotaru,16,2,0
2026-08-23T00:00:00.000Z,Casual-Fours_Silver_Ability_LeadFeet,18,12,4
2026-08-23T00:00:00.000Z,Twos_Diamond_Ability_RollingThunder,18,10,6
2026-08-23T00:00:00.000Z,OnesMini_Gold_Style_Kimiro,39,21,21
2026-08-23T00:00:00.000Z,Casual-Threes_Silver_Style_Mikage3,22,11,6
2026-08-23T00:00:00.000Z,Casual-Ones_Silver_Style_Twin2_4,10,5,5
2026-08-23T00:00:00.000Z,Seasonal_Diamond_Ability_SteelBlock,24,14,10
2026-08-23T00:00:00.000Z,Twos_Pro_Style_Twin1_3,1,1,1
2026-08-23T00:00:00.000Z,Twos_Diamond_Ability_SuperSprint,39,21,14
2026-08-23T00:00:00.000Z,Twos_Legend_Style_Encho2,24,17,10
2026-08-23T00:00:00.000Z,Casual-Threes_Silver_Style_Ibara,17,11,1
2026-08-23T00:00:00.000Z,Twos_Pro_Style_Kimiro,3,1,0
2026-08-23T00:00:00.000Z,Twos_Pro_Style_Ohira,1,0,0
2026-08-23T00:00:00.000Z,Ones_Gold_Style_Mikage,15,9,9
2026-08-23T00:00:00.000Z,Threes_Diamond_Style_Jester3,6,6,3
2026-08-23T00:00:00.000Z,Fours_Diamond_Style_Kumo,17,13,0
2026-08-23T00:00:00.000Z,OnesMini_Gold_Style_TimeskipToru3,4,2,2
2026-08-23T00:00:00.000Z,Ones_Gold_Style_Yu,8,6,6
2026-08-23T00:00:00.000Z,Seasonal_Pro_Style_TimeskipShoyo2,33,22,13
2026-08-23T00:00:00.000Z,Sixes_Bronze_Ability_DivineStrength,2,0,0
2026-08-23T00:00:00.000Z,Seasonal_Pro_Ability_MagneticPull,17,8,6
2026-08-23T00:00:00.000Z,Threes_Diamond_Style_Kazana2,45,33,7
2026-08-23T00:00:00.000Z,OnesMini_Gold_Style_TeamCaptain,2,2,2
2026-08-23T00:00:00.000Z,Casual-Ones_Silver_Style_Mikage3,21,13,13
2026-08-23T00:00:00.000Z,Casual-Ones_Silver_Style_TimeskipTobio,3,3,3
2026-08-23T00:00:00.000Z,Threes_Gold_Style_Tetsuro,2,1,1
2026-08-23T00:00:00.000Z,Ones_Diamond_Ability_CurveSpike,17,11,11
2026-08-23T00:00:00.000Z,Ones_Gold_Style_TimeskipToru,2,1,1
2026-08-23T00:00:00.000Z,Seasonal_Diamond_Ability_Moonball,7,2,1
2026-08-23T00:00:00.000Z,Threes_Diamond_Style_Mikage,2,1,0
2026-08-23T00:00:00.000Z,OnesMini_Pro_Style_Kurai2,2,0,0
2026-08-23T00:00:00.000Z,Fours_Gold_Style_Hirugami,6,5,0
2026-08-23T00:00:00.000Z,OnesMini_Pro_Style_Hidari3,3,0,0
2026-08-23T00:00:00.000Z,Ones_Pro_Ability_LeadFeet,7,4,4
2026-08-23T00:00:00.000Z,Threes_Diamond_Style_Yu,4,1,1
2026-08-23T00:00:00.000Z,Ones_Master_Style_TimeskipShoyo4,1,1,1
2026-08-23T00:00:00.000Z,Threes_Gold_Style_Tadashi,1,1,1
2026-08-23T00:00:00.000Z,Sixes_Bronze_Style_TimeskipShoyo3,3,0,0
2026-08-23T00:00:00.000Z,Seasonal_Pro_Style_Kumo,1,0,0
2026-08-23T00:00:00.000Z,Twos_Pro_Style_TimeskipToru3,1,0,0
2026-08-23T00:00:00.000Z,Twos_Diamond_Style_Koshi,1,0,0
2026-08-23T00:00:00.000Z,Seasonal_Diamond_Style_Lev,2,1,1
2026-08-23T00:00:00.000Z,Threes_Diamond_Style_Yogan,1,0,0
2026-08-23T00:00:00.000Z,Ones_Bronze_Style_Roketto,1020,506,506
2026-08-23T00:00:00.000Z,OnesMini_Bronze_Style_Taketora,515,140,140
2026-08-23T00:00:00.000Z,Seasonal_Silver_Style_TimeskipShoyo4,8490,4786,2634
2026-08-23T00:00:00.000Z,Seasonal_Gold_Style_Rintaro,4792,2847,1471
2026-08-23T00:00:00.000Z,Twos_Silver_Style_TeamCaptain4,2954,1392,727
2026-08-23T00:00:00.000Z,Twos_Bronze_Style_Jester3,2357,1020,436
2026-08-23T00:00:00.000Z,Twos_Gold_Ability_MagneticPull,32831,16843,8537
2026-08-23T00:00:00.000Z,Casual-Twos_Silver_Ability_RedirectionJump,9277,4682,2298
2026-08-23T00:00:00.000Z,Casual-Twos_Silver_Style_Kijo,2871,1587,882
2026-08-23T00:00:00.000Z,Casual-Twos_Silver_Ability_LeadFeet,21563,12395,6621
2026-08-23T00:00:00.000Z,Casual-Twos_Silver_Style_Jester2,2021,1016,469
2026-08-23T00:00:00.000Z,Seasonal_Bronze_Ability_SteelBlock,9956,3663,1369
2026-08-23T00:00:00.000Z,Twos_Diamond_Ability_ShieldBreaker,9806,5562,2834
2026-08-23T00:00:00.000Z,Seasonal_Silver_Style_Kurai2,5250,3169,1937
2026-08-23T00:00:00.000Z,Fours_Pro_Style_Encho2,2,2,0
2026-08-23T00:00:00.000Z,Seasonal_Silver_Ability_BoomJump,9988,4474,2219
2026-08-23T00:00:00.000Z,Twos_Bronze_Style_Hidari3,10787,5038,2435
2026-08-23T00:00:00.000Z,Ones_Bronze_Style_Asahi,906,290,290
2026-08-23T00:00:00.000Z,Threes_Bronze_Style_Feiko2,406,175,90
2026-08-23T00:00:00.000Z,Threes_Bronze_Ability_ShieldBreaker,7408,3396,1204
2026-08-23T00:00:00.000Z,Duel_Silver_Ability_SuperSprint,676,251,251
2026-08-23T00:00:00.000Z,Threes_Silver_Ability_RedirectionJump,6582,3355,1113
2026-08-23T00:00:00.000Z,Fours_Silver_Style_TimeskipToru3,11,3,2
2026-08-23T00:00:00.000Z,Duel_Silver_Style_Daichi,317,118,118
2026-08-23T00:00:00.000Z,Duel_Silver_Ability_RollingThunder,850,358,358
2026-08-23T00:00:00.000Z,Ones_Silver_Style_Kazana3,1274,686,686
2026-08-23T00:00:00.000Z,Twos_Silver_Style_Morisuke,1922,463,169
2026-08-23T00:00:00.000Z,Threes_Silver_Style_TimeskipShoyo3,3058,1857,577
2026-08-23T00:00:00.000Z,Twos_Bronze_Style_Kurai2,2327,1215,678
2026-08-23T00:00:00.000Z,Threes_Silver_Ability_LeadFeet,11592,6879,2752
2026-08-23T00:00:00.000Z,OnesMini_Silver_Ability_RollingThunder,2049,688,688
2026-08-23T00:00:00.000Z,Twos_Diamond_Style_TimeskipShoyo2,2664,1505,781
2026-08-23T00:00:00.000Z,Twos_Gold_Ability_FourthTouch,3434,1689,834
2026-08-23T00:00:00.000Z,Threes_Silver_Ability_DivineStrength,2699,1016,236
2026-08-23T00:00:00.000Z,Seasonal_Bronze_Ability_Moonball,3124,986,348
2026-08-23T00:00:00.000Z,OnesMini_Bronze_Style_Encho,277,177,177
2026-08-23T00:00:00.000Z,Threes_Bronze_Style_TimeskipShoyo2,675,352,104
2026-08-23T00:00:00.000Z,Threes_Bronze_Style_Kotaru,1694,507,84
2026-08-23T00:00:00.000Z,Threes_Bronze_Style_Kumo,416,175,72
2026-08-23T00:00:00.000Z,Twos_Bronze_Style_Yu,819,174,63
2026-08-23T00:00:00.000Z,Seasonal_Bronze_Style_Lev,168,39,7
2026-08-23T00:00:00.000Z,OnesMini_Silver_Style_Yogan2,750,460,460
2026-08-23T00:00:00.000Z,Duel_Silver_Style_Asahi,473,189,189
2026-08-23T00:00:00.000Z,Threes_Gold_Style_Jester3,133,73,27
2026-08-23T00:00:00.000Z,OnesMini_Silver_Style_Kurai,1608,986,986
2026-08-23T00:00:00.000Z,OnesMini_Silver_Style_Mikage2,179,111,111
2026-08-23T00:00:00.000Z,Threes_Gold_Style_Hidari3,453,271,101
2026-08-23T00:00:00.000Z,Duel_Silver_Style_Roketto,624,337,337
2026-08-23T00:00:00.000Z,Twos_Silver_Style_Lev,750,153,55
2026-08-23T00:00:00.000Z,Threes_Gold_Ability_BoomJump,509,317,116
2026-08-23T00:00:00.000Z,Ones_Silver_Style_Encho,1949,1271,1271
2026-08-23T00:00:00.000Z,Twos_Gold_Style_TeamCaptain3,228,112,62
2026-08-23T00:00:00.000Z,OnesMini_Silver_Style_Kenma,452,114,114
2026-08-23T00:00:00.000Z,Ones_Bronze_Style_Yogan2,244,118,118
2026-08-23T00:00:00.000Z,Twos_Bronze_Style_Yogan,360,159,68
2026-08-23T00:00:00.000Z,Seasonal_Silver_Style_Twin2_3,332,190,92
2026-08-23T00:00:00.000Z,Ones_Bronze_Style_Mikage2,57,37,37
2026-08-23T00:00:00.000Z,Duel_Silver_Style_Shinsuke,90,42,42
2026-08-23T00:00:00.000Z,Seasonal_Bronze_Style_Morisuke,920,280,76
2026-08-23T00:00:00.000Z,OnesMini_Bronze_Style_Kazana3,184,99,99
2026-08-23T00:00:00.000Z,Ones_Diamond_Style_Jester3,24,12,12
2026-08-23T00:00:00.000Z,Threes_Gold_Style_Kurai2,374,213,91
2026-08-23T00:00:00.000Z,Duel_Silver_Style_Kenma,262,99,99
2026-08-23T00:00:00.000Z,Twos_Bronze_Style_TimeskipToru,177,86,50
2026-08-23T00:00:00.000Z,Ones_Bronze_Style_Koshi,147,48,48
2026-08-23T00:00:00.000Z,OnesMini_Silver_Ability_SuperSprint,1627,543,543
2026-08-23T00:00:00.000Z,Threes_Bronze_Style_Hirugami,552,185,41
2026-08-23T00:00:00.000Z,Twos_Gold_Style_Hirugami,54,30,12
2026-08-23T00:00:00.000Z,Fours_Bronze_Style_Feiko,107,36,16
2026-08-23T00:00:00.000Z,Fours_Bronze_Ability_CurveSpike,379,118,32
2026-08-23T00:00:00.000Z,OnesMini_Silver_Style_TimeskipToru2,249,150,150
2026-08-23T00:00:00.000Z,Duel_Silver_Style_Yogan2,196,100,100
2026-08-23T00:00:00.000Z,Threes_Bronze_Style_Toru,767,220,48
2026-08-23T00:00:00.000Z,Threes_Gold_Style_Hakka2,37,16,11
2026-08-23T00:00:00.000Z,Casual-Ones_Silver_Style_TeamCaptain4,54,24,24
2026-08-23T00:00:00.000Z,OnesMini_Silver_Style_Hakka,307,164,164
2026-08-23T00:00:00.000Z,Threes_Gold_Style_Mikage,88,48,18
2026-08-23T00:00:00.000Z,Casual-Ones_Silver_Ability_ZeroGravitySet,951,297,297
2026-08-23T00:00:00.000Z,Seasonal_Gold_Style_Hidari2,185,112,61
2026-08-23T00:00:00.000Z,OnesMini_Silver_Style_Twin2,194,127,127
2026-08-23T00:00:00.000Z,Casual-Ones_Silver_Ability_Moonball,540,186,186
2026-08-23T00:00:00.000Z,Twos_Pro_Style_Jester,106,60,37
2026-08-23T00:00:00.000Z,OnesMini_Gold_Ability_Moonball,71,36,36
2026-08-23T00:00:00.000Z,OnesMini_Diamond_Ability_RedirectionJump,93,41,41
2026-08-23T00:00:00.000Z,Casual-Ones_Silver_Style_Kei,106,35,35
2026-08-23T00:00:00.000Z,Ones_Bronze_Style_TimeskipToru2,13,3,3
2026-08-23T00:00:00.000Z,OnesMini_Bronze_Style_Hidari2,50,24,24
2026-08-23T00:00:00.000Z,Sixes_Silver_Ability_SuperSprint,9,5,2
2026-08-23T00:00:00.000Z,Twos_Diamond_Style_Hirugami,1,1,0
2026-08-23T00:00:00.000Z,Fours_Silver_Style_Ohira,49,13,1
2026-08-23T00:00:00.000Z,Fours_Silver_Style_TimeskipTobio,114,73,49
2026-08-23T00:00:00.000Z,Fours_Silver_Style_Mikage3,111,68,18
2026-08-23T00:00:00.000Z,Ones_Diamond_Style_Mikage,4,1,1
2026-08-23T00:00:00.000Z,Casual-Ones_Silver_Style_Jester,231,106,106
2026-08-23T00:00:00.000Z,Casual-Threes_Silver_Ability_Moonball,109,37,11
2026-08-23T00:00:00.000Z,Threes_Gold_Style_Twin1_4,59,36,25
2026-08-23T00:00:00.000Z,Ones_Diamond_Ability_BoomJump,35,27,27
2026-08-23T00:00:00.000Z,Sixes_Bronze_Style_Wakatoshi,5,0,0
2026-08-23T00:00:00.000Z,Sixes_Silver_Style_Roketto,19,6,0
2026-08-23T00:00:00.000Z,Fours_Pro_Style_Ibara,1,1,0
2026-08-23T00:00:00.000Z,Ones_Bronze_Style_Twin2,9,4,4
2026-08-23T00:00:00.000Z,Fours_Silver_Style_Kijo2,133,78,12
2026-08-23T00:00:00.000Z,Ones_Diamond_Style_Hidari3,73,43,43
2026-08-23T00:00:00.000Z,Threes_Pro_Style_TimeskipTobio2,47,39,30
2026-08-23T00:00:00.000Z,Twos_Diamond_Ability_FourthTouch,371,207,113
2026-08-23T00:00:00.000Z,OnesMini_Bronze_Style_Twin2_2,37,27,27
2026-08-23T00:00:00.000Z,OnesMini_Diamond_Style_TimeskipShoyo3,12,8,8
2026-08-23T00:00:00.000Z,Fours_Gold_Style_Yogan2,16,13,4
2026-08-23T00:00:00.000Z,Ones_Diamond_Style_Kurai2,27,15,15
2026-08-23T00:00:00.000Z,Twos_Diamond_Style_Kumo,28,19,11
2026-08-23T00:00:00.000Z,Casual-Threes_Silver_Style_TeamCaptain4,48,23,8
2026-08-23T00:00:00.000Z,Threes_Bronze_Style_Hajime,98,16,3
2026-08-23T00:00:00.000Z,Sixes_Silver_Style_Kurai,20,11,1
2026-08-23T00:00:00.000Z,Twos_Bronze_Style_Mikage,223,129,82
2026-08-23T00:00:00.000Z,Fours_Silver_Style_TeamCaptain,90,46,21
2026-08-23T00:00:00.000Z,Fours_Gold_Style_Mikage2,36,24,5
2026-08-23T00:00:00.000Z,Fours_Pro_Style_Riku,3,3,0
2026-08-23T00:00:00.000Z,Threes_Gold_Style_Twin2_3,23,10,5
2026-08-23T00:00:00.000Z,Threes_Diamond_Style_Feiko,38,23,18
2026-08-23T00:00:00.000Z,Twos_Legend_Style_Jester,24,15,7
2026-08-23T00:00:00.000Z,Seasonal_Gold_Style_Twin2_2,116,77,45
2026-08-23T00:00:00.000Z,OnesMini_Diamond_Style_Kijo,434,236,236
2026-08-23T00:00:00.000Z,Seasonal_Diamond_Style_Kimiro,42,28,7
2026-08-23T00:00:00.000Z,OnesMini_Bronze_Style_TeamCaptain2,25,15,15
2026-08-23T00:00:00.000Z,Fours_Diamond_Style_Yogan2,6,6,1
2026-08-23T00:00:00.000Z,Fours_Silver_Style_Twin1_3,43,17,7
2026-08-23T00:00:00.000Z,Sixes_Diamond_Ability_RedirectionJump,2,2,2
2026-08-23T00:00:00.000Z,Fours_Silver_Style_Twin2_4,30,17,5
2026-08-23T00:00:00.000Z,Seasonal_Diamond_Style_Twin2_4,52,32,9
2026-08-23T00:00:00.000Z,Seasonal_Diamond_Style_TimeskipToru3,29,14,8
2026-08-23T00:00:00.000Z,Sixes_Silver_Style_Daichi,4,1,0
2026-08-23T00:00:00.000Z,Sixes_Silver_Style_Kazana,4,2,0
2026-08-23T00:00:00.000Z,Twos_Gold_Style_Toru,49,27,12
2026-08-23T00:00:00.000Z,Threes_Diamond_Style_Mikage4,42,22,10
2026-08-23T00:00:00.000Z,Fours_Bronze_Style_Samurai,53,23,5
2026-08-23T00:00:00.000Z,Casual-Fours_Silver_Style_Rintaro,25,13,2
2026-08-23T00:00:00.000Z,Casual-Fours_Silver_Style_Hidari2,2,2,0
2026-08-23T00:00:00.000Z,Sixes_Silver_Style_Kenma,4,0,0
2026-08-23T00:00:00.000Z,Sixes_Silver_Style_Mikage2,27,15,7
2026-08-23T00:00:00.000Z,Twos_Diamond_Style_Kotaru,14,11,7
2026-08-23T00:00:00.000Z,Fours_Bronze_Style_Tadashi,2,0,0
2026-08-23T00:00:00.000Z,Sixes_Silver_Style_Yogan2,17,9,0
2026-08-23T00:00:00.000Z,Casual-Threes_Silver_Style_Kei,15,2,1
2026-08-23T00:00:00.000Z,Sixes_Silver_Style_Asahi,9,6,1
2026-08-23T00:00:00.000Z,Seasonal_Pro_Style_Yogan2,21,21,14
2026-08-23T00:00:00.000Z,Ones_Gold_Style_TimeskipShoyo,10,6,6
2026-08-23T00:00:00.000Z,Sixes_Diamond_Style_Jester2,3,3,1
2026-08-23T00:00:00.000Z,Seasonal_Gold_Style_TeamCaptain2,95,57,50
2026-08-23T00:00:00.000Z,OnesMini_Gold_Style_Jester,29,14,14
2026-08-23T00:00:00.000Z,OnesMini_Diamond_Ability_DivineStrength,3,3,3
2026-08-23T00:00:00.000Z,Fours_Gold_Style_TimeskipToru2,9,8,5
2026-08-23T00:00:00.000Z,Twos_Pro_Ability_SteelBlock,6,3,3
2026-08-23T00:00:00.000Z,Sixes_Diamond_Style_TimeskipShoyo3,3,3,0
2026-08-23T00:00:00.000Z,Fours_Gold_Style_Kazana,13,10,2
2026-08-23T00:00:00.000Z,Casual-Fours_Silver_Style_Tobio,5,2,1
2026-08-23T00:00:00.000Z,OnesMini_Gold_Style_Morisuke,3,3,3
2026-08-23T00:00:00.000Z,Fours_Diamond_Style_Kazana,3,3,1
2026-08-23T00:00:00.000Z,Seasonal_Diamond_Style_Kijo2,38,28,20
2026-08-23T00:00:00.000Z,Fours_Gold_Ability_RollingThunder,2,1,0
2026-08-23T00:00:00.000Z,Fours_Diamond_Style_Mikage2,2,2,1
2026-08-23T00:00:00.000Z,Casual-Fours_Silver_Style_Wakatoshi,3,0,0
2026-08-23T00:00:00.000Z,Twos_Pro_Ability_ZeroGravitySet,1,1,1
2026-08-23T00:00:00.000Z,Twos_Legend_Ability_SteelBlock,1,0,0
2026-08-23T00:00:00.000Z,Threes_Pro_Style_Kijo,1,1,1
2026-08-23T00:00:00.000Z,Seasonal_Gold_Style_Taketora,12,6,6
2026-08-23T00:00:00.000Z,Ones_Gold_Style_Tadashi,2,2,2
2026-08-23T00:00:00.000Z,OnesMini_Pro_Ability_CurveSpike,5,3,3
2026-08-23T00:00:00.000Z,Ones_Diamond_Style_Kazana2,5,3,3
2026-08-23T00:00:00.000Z,Seasonal_Pro_Style_Twin2,6,6,4
2026-08-23T00:00:00.000Z,OnesMini_Pro_Style_Feiko,1,0,0
2026-08-23T00:00:00.000Z,Twos_Pro_Style_Lev,8,5,4
2026-08-23T00:00:00.000Z,Ones_Pro_Style_Rintaro,3,2,2
2026-08-23T00:00:00.000Z,Twos_Legend_Ability_Moonball,1,1,0
2026-08-23T00:00:00.000Z,Ones_Pro_Style_Kazana3,1,0,0
2026-08-23T00:00:00.000Z,Threes_Gold_Style_Yu,3,2,1
2026-08-23T00:00:00.000Z,Fours_Gold_Ability_SuperSprint,5,3,0
2026-08-23T00:00:00.000Z,OnesMini_Diamond_Style_Jester2,3,2,2
2026-08-23T00:00:00.000Z,Sixes_Silver_Style_TimeskipToru2,3,2,1
2026-08-23T00:00:00.000Z,Seasonal_Diamond_Ability_TeamSpirit,3,2,0
2026-08-23T00:00:00.000Z,Seasonal_Pro_Style_Mikage2,3,2,0
2026-08-23T00:00:00.000Z,Seasonal_Diamond_Style_Ohira,3,2,2
2026-08-23T00:00:00.000Z,OnesMini_Pro_Style_Mikage4,1,1,1
2026-08-23T00:00:00.000Z,Sixes_Silver_Style_Twin1_2,1,0,0
2026-08-23T00:00:00.000Z,Sixes_Gold_Ability_SteelBlock,1,1,0
2026-08-23T00:00:00.000Z,Ones_Bronze_Ability_BoomJump,3278,1391,1391
2026-08-23T00:00:00.000Z,Seasonal_Silver_Style_TimeskipShoyo2,3546,2176,1248
2026-08-23T00:00:00.000Z,Twos_Silver_Style_Wakatoshi,7661,2307,896
2026-08-23T00:00:00.000Z,Seasonal_Bronze_Style_Encho,1074,546,329
2026-08-23T00:00:00.000Z,Duel_Silver_Ability_BoomJump,1942,874,874
2026-08-23T00:00:00.000Z,Twos_Gold_Style_Kazana2,1323,757,351
2026-08-23T00:00:00.000Z,Seasonal_Silver_Ability_RollingThunder,2702,1018,401
2026-08-23T00:00:00.000Z,Seasonal_Bronze_Style_Wakatoshi,3877,1205,366
2026-08-23T00:00:00.000Z,Twos_Bronze_Ability_RollingThunder,3892,1202,525
2026-08-23T00:00:00.000Z,Fours_Silver_Style_Rintaro,2407,1127,187
2026-08-23T00:00:00.000Z,Twos_Silver_Style_Kijo,19775,11360,6667
2026-08-23T00:00:00.000Z,Threes_Silver_Style_Kimiro,2789,1094,312
2026-08-23T00:00:00.000Z,Threes_Silver_Style_TimeskipTobio,531,333,175
2026-08-23T00:00:00.000Z,Twos_Silver_Style_Jester2,7758,3816,1759
2026-08-23T00:00:00.000Z,Ones_Silver_Style_Kei,554,153,153
2026-08-23T00:00:00.000Z,Twos_Diamond_Style_TimeskipShoyo4,2717,1436,759
2026-08-23T00:00:00.000Z,Twos_Bronze_Ability_SuperSprint,3036,886,382
2026-08-23T00:00:00.000Z,Fours_Silver_Ability_LeadFeet,1634,1031,319
2026-08-23T00:00:00.000Z,Fours_Silver_Style_TimeskipShoyo3,466,303,60
2026-08-23T00:00:00.000Z,Seasonal_Silver_Style_Kotaru,7919,2892,1028
2026-08-23T00:00:00.000Z,OnesMini_Bronze_Style_Ryunosuke,221,64,64
2026-08-23T00:00:00.000Z,Ones_Bronze_Style_Mikage4,3655,2075,2075
2026-08-23T00:00:00.000Z,Twos_Silver_Style_TeamCaptain2,2290,1174,600
2026-08-23T00:00:00.000Z,Twos_Pro_Ability_RedirectionJump,491,257,122
2026-08-23T00:00:00.000Z,Casual-Ones_Silver_Ability_LeadFeet,3758,2293,2293
2026-08-23T00:00:00.000Z,Ones_Silver_Ability_TeamSpirit,911,271,271
2026-08-23T00:00:00.000Z,Casual-Twos_Silver_Style_Twin2_4,162,91,52
2026-08-23T00:00:00.000Z,Ones_Bronze_Style_Hidari3,2806,1535,1535
2026-08-23T00:00:00.000Z,Twos_Bronze_Style_Kurai,3307,1568,820
2026-08-23T00:00:00.000Z,Twos_Gold_Style_Kurai2,3056,1622,857
2026-08-23T00:00:00.000Z,OnesMini_Gold_Ability_RedirectionJump,790,438,438
2026-08-23T00:00:00.000Z,Twos_Bronze_Style_TimeskipTobio3,950,426,188
2026-08-23T00:00:00.000Z,Twos_Gold_Ability_CurveSpike,2133,1068,578
2026-08-23T00:00:00.000Z,Seasonal_Silver_Ability_SuperSprint,1866,651,271
2026-08-23T00:00:00.000Z,Twos_Diamond_Style_Kurai2,568,310,146
2026-08-23T00:00:00.000Z,OnesMini_Bronze_Style_Kimiro,1468,591,591
2026-08-23T00:00:00.000Z,Seasonal_Diamond_Style_Encho,341,221,148
2026-08-23T00:00:00.000Z,Ones_Gold_Ability_ShieldBreaker,2724,1572,1572
2026-08-23T00:00:00.000Z,OnesMini_Silver_Style_Feiko,237,120,120
2026-08-23T00:00:00.000Z,Fours_Silver_Ability_DivineStrength,400,152,24
2026-08-23T00:00:00.000Z,Twos_Silver_Style_Encho,4587,2605,1488
2026-08-23T00:00:00.000Z,Seasonal_Bronze_Style_Kijo,2467,1279,791
2026-08-23T00:00:00.000Z,Duel_Silver_Style_TimeskipShoyo,46,14,14
2026-08-23T00:00:00.000Z,Casual-Twos_Silver_Style_Hidari,449,258,146
2026-08-23T00:00:00.000Z,Threes_Gold_Style_TimeskipTobio3,483,320,194
2026-08-23T00:00:00.000Z,Casual-Ones_Silver_Style_Jester2,592,260,260
2026-08-23T00:00:00.000Z,Seasonal_Silver_Style_TeamCaptain3,1067,529,301
2026-08-23T00:00:00.000Z,Twos_Gold_Style_Twin1_4,503,281,189
2026-08-23T00:00:00.000Z,Threes_Bronze_Style_Feiko,775,348,153
2026-08-23T00:00:00.000Z,Seasonal_Silver_Style_Hajime,538,161,66
2026-08-23T00:00:00.000Z,OnesMini_Silver_Style_Jester3,678,319,319
2026-08-23T00:00:00.000Z,Twos_Diamond_Style_Kazana2,340,192,101
2026-08-23T00:00:00.000Z,Twos_Diamond_Ability_CurveSpike,190,106,60
2026-08-23T00:00:00.000Z,Ones_Diamond_Style_Yogan2,31,25,25
2026-08-23T00:00:00.000Z,Fours_Silver_Style_Jester2,213,115,22
2026-08-23T00:00:00.000Z,Seasonal_Bronze_Style_Jester2,1718,759,366
2026-08-23T00:00:00.000Z,OnesMini_Bronze_Style_Twin2_4,112,69,69
2026-08-23T00:00:00.000Z,Casual-Ones_Silver_Style_TimeskipShoyo3,553,329,329
2026-08-23T00:00:00.000Z,Twos_Bronze_Style_Shinsuke,244,67,27
2026-08-23T00:00:00.000Z,OnesMini_Bronze_Style_Lev,344,98,98
2026-08-23T00:00:00.000Z,Fours_Bronze_Style_Yogan2,117,52,15
2026-08-23T00:00:00.000Z,Fours_Silver_Style_TimeskipTobio2,376,243,148
2026-08-23T00:00:00.000Z,Threes_Diamond_Ability_ShieldBreaker,814,528,154
2026-08-23T00:00:00.000Z,Twos_Pro_Style_Kazana3,199,110,49
2026-08-23T00:00:00.000Z,Duel_Silver_Style_Kazana2,122,62,62
2026-08-23T00:00:00.000Z,Threes_Gold_Style_Kotaru,23,16,4
2026-08-23T00:00:00.000Z,Seasonal_Gold_Ability_ZeroGravitySet,116,64,29
2026-08-23T00:00:00.000Z,Threes_Bronze_Style_Twin2_3,65,26,9
2026-08-23T00:00:00.000Z,Threes_Bronze_Style_Yu,184,36,5
2026-08-23T00:00:00.000Z,Threes_Bronze_Style_Tetsuro,279,60,11
2026-08-23T00:00:00.000Z,Seasonal_Bronze_Style_Twin2_2,128,68,41
2026-08-23T00:00:00.000Z,Twos_Bronze_Style_Mikage2,275,166,104
2026-08-23T00:00:00.000Z,Duel_Silver_Style_Tadashi,137,47,47
2026-08-23T00:00:00.000Z,OnesMini_Bronze_Style_Mikage3,71,35,35
2026-08-23T00:00:00.000Z,Sixes_Silver_Ability_CurveSpike,34,7,0
2026-08-23T00:00:00.000Z,Sixes_Silver_Style_Mikage4,61,28,9
2026-08-23T00:00:00.000Z,Ones_Silver_Style_Twin1_3,67,26,26
2026-08-23T00:00:00.000Z,Fours_Gold_Ability_BoomJump,51,44,6
2026-08-23T00:00:00.000Z,Threes_Diamond_Style_Kurai,49,29,4
2026-08-23T00:00:00.000Z,OnesMini_Gold_Ability_DivineStrength,82,38,38
2026-08-23T00:00:00.000Z,Sixes_Gold_Style_Kijo,4,4,0
2026-08-23T00:00:00.000Z,Sixes_Silver_Style_Yogan,4,3,1
2026-08-23T00:00:00.000Z,Sixes_Gold_Ability_LeadFeet,20,16,6
2026-08-23T00:00:00.000Z,Threes_Silver_Style_Hidari,560,322,92
2026-08-23T00:00:00.000Z,Sixes_Bronze_Ability_SteelBlock,25,7,1
2026-08-23T00:00:00.000Z,Casual-Twos_Silver_Style_TimeskipTobio,104,62,36
2026-08-23T00:00:00.000Z,Fours_Diamond_Style_Kazana2,22,14,0
2026-08-23T00:00:00.000Z,Twos_Legend_Ability_LeadFeet,161,119,76
2026-08-23T00:00:00.000Z,Casual-Ones_Silver_Style_TeamCaptain2,23,12,12
2026-08-23T00:00:00.000Z,Threes_Gold_Ability_RollingThunder,43,28,13
2026-08-23T00:00:00.000Z,OnesMini_Diamond_Style_Riku,10,9,9
2026-08-23T00:00:00.000Z,Casual-Threes_Silver_Style_TimeskipShoyo3,115,75,23
2026-08-23T00:00:00.000Z,Ones_Gold_Style_Hakka,55,30,30
2026-08-23T00:00:00.000Z,Twos_Gold_Style_Mikage,105,65,46
2026-08-23T00:00:00.000Z,OnesMini_Gold_Style_Kazana3,115,61,61
2026-08-23T00:00:00.000Z,Fours_Gold_Style_Mikage,15,10,2
2026-08-23T00:00:00.000Z,Seasonal_Gold_Style_TeamCaptain4,159,94,61
2026-08-23T00:00:00.000Z,OnesMini_Silver_Style_Twin2_3,185,102,102
2026-08-23T00:00:00.000Z,Fours_Bronze_Style_Asahi,32,7,0
2026-08-23T00:00:00.000Z,Duel_Silver_Style_Yogan,46,13,13
2026-08-23T00:00:00.000Z,Twos_Diamond_Style_Twin1_4,59,34,23
2026-08-23T00:00:00.000Z,Ones_Bronze_Style_TimeskipShoyo,23,12,12
2026-08-23T00:00:00.000Z,OnesMini_Diamond_Ability_SteelBlock,29,16,16
2026-08-23T00:00:00.000Z,Ones_Gold_Style_Hirugami,13,7,7
2026-08-23T00:00:00.000Z,Threes_Bronze_Style_Tadashi,54,8,2
2026-08-23T00:00:00.000Z,Casual-Ones_Silver_Style_Encho,88,62,62
2026-08-23T00:00:00.000Z,Ones_Gold_Style_TeamCaptain3,13,5,5
2026-08-23T00:00:00.000Z,Seasonal_Diamond_Style_Twin1,15,12,12
2026-08-23T00:00:00.000Z,Ones_Gold_Ability_RollingThunder,42,22,22
2026-08-23T00:00:00.000Z,Fours_Gold_Ability_CurveSpike,26,15,4
2026-08-23T00:00:00.000Z,Ones_Gold_Style_Daichi,11,7,7
2026-08-23T00:00:00.000Z,Threes_Bronze_Style_Yogan,115,51,17
2026-08-23T00:00:00.000Z,Fours_Gold_Style_Kazana2,23,19,1
2026-08-23T00:00:00.000Z,Threes_Gold_Style_Twin1_2,35,24,12
2026-08-23T00:00:00.000Z,Fours_Diamond_Ability_CurveSpike,2,1,1
2026-08-23T00:00:00.000Z,Sixes_Silver_Style_Hidari3,13,6,0
2026-08-23T00:00:00.000Z,Casual-Fours_Silver_Ability_Moonball,6,1,0
2026-08-23T00:00:00.000Z,Seasonal_Diamond_Style_TimeskipShoyo3,111,67,20
2026-08-23T00:00:00.000Z,Fours_Gold_Style_Hidari3,17,13,3
2026-08-23T00:00:00.000Z,Ones_Bronze_Style_Yogan,42,21,21
2026-08-23T00:00:00.000Z,Sixes_Silver_Style_TimeskipShoyo,6,1,0
2026-08-23T00:00:00.000Z,Fours_Pro_Style_TimeskipTobio2,5,4,4
2026-08-23T00:00:00.000Z,Fours_Pro_Ability_LeadFeet,11,11,3
2026-08-23T00:00:00.000Z,Fours_Diamond_Style_Yogan,2,1,1
2026-08-23T00:00:00.000Z,Sixes_Bronze_Style_Morisuke,1,0,0
2026-08-23T00:00:00.000Z,Ones_Diamond_Style_Shoyo,1,1,1
2026-08-23T00:00:00.000Z,Twos_Pro_Style_Hidari2,10,7,1
2026-08-23T00:00:00.000Z,Threes_Diamond_Style_TeamCaptain3,31,21,14
2026-08-23T00:00:00.000Z,Ones_Gold_Style_Kazana,23,14,14
2026-08-23T00:00:00.000Z,Casual-Fours_Silver_Style_TimeskipTobio,2,0,0
2026-08-23T00:00:00.000Z,Casual-Threes_Silver_Style_Twin2_2,5,5,2
2026-08-23T00:00:00.000Z,OnesMini_Gold_Style_TimeskipTobio2,8,6,6
2026-08-23T00:00:00.000Z,OnesMini_Gold_Style_Hidari2,12,7,7
2026-08-23T00:00:00.000Z,Fours_Gold_Style_Mikage4,40,25,4
2026-08-23T00:00:00.000Z,Twos_Legend_Style_Kijo,6,4,4
2026-08-23T00:00:00.000Z,Sixes_Silver_Style_Kazana2,11,7,0
2026-08-23T00:00:00.000Z,Fours_Diamond_Style_Hidari3,10,5,0
2026-08-23T00:00:00.000Z,Fours_Pro_Style_Rintaro,4,4,0
2026-08-23T00:00:00.000Z,Threes_Diamond_Style_Kazana,5,2,0
2026-08-23T00:00:00.000Z,Fours_Pro_Style_TimeskipShoyo3,1,1,0
2026-08-23T00:00:00.000Z,Casual-Threes_Silver_Style_TeamCaptain2,15,11,5
2026-08-23T00:00:00.000Z,Sixes_Diamond_Style_TimeskipTobio,1,1,1
2026-08-23T00:00:00.000Z,Threes_Pro_Style_Riku,6,4,0
2026-08-23T00:00:00.000Z,OnesMini_Diamond_Style_Twin1_3,9,5,5
2026-08-23T00:00:00.000Z,Twos_Legend_Style_Encho,11,7,7
2026-08-23T00:00:00.000Z,Twos_Pro_Style_Twin1,3,3,2
2026-08-23T00:00:00.000Z,Threes_Diamond_Style_Kumo,15,9,5
2026-08-23T00:00:00.000Z,Seasonal_Pro_Style_Hidari3,14,12,11
2026-08-23T00:00:00.000Z,Sixes_Silver_Style_Tadashi,2,1,0
2026-08-23T00:00:00.000Z,Seasonal_Gold_Style_Morisuke,6,4,1
2026-08-23T00:00:00.000Z,Fours_Diamond_Style_Mikage4,4,4,3
2026-08-23T00:00:00.000Z,Ones_Gold_Style_Shinsuke,3,1,1
2026-08-23T00:00:00.000Z,Seasonal_Diamond_Style_TeamCaptain2,18,12,10
2026-08-23T00:00:00.000Z,OnesMini_Pro_Style_Kurai,6,4,4
2026-08-23T00:00:00.000Z,Ones_Gold_Style_Toru,3,3,3
2026-08-23T00:00:00.000Z,OnesMini_Pro_Style_Kumo,1,0,0
2026-08-23T00:00:00.000Z,Seasonal_Pro_Style_Mikage4,3,1,1
2026-08-23T00:00:00.000Z,Casual-Ones_Silver_Style_Twin2_2,2,2,2
2026-08-23T00:00:00.000Z,Threes_Pro_Style_Encho2,7,6,1
2026-08-23T00:00:00.000Z,Seasonal_Legend_Style_Yogan2,2,0,0
2026-08-23T00:00:00.000Z,Ones_Champion_Style_Rintaro,1,1,1
2026-08-23T00:00:00.000Z,Threes_Gold_Style_Shinsuke,1,1,0
2026-08-23T00:00:00.000Z,Fours_Diamond_Style_Samurai,1,0,0
2026-08-23T00:00:00.000Z,Seasonal_Pro_Style_Kazana2,8,6,1
2026-08-23T00:00:00.000Z,Fours_Pro_Ability_DivineStrength,1,1,0
2026-08-23T00:00:00.000Z,Seasonal_Silver_Ability_ShieldBreaker,41496,23238,12548
2026-08-23T00:00:00.000Z,Twos_Silver_Style_Rintaro,145713,74400,35370
2026-08-23T00:00:00.000Z,Twos_Silver_Style_Kazana3,6224,3373,1621
2026-08-23T00:00:00.000Z,Ones_Gold_Ability_MagneticPull,3184,1612,1612
2026-08-23T00:00:00.000Z,Twos_Silver_Ability_RedirectionJump,36467,18748,9995
2026-08-23T00:00:00.000Z,Twos_Silver_Ability_DivineStrength,10372,4062,1918
2026-08-23T00:00:00.000Z,Twos_Bronze_Ability_ShieldBreaker,30726,15124,7754
2026-08-23T00:00:00.000Z,Seasonal_Silver_Style_TimeskipToru2,811,459,243
2026-08-23T00:00:00.000Z,Seasonal_Silver_Style_Yogan2,2263,1287,710
2026-08-23T00:00:00.000Z,Seasonal_Bronze_Style_Rintaro,27734,11971,5821
2026-08-23T00:00:00.000Z,OnesMini_Silver_Style_Hidari3,6457,3340,3340
2026-08-23T00:00:00.000Z,OnesMini_Silver_Style_Mikage4,13849,7487,7487
2026-08-23T00:00:00.000Z,Seasonal_Bronze_Ability_RedirectionJump,6028,2403,1138
2026-08-23T00:00:00.000Z,Twos_Bronze_Style_Hirugami,2000,590,251
2026-08-23T00:00:00.000Z,Twos_Bronze_Style_Daichi,1310,299,112
2026-08-23T00:00:00.000Z,Seasonal_Silver_Style_Feiko2,1209,635,281
2026-08-23T00:00:00.000Z,Fours_Pro_Ability_RedirectionJump,4,4,0
2026-08-23T00:00:00.000Z,Threes_Silver_Style_Riku,1189,609,169
2026-08-23T00:00:00.000Z,Twos_Silver_Style_Tobio,8035,2710,1277
2026-08-23T00:00:00.000Z,Twos_Bronze_Style_Asahi,2130,523,191
2026-08-23T00:00:00.000Z,Threes_Bronze_Style_TimeskipShoyo4,1445,682,187
2026-08-23T00:00:00.000Z,Ones_Bronze_Style_Tetsuro,757,229,229
2026-08-23T00:00:00.000Z,Duel_Silver_Style_Yu,235,72,72
2026-08-23T00:00:00.000Z,Threes_Gold_Ability_FourthTouch,1380,815,385
2026-08-23T00:00:00.000Z,Seasonal_Silver_Style_Hirugami,1838,691,237
2026-08-23T00:00:00.000Z,Ones_Silver_Ability_SteelBlock,8425,3155,3155
2026-08-23T00:00:00.000Z,Seasonal_Silver_Style_Roketto,6581,3201,1515
2026-08-23T00:00:00.000Z,Twos_Bronze_Style_Feiko2,1039,484,232
2026-08-23T00:00:00.000Z,Casual-Ones_Silver_Style_Rintaro,8287,4529,4529
2026-08-23T00:00:00.000Z,Casual-Twos_Silver_Style_Riku,690,321,167
2026-08-23T00:00:00.000Z,OnesMini_Gold_Style_Kijo,2272,1268,1268
2026-08-23T00:00:00.000Z,Seasonal_Bronze_Style_Kazana3,1267,602,305
2026-08-23T00:00:00.000Z,OnesMini_Gold_Ability_LeadFeet,3767,2145,2145
2026-08-23T00:00:00.000Z,Casual-Twos_Silver_Style_Jester,1027,497,262
2026-08-23T00:00:00.000Z,Twos_Bronze_Style_Toru,4360,1311,599
2026-08-23T00:00:00.000Z,Seasonal_Bronze_Ability_DivineStrength,4437,1618,620
2026-08-23T00:00:00.000Z,Twos_Bronze_Style_Roketto,5417,2351,1118
2026-08-23T00:00:00.000Z,Twos_Silver_Style_Hidari2,2261,1222,591
2026-08-23T00:00:00.000Z,Twos_Gold_Ability_BoomJump,4230,2318,1148
2026-08-23T00:00:00.000Z,Twos_Silver_Style_Twin1,1479,860,538
2026-08-23T00:00:00.000Z,Ones_Silver_Style_TeamCaptain,65,39,39
2026-08-23T00:00:00.000Z,Ones_Diamond_Style_Kurai,28,14,14
2026-08-23T00:00:00.000Z,Casual-Twos_Silver_Ability_Moonball,1140,304,117
2026-08-23T00:00:00.000Z,Threes_Silver_Style_Jester,1080,549,144
2026-08-23T00:00:00.000Z,Casual-Twos_Silver_Style_Morisuke,264,51,14
2026-08-23T00:00:00.000Z,Fours_Bronze_Ability_FourthTouch,496,188,50
2026-08-23T00:00:00.000Z,OnesMini_Bronze_Ability_ZeroGravitySet,4737,1897,1897
2026-08-23T00:00:00.000Z,Threes_Silver_Style_Encho2,901,509,189
2026-08-23T00:00:00.000Z,Twos_Silver_Style_TimeskipTobio2,2375,1224,605
2026-08-23T00:00:00.000Z,Twos_Bronze_Style_Twin2,204,106,68
2026-08-23T00:00:00.000Z,OnesMini_Silver_Style_Samurai,1851,1101,1101
2026-08-23T00:00:00.000Z,OnesMini_Silver_Style_Tadashi,226,39,39
2026-08-23T00:00:00.000Z,Casual-Ones_Silver_Ability_DivineStrength,561,230,230
2026-08-23T00:00:00.000Z,Seasonal_Bronze_Style_Hidari2,404,213,104
2026-08-23T00:00:00.000Z,Threes_Silver_Style_Ibara,508,316,68
2026-08-23T00:00:00.000Z,Threes_Bronze_Style_Mikage4,2918,1358,569
2026-08-23T00:00:00.000Z,OnesMini_Bronze_Style_TeamCaptain4,95,60,60
2026-08-23T00:00:00.000Z,Casual-Twos_Silver_Style_Encho2,481,288,164
2026-08-23T00:00:00.000Z,Threes_Diamond_Style_TimeskipTobio3,134,94,58
2026-08-23T00:00:00.000Z,OnesMini_Bronze_Style_Riku,274,140,140
2026-08-23T00:00:00.000Z,Threes_Gold_Style_TimeskipToru2,61,38,26
2026-08-23T00:00:00.000Z,Duel_Silver_Style_Feiko,132,74,74
2026-08-23T00:00:00.000Z,Casual-Ones_Silver_Style_Tobio,429,145,145
2026-08-23T00:00:00.000Z,Twos_Gold_Style_TimeskipToru,136,76,55
2026-08-23T00:00:00.000Z,Twos_Legend_Style_Rintaro,239,181,89
2026-08-23T00:00:00.000Z,Ones_Gold_Style_TimeskipShoyo2,360,216,216
2026-08-23T00:00:00.000Z,OnesMini_Silver_Style_Mikage,129,77,77
2026-08-23T00:00:00.000Z,Threes_Bronze_Style_Samurai,915,418,148
2026-08-23T00:00:00.000Z,Casual-Twos_Silver_Style_Twin1_3,127,59,26
2026-08-23T00:00:00.000Z,Fours_Bronze_Style_TeamCaptain3,51,19,11
2026-08-23T00:00:00.000Z,Threes_Silver_Style_Twin1_3,334,177,75
2026-08-23T00:00:00.000Z,Casual-Ones_Silver_Style_Kazana3,208,109,109
2026-08-23T00:00:00.000Z,OnesMini_Silver_Style_Kazana2,385,192,192
2026-08-23T00:00:00.000Z,Casual-Threes_Silver_Style_Rintaro,747,348,106
2026-08-23T00:00:00.000Z,OnesMini_Bronze_Style_Hidari,50,27,27
2026-08-23T00:00:00.000Z,Ones_Silver_Style_Hidari,462,278,278
2026-08-23T00:00:00.000Z,Threes_Silver_Style_TimeskipToru3,194,100,42
2026-08-23T00:00:00.000Z,Twos_Legend_Style_Kazana3,31,23,19
2026-08-23T00:00:00.000Z,Twos_Legend_Ability_RedirectionJump,44,28,22
2026-08-23T00:00:00.000Z,Seasonal_Bronze_Style_Twin1,177,84,47
2026-08-23T00:00:00.000Z,Threes_Diamond_Ability_MagneticPull,271,155,71
2026-08-23T00:00:00.000Z,Seasonal_Gold_Style_Ibara,262,174,84
2026-08-23T00:00:00.000Z,Ones_Gold_Style_Roketto,88,45,45
2026-08-23T00:00:00.000Z,Twos_Gold_Style_Twin2_3,111,65,42
2026-08-23T00:00:00.000Z,Twos_Bronze_Style_TimeskipToru2,812,396,219
2026-08-23T00:00:00.000Z,OnesMini_Diamond_Style_Kijo2,81,43,43
2026-08-23T00:00:00.000Z,OnesMini_Bronze_Style_Jester,144,64,64
2026-08-23T00:00:00.000Z,Seasonal_Gold_Style_Twin2_4,229,137,69
2026-08-23T00:00:00.000Z,Threes_Gold_Style_Kumo,131,83,37
2026-08-23T00:00:00.000Z,Fours_Silver_Style_Wakatoshi,306,82,8
2026-08-23T00:00:00.000Z,Threes_Diamond_Style_Roketto,8,3,2
2026-08-23T00:00:00.000Z,Threes_Gold_Style_Kazana,63,43,8
2026-08-23T00:00:00.000Z,Twos_Bronze_Style_Shoyo,571,129,40
2026-08-23T00:00:00.000Z,Sixes_Gold_Ability_RedirectionJump,21,20,6
2026-08-23T00:00:00.000Z,Threes_Gold_Style_Toru,12,4,1
2026-08-23T00:00:00.000Z,Casual-Threes_Silver_Ability_RedirectionJump,223,111,37
2026-08-23T00:00:00.000Z,Sixes_Bronze_Style_Mikage3,3,0,0
2026-08-23T00:00:00.000Z,Fours_Bronze_Style_Daichi,30,6,0
2026-08-23T00:00:00.000Z,Casual-Ones_Silver_Style_Hidari2,52,27,27
2026-08-23T00:00:00.000Z,Fours_Bronze_Style_Kotaru,221,61,2
2026-08-23T00:00:00.000Z,Casual-Twos_Silver_Style_Mikage3,132,58,35
2026-08-23T00:00:00.000Z,Fours_Silver_Style_Twin2_2,13,9,1
2026-08-23T00:00:00.000Z,Sixes_Gold_Style_Rintaro,22,18,3
2026-08-23T00:00:00.000Z,Sixes_Gold_Style_TimeskipTobio2,5,4,3
2026-08-23T00:00:00.000Z,Ones_Bronze_Style_Hakka2,71,27,27
2026-08-23T00:00:00.000Z,Fours_Bronze_Style_Feiko2,54,19,8
2026-08-23T00:00:00.000Z,Twos_Diamond_Style_Yogan,34,18,8
2026-08-23T00:00:00.000Z,Casual-Twos_Silver_Style_TeamCaptain4,317,144,73
2026-08-23T00:00:00.000Z,Threes_Bronze_Style_Mikage,92,59,29
2026-08-23T00:00:00.000Z,OnesMini_Silver_Style_TimeskipShoyo,53,36,36
2026-08-23T00:00:00.000Z,Twos_Gold_Style_Yu,35,19,12
2026-08-23T00:00:00.000Z,Fours_Diamond_Style_Jester3,6,2,2
2026-08-23T00:00:00.000Z,OnesMini_Bronze_Style_TeamCaptain,42,14,14
2026-08-23T00:00:00.000Z,Twos_Gold_Style_Hakka2,146,74,61
2026-08-23T00:00:00.000Z,Fours_Bronze_Style_Twin2,16,7,2
2026-08-23T00:00:00.000Z,Fours_Bronze_Style_Hirugami,78,24,2
2026-08-23T00:00:00.000Z,Twos_Diamond_Style_Yu,7,3,0
2026-08-23T00:00:00.000Z,Ones_Gold_Ability_SuperSprint,72,37,37
2026-08-23T00:00:00.000Z,Ones_Bronze_Style_Twin2_3,20,11,11
2026-08-23T00:00:00.000Z,Twos_Gold_Style_Yogan,125,69,32
2026-08-23T00:00:00.000Z,Twos_Diamond_Style_Twin2_3,27,15,9
2026-08-23T00:00:00.000Z,Fours_Bronze_Style_Toru,62,18,3
2026-08-23T00:00:00.000Z,Casual-Ones_Silver_Style_Twin1,7,3,3
2026-08-23T00:00:00.000Z,Fours_Bronze_Style_Kazana,13,5,0
2026-08-23T00:00:00.000Z,Fours_Gold_Style_Feiko,13,12,11
2026-08-23T00:00:00.000Z,Casual-Threes_Silver_Style_Twin1,12,8,4
2026-08-23T00:00:00.000Z,Duel_Silver_Style_Twin2_3,8,6,6
2026-08-23T00:00:00.000Z,Ones_Gold_Style_Shoyo,14,10,10
2026-08-23T00:00:00.000Z,Sixes_Silver_Style_Feiko,5,2,1
2026-08-23T00:00:00.000Z,Sixes_Bronze_Style_Kimiro,7,0,0
2026-08-23T00:00:00.000Z,Threes_Pro_Style_TimeskipTobio,32,23,18
2026-08-23T00:00:00.000Z,Fours_Gold_Style_Hakka2,3,3,2
2026-08-23T00:00:00.000Z,Sixes_Silver_Style_Twin1_4,4,2,0
2026-08-23T00:00:00.000Z,Casual-Fours_Silver_Style_Morisuke,3,1,0
2026-08-23T00:00:00.000Z,Casual-Fours_Silver_Ability_SteelBlock,13,4,0
2026-08-23T00:00:00.000Z,Seasonal_Diamond_Style_Twin2_2,27,19,14
2026-08-23T00:00:00.000Z,OnesMini_Diamond_Style_Hidari,3,1,1
2026-08-23T00:00:00.000Z,Fours_Bronze_Style_Kenma,20,5,1
2026-08-23T00:00:00.000Z,Sixes_Diamond_Style_Encho2,3,2,2
2026-08-23T00:00:00.000Z,Threes_Gold_Style_Koshi,4,2,0
2026-08-23T00:00:00.000Z,Threes_Diamond_Style_TimeskipToru2,9,5,5
2026-08-23T00:00:00.000Z,Twos_Diamond_Style_TimeskipToru,11,6,4
2026-08-23T00:00:00.000Z,Seasonal_Gold_Style_Lev,10,5,2
2026-08-23T00:00:00.000Z,Seasonal_Gold_Ability_TeamSpirit,31,22,7
2026-08-23T00:00:00.000Z,OnesMini_Gold_Style_Taketora,6,6,6
2026-08-23T00:00:00.000Z,Threes_Diamond_Style_Mikage2,5,3,2
2026-08-23T00:00:00.000Z,Sixes_Silver_Style_Yu,1,0,0
2026-08-23T00:00:00.000Z,Twos_Legend_Style_Twin1,1,0,0
2026-08-23T00:00:00.000Z,Ones_Gold_Style_Asahi,18,14,14
2026-08-23T00:00:00.000Z,Sixes_Bronze_Ability_Moonball,4,1,0
2026-08-23T00:00:00.000Z,Twos_Diamond_Style_Tetsuro,1,1,1
2026-08-23T00:00:00.000Z,OnesMini_Bronze_Style_TimeskipToru3,42,21,21
2026-08-23T00:00:00.000Z,Fours_Diamond_Style_Feiko,3,2,0
2026-08-23T00:00:00.000Z,Sixes_Silver_Style_Hakka2,3,1,0
2026-08-23T00:00:00.000Z,Seasonal_Gold_Style_Ryunosuke,4,4,0
2026-08-23T00:00:00.000Z,Casual-Ones_Silver_Style_TimeskipTobio2,5,3,3
2026-08-23T00:00:00.000Z,Threes_Diamond_Style_Hajime,2,0,0
2026-08-23T00:00:00.000Z,Fours_Gold_Style_Yu,1,1,0
2026-08-23T00:00:00.000Z,Ones_Diamond_Style_Kotaru,2,1,1
2026-08-23T00:00:00.000Z,Threes_Pro_Style_Hidari,7,7,0
2026-08-23T00:00:00.000Z,Threes_Gold_Style_Daichi,1,1,1
2026-08-23T00:00:00.000Z,Seasonal_Legend_Ability_ShieldBreaker,8,3,0
2026-08-23T00:00:00.000Z,Ones_Diamond_Style_TeamCaptain3,1,0,0
2026-08-23T00:00:00.000Z,OnesMini_Pro_Style_TimeskipShoyo2,33,17,17
2026-08-23T00:00:00.000Z,Threes_Diamond_Style_Shoyo,2,1,0
2026-08-23T00:00:00.000Z,Ones_Diamond_Ability_SuperSprint,3,2,2
2026-08-23T00:00:00.000Z,OnesMini_Diamond_Ability_TeamSpirit,2,1,1
2026-08-23T00:00:00.000Z,Twos_Diamond_Style_Tadashi,1,0,0
2026-08-23T00:00:00.000Z,OnesMini_Pro_Style_Yogan2,1,1,1
2026-08-23T00:00:00.000Z,Twos_Silver_Ability_FourthTouch,34432,16968,8455
2026-08-23T00:00:00.000Z,Seasonal_Silver_Style_Rintaro,56264,27935,14034
2026-08-23T00:00:00.000Z,OnesMini_Silver_Ability_ZeroGravitySet,6309,2249,2249
2026-08-23T00:00:00.000Z,Twos_Silver_Ability_BoomJump,19176,8588,4074
2026-08-23T00:00:00.000Z,Twos_Diamond_Style_Rintaro,9308,5110,2469
2026-08-23T00:00:00.000Z,Twos_Silver_Style_Twin2,827,461,280
2026-08-23T00:00:00.000Z,OnesMini_Bronze_Ability_FourthTouch,2085,1121,1121
2026-08-23T00:00:00.000Z,Twos_Silver_Style_Kumo,3325,1760,1082
2026-08-23T00:00:00.000Z,Twos_Silver_Style_Roketto,9566,4314,2183
2026-08-23T00:00:00.000Z,Twos_Gold_Style_Kimiro,216,100,64
2026-08-23T00:00:00.000Z,Twos_Gold_Ability_LeadFeet,34212,18643,10010
2026-08-23T00:00:00.000Z,Seasonal_Bronze_Ability_FourthTouch,8126,3629,1728
2026-08-23T00:00:00.000Z,OnesMini_Bronze_Style_Mikage4,3459,1913,1913
2026-08-23T00:00:00.000Z,Casual-Twos_Silver_Ability_ShieldBreaker,21270,11693,5819
2026-08-23T00:00:00.000Z,Seasonal_Silver_Style_Wakatoshi,4726,1497,496
2026-08-23T00:00:00.000Z,Threes_Silver_Ability_MagneticPull,25341,13412,4733
2026-08-23T00:00:00.000Z,Threes_Silver_Ability_ShieldBreaker,23475,13137,4734
2026-08-23T00:00:00.000Z,Twos_Gold_Ability_TeamSpirit,103,54,32
2026-08-23T00:00:00.000Z,Threes_Silver_Style_Kotaru,2687,889,139
2026-08-23T00:00:00.000Z,Twos_Silver_Style_Mikage,678,395,256
2026-08-23T00:00:00.000Z,Twos_Silver_Style_Twin1_4,3482,1778,1071
2026-08-23T00:00:00.000Z,Twos_Bronze_Style_Wakatoshi,7284,2104,785
2026-08-23T00:00:00.000Z,Casual-Twos_Silver_Style_Twin1_2,220,117,75
2026-08-23T00:00:00.000Z,Casual-Twos_Silver_Ability_MagneticPull,24187,11883,5883
2026-08-23T00:00:00.000Z,Twos_Silver_Style_Hakka2,1375,670,500
2026-08-23T00:00:00.000Z,Duel_Silver_Style_Lev,209,88,88
2026-08-23T00:00:00.000Z,OnesMini_Silver_Style_Kazana3,836,463,463
2026-08-23T00:00:00.000Z,Ones_Silver_Ability_FourthTouch,8158,4165,4165
2026-08-23T00:00:00.000Z,Ones_Bronze_Style_Taketora,463,145,145
2026-08-23T00:00:00.000Z,Seasonal_Bronze_Ability_CurveSpike,13509,5398,2472
2026-08-23T00:00:00.000Z,Threes_Silver_Style_Twin1_2,479,250,108
2026-08-23T00:00:00.000Z,Threes_Bronze_Ability_SteelBlock,4552,1551,417
2026-08-23T00:00:00.000Z,Threes_Bronze_Style_Tobio,1461,449,127
2026-08-23T00:00:00.000Z,Twos_Silver_Ability_SuperSprint,4078,1400,611
2026-08-23T00:00:00.000Z,Twos_Silver_Style_Hakka,2435,1214,844
2026-08-23T00:00:00.000Z,OnesMini_Silver_Style_Hidari,277,156,156
2026-08-23T00:00:00.000Z,Seasonal_Bronze_Style_Tetsuro,821,253,66
2026-08-23T00:00:00.000Z,Ones_Gold_Style_TimeskipShoyo3,367,194,194
2026-08-23T00:00:00.000Z,Casual-Twos_Silver_Style_Hidari3,3775,1853,959
2026-08-23T00:00:00.000Z,OnesMini_Bronze_Style_Daichi,552,157,157
2026-08-23T00:00:00.000Z,Seasonal_Gold_Style_TimeskipShoyo2,691,447,255
2026-08-23T00:00:00.000Z,Seasonal_Gold_Style_Jester3,435,250,134
2026-08-23T00:00:00.000Z,Fours_Bronze_Style_Encho2,24,17,6
2026-08-23T00:00:00.000Z,Twos_Bronze_Style_TimeskipToru3,209,92,53
2026-08-23T00:00:00.000Z,Seasonal_Silver_Style_TeamCaptain4,1315,623,338
2026-08-23T00:00:00.000Z,Ones_Silver_Style_Daichi,514,119,119
2026-08-23T00:00:00.000Z,Casual-Ones_Silver_Ability_CurveSpike,2108,937,937
2026-08-23T00:00:00.000Z,Ones_Silver_Style_Kurai2,2362,1411,1411
2026-08-23T00:00:00.000Z,Seasonal_Silver_Style_TimeskipToru3,256,150,72
2026-08-23T00:00:00.000Z,Seasonal_Diamond_Style_TimeskipShoyo4,188,114,72
2026-08-23T00:00:00.000Z,Seasonal_Bronze_Style_Twin1_4,679,341,189
2026-08-23T00:00:00.000Z,Threes_Bronze_Style_Kijo,933,414,150
2026-08-23T00:00:00.000Z,Ones_Gold_Style_Kazana3,193,111,111
2026-08-23T00:00:00.000Z,Fours_Bronze_Style_Kijo2,30,13,2
2026-08-23T00:00:00.000Z,Fours_Silver_Style_TimeskipShoyo4,589,340,69
2026-08-23T00:00:00.000Z,Twos_Gold_Style_Twin1_3,200,111,66
2026-08-23T00:00:00.000Z,OnesMini_Bronze_Style_Kurai,229,152,152
2026-08-23T00:00:00.000Z,Threes_Bronze_Style_Riku,466,197,58
2026-08-23T00:00:00.000Z,Seasonal_Bronze_Style_Mikage,102,61,33
2026-08-23T00:00:00.000Z,Ones_Gold_Ability_Moonball,82,43,43
2026-08-23T00:00:00.000Z,Casual-Twos_Silver_Style_Twin2_3,53,21,9
2026-08-23T00:00:00.000Z,Threes_Gold_Style_TimeskipToru3,10,6,3
2026-08-23T00:00:00.000Z,Seasonal_Bronze_Style_Mikage2,235,115,63
2026-08-23T00:00:00.000Z,Ones_Silver_Style_Feiko,524,256,256
2026-08-23T00:00:00.000Z,Threes_Silver_Style_Kazana2,1047,513,164
2026-08-23T00:00:00.000Z,Casual-Ones_Silver_Style_Kumo,58,35,35
2026-08-23T00:00:00.000Z,Casual-Threes_Silver_Ability_CurveSpike,286,101,24
2026-08-23T00:00:00.000Z,Casual-Twos_Silver_Style_Kazana,146,95,50
2026-08-23T00:00:00.000Z,Threes_Silver_Style_Tadashi,121,37,7
2026-08-23T00:00:00.000Z,Seasonal_Bronze_Style_Hajime,277,82,22
2026-08-23T00:00:00.000Z,Casual-Twos_Silver_Style_Kotaru,1319,337,131
2026-08-23T00:00:00.000Z,Duel_Silver_Style_Kei,315,121,121
2026-08-23T00:00:00.000Z,Duel_Silver_Style_Taketora,331,138,138
2026-08-23T00:00:00.000Z,Casual-Threes_Silver_Style_Twin1_4,30,13,8
2026-08-23T00:00:00.000Z,Casual-Threes_Silver_Ability_SuperSprint,50,21,4
2026-08-23T00:00:00.000Z,Twos_Gold_Style_Ohira,57,32,16
2026-08-23T00:00:00.000Z,Seasonal_Bronze_Style_Daichi,523,147,29
2026-08-23T00:00:00.000Z,Casual-Ones_Silver_Style_Roketto,283,127,127
2026-08-23T00:00:00.000Z,Twos_Gold_Style_Twin2_2,264,155,103
2026-08-23T00:00:00.000Z,Threes_Gold_Style_Wakatoshi,14,4,2
2026-08-23T00:00:00.000Z,Ones_Silver_Style_Kenma,461,107,107
2026-08-23T00:00:00.000Z,Fours_Silver_Style_Feiko2,157,80,45
2026-08-23T00:00:00.000Z,OnesMini_Bronze_Style_Samurai,362,225,225
2026-08-23T00:00:00.000Z,Casual-Twos_Silver_Style_Yogan2,431,218,104
2026-08-23T00:00:00.000Z,OnesMini_Silver_Style_TeamCaptain,50,31,31
2026-08-23T00:00:00.000Z,Fours_Gold_Style_TimeskipShoyo3,137,113,15
2026-08-23T00:00:00.000Z,Sixes_Gold_Style_Mikage,4,4,1
2026-08-23T00:00:00.000Z,Seasonal_Bronze_Style_Twin2,118,60,39
2026-08-23T00:00:00.000Z,Twos_Diamond_Style_Twin1_3,25,12,5
2026-08-23T00:00:00.000Z,Seasonal_Bronze_Style_Hakka,393,191,97
2026-08-23T00:00:00.000Z,OnesMini_Bronze_Style_Kenma,432,132,132
2026-08-23T00:00:00.000Z,Fours_Bronze_Ability_ZeroGravitySet,258,73,9
2026-08-23T00:00:00.000Z,Seasonal_Diamond_Style_Kurai,183,120,53
2026-08-23T00:00:00.000Z,Twos_Pro_Style_Twin1_2,10,5,3
2026-08-23T00:00:00.000Z,Threes_Diamond_Style_Kazana3,77,51,9
2026-08-23T00:00:00.000Z,Twos_Diamond_Style_Twin2_2,67,35,17
2026-08-23T00:00:00.000Z,Threes_Bronze_Style_Twin2_4,100,41,16
2026-08-23T00:00:00.000Z,Threes_Bronze_Style_TimeskipToru3,99,40,18
2026-08-23T00:00:00.000Z,Twos_Diamond_Ability_TeamSpirit,24,16,7
2026-08-23T00:00:00.000Z,Casual-Ones_Silver_Style_Tetsuro,165,51,51
2026-08-23T00:00:00.000Z,Casual-Threes_Silver_Style_Daichi,20,5,0
2026-08-23T00:00:00.000Z,OnesMini_Bronze_Style_Feiko,55,26,26
2026-08-23T00:00:00.000Z,Ones_Gold_Style_Hidari2,67,38,38
2026-08-23T00:00:00.000Z,OnesMini_Gold_Style_Samurai,215,114,114
2026-08-23T00:00:00.000Z,Casual-Threes_Silver_Style_Hakka2,22,13,12
2026-08-23T00:00:00.000Z,OnesMini_Bronze_Style_TimeskipToru2,71,38,38
2026-08-23T00:00:00.000Z,Ones_Bronze_Style_TeamCaptain4,93,48,48
2026-08-23T00:00:00.000Z,Seasonal_Gold_Style_Hirugami,57,31,12
2026-08-23T00:00:00.000Z,Twos_Diamond_Style_Ohira,12,8,2
2026-08-23T00:00:00.000Z,Twos_Legend_Ability_FourthTouch,4,3,3
2026-08-23T00:00:00.000Z,Fours_Silver_Style_Shinsuke,23,7,2
2026-08-23T00:00:00.000Z,Casual-Threes_Silver_Style_Roketto,42,17,5
2026-08-23T00:00:00.000Z,Twos_Pro_Style_Samurai,13,8,1
2026-08-23T00:00:00.000Z,Casual-Threes_Silver_Style_Twin2,9,5,1
2026-08-23T00:00:00.000Z,Fours_Bronze_Style_Twin1,32,12,2
2026-08-23T00:00:00.000Z,Sixes_Silver_Style_Kei,1,0,0
2026-08-23T00:00:00.000Z,OnesMini_Gold_Style_TimeskipToru2,26,16,16
2026-08-23T00:00:00.000Z,Casual-Threes_Silver_Style_Hakka,13,5,3
2026-08-23T00:00:00.000Z,Sixes_Bronze_Ability_SuperSprint,3,2,0
2026-08-23T00:00:00.000Z,Casual-Fours_Silver_Style_Kurai,2,1,0
2026-08-23T00:00:00.000Z,Seasonal_Gold_Ability_SuperSprint,57,32,16
2026-08-23T00:00:00.000Z,Casual-Threes_Silver_Style_Mikage,9,6,4
2026-08-23T00:00:00.000Z,Casual-Fours_Silver_Style_Mikage4,5,4,1
2026-08-23T00:00:00.000Z,Casual-Fours_Silver_Style_TimeskipShoyo4,7,5,1
2026-08-23T00:00:00.000Z,Casual-Ones_Silver_Style_Twin2,13,4,4
2026-08-23T00:00:00.000Z,Sixes_Silver_Style_Jester,6,3,1
2026-08-23T00:00:00.000Z,Sixes_Silver_Style_Lev,5,0,0
2026-08-23T00:00:00.000Z,Casual-Ones_Silver_Style_Yu,62,14,14
2026-08-23T00:00:00.000Z,Threes_Diamond_Style_Riku,111,66,19
2026-08-23T00:00:00.000Z,Ones_Bronze_Style_Twin1,13,5,5
2026-08-23T00:00:00.000Z,Fours_Bronze_Style_Kei,14,4,0
2026-08-23T00:00:00.000Z,Fours_Bronze_Style_Encho,38,17,5
2026-08-23T00:00:00.000Z,Twos_Pro_Ability_RollingThunder,2,1,0
2026-08-23T00:00:00.000Z,OnesMini_Diamond_Style_Twin1_4,21,5,5
2026-08-23T00:00:00.000Z,Casual-Fours_Silver_Style_TimeskipTobio3,1,1,0
2026-08-23T00:00:00.000Z,Twos_Diamond_Style_Kimiro,35,22,12
2026-08-23T00:00:00.000Z,Casual-Threes_Silver_Style_Mikage2,9,6,2
2026-08-23T00:00:00.000Z,Twos_Pro_Style_TimeskipToru,9,6,5
2026-08-23T00:00:00.000Z,Casual-Threes_Silver_Style_Hajime,9,1,0
2026-08-23T00:00:00.000Z,Fours_Gold_Style_Jester,12,8,2
2026-08-23T00:00:00.000Z,Sixes_Diamond_Style_Yogan2,5,4,0
2026-08-23T00:00:00.000Z,Casual-Fours_Silver_Style_Kurai2,1,1,0
2026-08-23T00:00:00.000Z,Seasonal_Diamond_Style_Feiko,9,6,3
2026-08-23T00:00:00.000Z,Casual-Ones_Silver_Style_Mikage,6,4,4
2026-08-23T00:00:00.000Z,Sixes_Gold_Ability_BoomJump,2,1,0
2026-08-23T00:00:00.000Z,Sixes_Gold_Style_Kumo,1,0,0
2026-08-23T00:00:00.000Z,Seasonal_Gold_Style_Shinsuke,5,2,2
2026-08-23T00:00:00.000Z,Ones_Diamond_Style_Ibara,34,22,22
2026-08-23T00:00:00.000Z,OnesMini_Bronze_Style_TimeskipToru,4,3,3
2026-08-23T00:00:00.000Z,Ones_Silver_Style_TimeskipToru,10,3,3
2026-08-23T00:00:00.000Z,Threes_Diamond_Style_Hidari2,3,3,0
2026-08-23T00:00:00.000Z,Casual-Ones_Silver_Style_Hakka2,25,10,10
2026-08-23T00:00:00.000Z,Ones_Gold_Style_Ohira,5,2,2
2026-08-23T00:00:00.000Z,Twos_Gold_Style_Morisuke,16,8,7
2026-08-23T00:00:00.000Z,Threes_Diamond_Style_Twin2_2,5,2,1
2026-08-23T00:00:00.000Z,Casual-Ones_Silver_Style_Mikage2,16,10,10
2026-08-23T00:00:00.000Z,Ones_Gold_Style_Twin2_2,2,2,2
2026-08-23T00:00:00.000Z,Twos_Master_Style_Rintaro,8,4,2
2026-08-23T00:00:00.000Z,Seasonal_Pro_Style_Twin1,5,5,1
2026-08-23T00:00:00.000Z,OnesMini_Pro_Style_TimeskipShoyo3,2,2,2
2026-08-23T00:00:00.000Z,OnesMini_Diamond_Style_Asahi,12,11,11
2026-08-23T00:00:00.000Z,Ones_Gold_Style_Morisuke,4,2,2
2026-08-23T00:00:00.000Z,Sixes_Bronze_Style_TimeskipShoyo2,2,0,0
2026-08-23T00:00:00.000Z,Twos_Diamond_Style_Morisuke,1,1,1
2026-08-23T00:00:00.000Z,Sixes_Gold_Ability_CurveSpike,1,0,0
2026-08-23T00:00:00.000Z,OnesMini_Diamond_Style_TeamCaptain3,3,2,2
2026-08-23T00:00:00.000Z,Sixes_Bronze_Style_Mikage2,3,2,0
2026-08-23T00:00:00.000Z,Fours_Diamond_Style_Jester2,1,0,0
2026-08-23T00:00:00.000Z,Threes_Diamond_Style_Morisuke,1,1,1
2026-08-23T00:00:00.000Z,Ones_Diamond_Style_Kimiro,1,0,0
2026-08-23T00:00:00.000Z,Fours_Gold_Style_TeamCaptain4,2,1,0
2026-08-23T00:00:00.000Z,OnesMini_Pro_Style_Riku,1,1,1
2026-08-23T00:00:00.000Z,Ones_Diamond_Style_TeamCaptain2,5,2,2
2026-08-23T00:00:00.000Z,OnesMini_Bronze_Ability_MagneticPull,6071,3448,3448
2026-08-23T00:00:00.000Z,Ones_Silver_Ability_MagneticPull,35771,19892,19892
2026-08-23T00:00:00.000Z,Ones_Silver_Style_Kotaru,5372,1963,1963
2026-08-23T00:00:00.000Z,OnesMini_Silver_Style_Kijo2,2456,1568,1568
2026-08-23T00:00:00.000Z,OnesMini_Bronze_Style_Twin1_4,276,177,177
2026-08-23T00:00:00.000Z,Twos_Silver_Style_Kotaru,10210,3433,1382
2026-08-23T00:00:00.000Z,Twos_Silver_Style_TimeskipShoyo4,28654,15594,8475
2026-08-23T00:00:00.000Z,Seasonal_Silver_Ability_Moonball,4932,1726,637
2026-08-23T00:00:00.000Z,Seasonal_Bronze_Style_Kurai,1846,954,551
2026-08-23T00:00:00.000Z,Twos_Legend_Style_TimeskipShoyo4,64,43,17
2026-08-23T00:00:00.000Z,Twos_Pro_Style_TimeskipShoyo2,643,331,157
2026-08-23T00:00:00.000Z,Twos_Bronze_Ability_RedirectionJump,14164,6043,2948
2026-08-23T00:00:00.000Z,Twos_Bronze_Style_Twin1,373,163,86
2026-08-23T00:00:00.000Z,Twos_Gold_Style_TimeskipShoyo3,8944,4849,2519
2026-08-23T00:00:00.000Z,Seasonal_Silver_Style_Ohira,563,180,59
2026-08-23T00:00:00.000Z,Fours_Silver_Ability_FourthTouch,1519,794,259
2026-08-23T00:00:00.000Z,Fours_Silver_Style_Samurai,265,146,25
2026-08-23T00:00:00.000Z,Threes_Silver_Style_Kurai2,2688,1486,534
2026-08-23T00:00:00.000Z,Twos_Diamond_Style_Jester2,413,223,122
2026-08-23T00:00:00.000Z,Threes_Silver_Ability_FourthTouch,11061,5725,2044
2026-08-23T00:00:00.000Z,Twos_Gold_Style_Hidari,1118,649,344
2026-08-23T00:00:00.000Z,Threes_Silver_Ability_SuperSprint,1076,390,114
2026-08-23T00:00:00.000Z,Casual-Twos_Silver_Ability_FourthTouch,4345,1913,909
2026-08-23T00:00:00.000Z,Twos_Bronze_Style_Riku,1697,746,350
2026-08-23T00:00:00.000Z,Twos_Silver_Style_Hirugami,2503,825,383
2026-08-23T00:00:00.000Z,Seasonal_Silver_Ability_ZeroGravitySet,8022,2641,874
2026-08-23T00:00:00.000Z,Duel_Silver_Style_Kijo,712,421,421
2026-08-23T00:00:00.000Z,Seasonal_Silver_Style_Riku,4679,2593,1297
2026-08-23T00:00:00.000Z,Twos_Silver_Style_Asahi,2183,600,253
2026-08-23T00:00:00.000Z,Duel_Silver_Ability_LeadFeet,3146,1863,1863
2026-08-23T00:00:00.000Z,Seasonal_Silver_Style_Hidari,1350,747,410
2026-08-23T00:00:00.000Z,Threes_Silver_Style_TimeskipTobio3,1744,1036,605
2026-08-23T00:00:00.000Z,Casual-Twos_Silver_Style_TimeskipShoyo2,4416,2662,1399
2026-08-23T00:00:00.000Z,Threes_Bronze_Style_Hidari2,125,62,25
2026-08-23T00:00:00.000Z,Threes_Bronze_Style_Kei,128,29,4
2026-08-23T00:00:00.000Z,Threes_Bronze_Ability_ZeroGravitySet,1975,566,131
2026-08-23T00:00:00.000Z,OnesMini_Gold_Ability_MagneticPull,3487,1838,1838
2026-08-23T00:00:00.000Z,Twos_Bronze_Ability_Moonball,6268,1906,787
2026-08-23T00:00:00.000Z,Seasonal_Bronze_Style_Hirugami,1333,440,145
2026-08-23T00:00:00.000Z,Seasonal_Bronze_Style_Asahi,837,220,67
2026-08-23T00:00:00.000Z,Twos_Bronze_Style_Encho,1191,608,348
2026-08-23T00:00:00.000Z,Seasonal_Bronze_Style_TimeskipTobio3,192,83,38
2026-08-23T00:00:00.000Z,Twos_Bronze_Style_Jester,1664,791,371
2026-08-23T00:00:00.000Z,Threes_Silver_Style_Feiko,2392,1245,635
2026-08-23T00:00:00.000Z,Seasonal_Bronze_Style_TimeskipShoyo,79,44,25
2026-08-23T00:00:00.000Z,Twos_Gold_Style_Twin1,418,254,162
2026-08-23T00:00:00.000Z,Twos_Bronze_Style_Ohira,762,194,69
2026-08-23T00:00:00.000Z,Fours_Silver_Ability_CurveSpike,990,393,91
2026-08-23T00:00:00.000Z,Threes_Bronze_Ability_RedirectionJump,2481,962,284
2026-08-23T00:00:00.000Z,Seasonal_Silver_Style_Ryunosuke,262,75,26
2026-08-23T00:00:00.000Z,Casual-Twos_Silver_Style_Feiko,643,293,131
2026-08-23T00:00:00.000Z,Threes_Gold_Ability_RedirectionJump,985,640,202
2026-08-23T00:00:00.000Z,Seasonal_Bronze_Style_Kenma,395,110,33
2026-08-23T00:00:00.000Z,Twos_Silver_Style_TimeskipShoyo,1128,680,384
2026-08-23T00:00:00.000Z,Ones_Silver_Style_Asahi,1002,275,275
2026-08-23T00:00:00.000Z,Threes_Silver_Style_Mikage2,595,353,138
2026-08-23T00:00:00.000Z,Seasonal_Diamond_Style_Twin1_4,67,37,18
2026-08-23T00:00:00.000Z,OnesMini_Silver_Style_Riku,970,482,482
2026-08-23T00:00:00.000Z,Seasonal_Silver_Style_Encho,3941,2474,1593
2026-08-23T00:00:00.000Z,Duel_Silver_Style_Mikage3,78,48,48
2026-08-23T00:00:00.000Z,Threes_Bronze_Style_TeamCaptain2,282,122,62
2026-08-23T00:00:00.000Z,Fours_Gold_Ability_LeadFeet,388,302,100
2026-08-23T00:00:00.000Z,Threes_Gold_Style_Kijo,602,359,116
2026-08-23T00:00:00.000Z,Ones_Bronze_Style_Wakatoshi,3550,1277,1277
2026-08-23T00:00:00.000Z,Seasonal_Silver_Style_Twin1,625,375,198
2026-08-23T00:00:00.000Z,Twos_Bronze_Style_Ryunosuke,334,87,33
2026-08-23T00:00:00.000Z,Casual-Twos_Silver_Style_TimeskipTobio3,387,192,82
2026-08-23T00:00:00.000Z,Duel_Silver_Ability_TeamSpirit,383,159,159
2026-08-23T00:00:00.000Z,Casual-Ones_Silver_Style_Kotaru,867,329,329
2026-08-23T00:00:00.000Z,OnesMini_Diamond_Style_Kurai,72,50,50
2026-08-23T00:00:00.000Z,Twos_Diamond_Style_Hidari,204,127,71
2026-08-23T00:00:00.000Z,Twos_Gold_Style_Jester2,2077,1094,523
2026-08-23T00:00:00.000Z,Threes_Gold_Style_Encho,426,277,117
2026-08-23T00:00:00.000Z,Threes_Bronze_Style_Kazana3,579,254,74
2026-08-23T00:00:00.000Z,OnesMini_Diamond_Style_Samurai,18,11,11
2026-08-23T00:00:00.000Z,Ones_Bronze_Style_Encho,256,176,176
2026-08-23T00:00:00.000Z,Fours_Silver_Style_Tetsuro,87,13,0
2026-08-23T00:00:00.000Z,Ones_Bronze_Style_Ohira,303,80,80
2026-08-23T00:00:00.000Z,OnesMini_Diamond_Style_Mikage4,45,27,27
2026-08-23T00:00:00.000Z,Threes_Diamond_Style_Rintaro,177,115,21
2026-08-23T00:00:00.000Z,Twos_Bronze_Style_Twin2_2,313,152,94
2026-08-23T00:00:00.000Z,Ones_Silver_Style_Koshi,258,65,65
2026-08-23T00:00:00.000Z,Threes_Silver_Style_Shinsuke,99,22,6
2026-08-23T00:00:00.000Z,Ones_Bronze_Ability_TeamSpirit,605,169,169
2026-08-23T00:00:00.000Z,Threes_Silver_Style_Twin2,183,105,43
2026-08-23T00:00:00.000Z,Casual-Ones_Silver_Style_Asahi,192,61,61
2026-08-23T00:00:00.000Z,Threes_Gold_Style_Jester,151,93,28
2026-08-23T00:00:00.000Z,Fours_Diamond_Ability_LeadFeet,150,100,41
2026-08-23T00:00:00.000Z,Seasonal_Gold_Style_Kazana2,218,135,50
2026-08-23T00:00:00.000Z,Ones_Diamond_Ability_LeadFeet,589,361,361
2026-08-23T00:00:00.000Z,OnesMini_Bronze_Style_Koshi,171,63,63
2026-08-23T00:00:00.000Z,Threes_Gold_Style_Twin1,42,27,12
2026-08-23T00:00:00.000Z,Threes_Bronze_Style_Taketora,155,33,3
2026-08-23T00:00:00.000Z,Ones_Gold_Style_Wakatoshi,58,41,41
2026-08-23T00:00:00.000Z,Casual-Twos_Silver_Style_Twin2,73,37,22
2026-08-23T00:00:00.000Z,Ones_Silver_Style_Tadashi,204,37,37
2026-08-23T00:00:00.000Z,Casual-Twos_Silver_Style_Yu,102,25,9
2026-08-23T00:00:00.000Z,Casual-Twos_Silver_Style_Shoyo,88,19,10
2026-08-23T00:00:00.000Z,Ones_Diamond_Ability_DivineStrength,3,0,0
2026-08-23T00:00:00.000Z,Seasonal_Gold_Style_Toru,25,15,7
2026-08-23T00:00:00.000Z,Twos_Gold_Ability_DivineStrength,628,329,167
2026-08-23T00:00:00.000Z,Casual-Twos_Silver_Ability_SuperSprint,574,213,102
2026-08-23T00:00:00.000Z,Seasonal_Diamond_Style_Mikage4,69,34,17
2026-08-23T00:00:00.000Z,Seasonal_Bronze_Style_Feiko2,462,205,102
2026-08-23T00:00:00.000Z,Twos_Gold_Style_TeamCaptain,114,65,39
2026-08-23T00:00:00.000Z,Seasonal_Gold_Style_Twin1_2,153,103,66
2026-08-23T00:00:00.000Z,Sixes_Gold_Style_Kurai,6,4,0
2026-08-23T00:00:00.000Z,Sixes_Silver_Style_TimeskipTobio,9,7,5
2026-08-23T00:00:00.000Z,Sixes_Gold_Style_TimeskipShoyo4,4,2,0
2026-08-23T00:00:00.000Z,Fours_Silver_Ability_RollingThunder,202,63,9
2026-08-23T00:00:00.000Z,OnesMini_Silver_Style_Twin1_3,429,268,268
2026-08-23T00:00:00.000Z,Casual-Twos_Silver_Style_Hirugami,388,127,49
2026-08-23T00:00:00.000Z,Sixes_Bronze_Style_TeamCaptain3,4,0,0
2026-08-23T00:00:00.000Z,Casual-Twos_Silver_Style_TimeskipToru2,137,65,38
2026-08-23T00:00:00.000Z,Twos_Diamond_Ability_DivineStrength,170,99,50
2026-08-23T00:00:00.000Z,Threes_Bronze_Style_Ryunosuke,44,16,2
2026-08-23T00:00:00.000Z,Ones_Silver_Style_Kazana,145,82,82
2026-08-23T00:00:00.000Z,Threes_Silver_Style_Yu,296,84,20
2026-08-23T00:00:00.000Z,OnesMini_Gold_Style_TimeskipShoyo2,117,59,59
2026-08-23T00:00:00.000Z,Casual-Threes_Silver_Style_Hidari3,137,70,28
2026-08-23T00:00:00.000Z,Casual-Threes_Silver_Style_Asahi,23,8,0
2026-08-23T00:00:00.000Z,Seasonal_Bronze_Style_Shinsuke,93,32,11
2026-08-23T00:00:00.000Z,Twos_Pro_Style_Kazana,24,10,6
2026-08-23T00:00:00.000Z,Casual-Threes_Silver_Style_Kurai,72,47,9
2026-08-23T00:00:00.000Z,OnesMini_Silver_Style_TimeskipTobio2,39,28,28
2026-08-23T00:00:00.000Z,Duel_Silver_Style_Ohira,260,84,84
2026-08-23T00:00:00.000Z,Twos_Legend_Style_Hidari3,9,9,6
2026-08-23T00:00:00.000Z,OnesMini_Gold_Style_Feiko,21,10,10
2026-08-23T00:00:00.000Z,Casual-Threes_Silver_Style_Kotaru,128,38,10
2026-08-23T00:00:00.000Z,OnesMini_Gold_Style_TeamCaptain3,23,14,14
2026-08-23T00:00:00.000Z,Fours_Silver_Style_Shoyo,33,4,1
2026-08-23T00:00:00.000Z,Fours_Silver_Style_Hajime,40,14,1
2026-08-23T00:00:00.000Z,Casual-Ones_Silver_Style_Feiko2,22,10,10
2026-08-23T00:00:00.000Z,Seasonal_Diamond_Style_Samurai,66,36,20
2026-08-23T00:00:00.000Z,Duel_Silver_Style_TimeskipToru3,16,8,8
2026-08-23T00:00:00.000Z,Ones_Diamond_Style_TimeskipShoyo3,28,18,18
2026-08-23T00:00:00.000Z,Sixes_Diamond_Style_Mikage2,4,4,0
2026-08-23T00:00:00.000Z,Fours_Bronze_Style_TimeskipTobio,20,8,6
2026-08-23T00:00:00.000Z,Seasonal_Gold_Style_Yogan,84,55,40
2026-08-23T00:00:00.000Z,Fours_Bronze_Style_Ibara,25,9,2
2026-08-23T00:00:00.000Z,Casual-Threes_Silver_Style_TimeskipTobio3,39,23,12
2026-08-23T00:00:00.000Z,Casual-Threes_Silver_Style_Hirugami,48,19,3
2026-08-23T00:00:00.000Z,Threes_Gold_Ability_Moonball,25,7,4
2026-08-23T00:00:00.000Z,Fours_Gold_Style_Kijo,35,17,0
2026-08-23T00:00:00.000Z,Casual-Threes_Silver_Style_Kazana2,24,13,4
2026-08-23T00:00:00.000Z,Sixes_Bronze_Style_Kumo,1,0,0
2026-08-23T00:00:00.000Z,Casual-Ones_Silver_Style_Koshi,40,15,15
2026-08-23T00:00:00.000Z,Sixes_Diamond_Style_TimeskipTobio3,1,1,0
2026-08-23T00:00:00.000Z,Fours_Gold_Style_Encho,38,33,6
2026-08-23T00:00:00.000Z,Casual-Threes_Silver_Style_Koshi,2,2,0
2026-08-23T00:00:00.000Z,Sixes_Silver_Style_Wakatoshi,11,0,0
2026-08-23T00:00:00.000Z,Threes_Pro_Style_Kurai,5,4,2
2026-08-23T00:00:00.000Z,Sixes_Bronze_Ability_RollingThunder,3,0,0
2026-08-23T00:00:00.000Z,Twos_Diamond_Style_TeamCaptain4,23,13,8
2026-08-23T00:00:00.000Z,Seasonal_Diamond_Style_Yu,3,3,2
2026-08-23T00:00:00.000Z,Casual-Threes_Silver_Style_Shinsuke,6,0,0
2026-08-23T00:00:00.000Z,Ones_Silver_Style_Twin2_3,42,17,17
2026-08-23T00:00:00.000Z,Casual-Threes_Silver_Style_Kenma,16,6,0
2026-08-23T00:00:00.000Z,Sixes_Silver_Style_Ohira,5,0,0
2026-08-23T00:00:00.000Z,Seasonal_Diamond_Ability_CurveSpike,91,54,23
2026-08-23T00:00:00.000Z,Fours_Diamond_Style_Encho,11,6,1
2026-08-23T00:00:00.000Z,Sixes_Silver_Style_Twin2_2,2,1,0
2026-08-23T00:00:00.000Z,Duel_Silver_Style_TimeskipTobio,7,3,3
2026-08-23T00:00:00.000Z,Seasonal_Pro_Style_Wakatoshi,1,1,1
2026-08-23T00:00:00.000Z,OnesMini_Gold_Style_Kazana,2,2,2
2026-08-23T00:00:00.000Z,Ones_Gold_Style_TeamCaptain,12,8,8
2026-08-23T00:00:00.000Z,Threes_Pro_Style_TimeskipShoyo4,10,9,3
2026-08-23T00:00:00.000Z,Ones_Gold_Style_Mikage3,5,0,0
2026-08-23T00:00:00.000Z,Threes_Diamond_Style_Wakatoshi,1,1,0
2026-08-23T00:00:00.000Z,OnesMini_Pro_Style_TimeskipTobio2,1,0,0
2026-08-23T00:00:00.000Z,Threes_Gold_Style_Ryunosuke,4,2,1
2026-08-23T00:00:00.000Z,Twos_Master_Style_TimeskipShoyo3,2,2,1
2026-08-23T00:00:00.000Z,Seasonal_Diamond_Ability_RollingThunder,6,4,3
2026-08-23T00:00:00.000Z,OnesMini_Pro_Style_Rintaro,24,14,14
2026-08-23T00:00:00.000Z,Seasonal_Diamond_Style_Hakka,7,3,1
2026-08-23T00:00:00.000Z,Fours_Gold_Style_Twin2_2,2,2,0
2026-08-23T00:00:00.000Z,Seasonal_Pro_Style_Ohira,1,0,0
2026-08-23T00:00:00.000Z,Twos_Pro_Style_TeamCaptain3,4,0,0
2026-08-23T00:00:00.000Z,Fours_Pro_Style_Yogan2,1,1,0
2026-08-23T00:00:00.000Z,Sixes_Bronze_Style_Kazana2,2,0,0
2026-08-23T00:00:00.000Z,OnesMini_Diamond_Style_Hajime,1,1,1
2026-08-23T00:00:00.000Z,OnesMini_Diamond_Style_TimeskipShoyo,4,3,3
2026-08-23T00:00:00.000Z,Ones_Diamond_Style_Twin2_4,1,1,1
2026-08-23T00:00:00.000Z,Twos_Master_Style_Jester2,1,0,0
2026-08-23T00:00:00.000Z,Twos_Legend_Style_Asahi,3,3,3
2026-08-23T00:00:00.000Z,Ones_Bronze_Style_TimeskipTobio,2,0,0
2026-08-23T00:00:00.000Z,Twos_Gold_Style_Riku,2049,1197,652
2026-08-23T00:00:00.000Z,Twos_Silver_Style_Yogan,1130,598,283
2026-08-23T00:00:00.000Z,Twos_Silver_Style_Mikage4,27267,14004,9098
2026-08-23T00:00:00.000Z,Seasonal_Bronze_Style_Jester3,1465,645,300
2026-08-23T00:00:00.000Z,OnesMini_Bronze_Ability_SuperSprint,1026,327,327
2026-08-23T00:00:00.000Z,Seasonal_Silver_Style_Ibara,1376,853,424
2026-08-23T00:00:00.000Z,Seasonal_Silver_Style_Taketora,735,215,63
2026-08-23T00:00:00.000Z,Fours_Gold_Ability_RedirectionJump,104,77,11
2026-08-23T00:00:00.000Z,Fours_Diamond_Ability_RedirectionJump,54,38,6
2026-08-23T00:00:00.000Z,Twos_Gold_Style_Kijo2,2567,1346,784
2026-08-23T00:00:00.000Z,Twos_Silver_Style_Twin2_3,560,299,186
2026-08-23T00:00:00.000Z,Twos_Diamond_Style_Kijo,939,491,294
2026-08-23T00:00:00.000Z,Duel_Silver_Ability_RedirectionJump,1928,915,915
2026-08-23T00:00:00.000Z,Duel_Silver_Ability_DivineStrength,1173,559,559
2026-08-23T00:00:00.000Z,Threes_Bronze_Style_Rintaro,8884,3594,924
2026-08-23T00:00:00.000Z,Threes_Bronze_Ability_LeadFeet,2680,1347,521
2026-08-23T00:00:00.000Z,Ones_Bronze_Ability_DivineStrength,2424,1005,1005
2026-08-23T00:00:00.000Z,Ones_Bronze_Ability_RedirectionJump,3581,1654,1654
2026-08-23T00:00:00.000Z,Casual-Ones_Silver_Ability_RollingThunder,456,160,160
2026-08-23T00:00:00.000Z,Seasonal_Silver_Style_Mikage3,942,544,292
2026-08-23T00:00:00.000Z,Twos_Silver_Style_Yogan2,3779,1900,953
2026-08-23T00:00:00.000Z,Twos_Silver_Style_TimeskipToru2,2217,1140,650
2026-08-23T00:00:00.000Z,OnesMini_Gold_Style_Twin1_4,450,234,234
2026-08-23T00:00:00.000Z,Twos_Bronze_Style_TeamCaptain2,934,412,205
2026-08-23T00:00:00.000Z,OnesMini_Gold_Ability_FourthTouch,478,225,225
2026-08-23T00:00:00.000Z,OnesMini_Silver_Style_Taketora,640,179,179
2026-08-23T00:00:00.000Z,Twos_Diamond_Style_Encho2,448,240,124
2026-08-23T00:00:00.000Z,Casual-Ones_Silver_Style_Mikage4,1333,758,758
2026-08-23T00:00:00.000Z,Ones_Gold_Style_Encho2,512,326,326
2026-08-23T00:00:00.000Z,Casual-Twos_Silver_Style_Roketto,689,263,123
2026-08-23T00:00:00.000Z,Twos_Gold_Style_Encho2,1573,904,467
2026-08-23T00:00:00.000Z,OnesMini_Bronze_Style_Shinsuke,179,62,62
2026-08-23T00:00:00.000Z,Casual-Twos_Silver_Style_Toru,569,129,43
2026-08-23T00:00:00.000Z,Seasonal_Diamond_Style_Hidari3,233,136,69
2026-08-23T00:00:00.000Z,Seasonal_Diamond_Ability_MagneticPull,523,312,163
2026-08-23T00:00:00.000Z,Seasonal_Gold_Style_Mikage4,1349,749,422
2026-08-23T00:00:00.000Z,Fours_Bronze_Style_Riku,57,28,3
2026-08-23T00:00:00.000Z,Threes_Bronze_Style_Morisuke,363,81,13
2026-08-23T00:00:00.000Z,Casual-Ones_Silver_Style_Twin1_2,2,1,1
2026-08-23T00:00:00.000Z,Threes_Silver_Style_TeamCaptain3,1339,692,355
2026-08-23T00:00:00.000Z,OnesMini_Silver_Style_TimeskipShoyo3,853,517,517
2026-08-23T00:00:00.000Z,Threes_Silver_Style_Tetsuro,507,149,21
2026-08-23T00:00:00.000Z,Seasonal_Silver_Style_TimeskipTobio,113,58,24
2026-08-23T00:00:00.000Z,Threes_Gold_Style_TeamCaptain2,99,65,41
2026-08-23T00:00:00.000Z,Duel_Silver_Ability_ZeroGravitySet,2113,923,923
2026-08-23T00:00:00.000Z,Ones_Silver_Style_TimeskipShoyo2,1621,958,958
2026-08-23T00:00:00.000Z,Ones_Gold_Style_Kijo,517,248,248
2026-08-23T00:00:00.000Z,Ones_Gold_Style_Kijo2,227,110,110
2026-08-23T00:00:00.000Z,Threes_Gold_Style_Ibara,63,42,8
2026-08-23T00:00:00.000Z,Ones_Silver_Style_Hirugami,1012,337,337
2026-08-23T00:00:00.000Z,Seasonal_Gold_Ability_FourthTouch,1513,851,448
2026-08-23T00:00:00.000Z,Threes_Silver_Style_Kumo,1284,706,327
2026-08-23T00:00:00.000Z,Ones_Bronze_Style_Kazana3,347,199,199
2026-08-23T00:00:00.000Z,Ones_Gold_Ability_TeamSpirit,27,19,19
2026-08-23T00:00:00.000Z,Seasonal_Gold_Style_TimeskipToru2,280,181,93
2026-08-23T00:00:00.000Z,OnesMini_Silver_Style_TeamCaptain4,397,214,214
2026-08-23T00:00:00.000Z,Seasonal_Silver_Style_TimeskipTobio2,472,236,115
2026-08-23T00:00:00.000Z,OnesMini_Diamond_Ability_MagneticPull,374,225,225
2026-08-23T00:00:00.000Z,Fours_Silver_Style_Hidari3,541,252,52
2026-08-23T00:00:00.000Z,Fours_Silver_Style_Kazana2,140,67,12
2026-08-23T00:00:00.000Z,OnesMini_Gold_Style_Roketto,125,66,66
2026-08-23T00:00:00.000Z,Threes_Gold_Style_Kimiro,126,74,26
2026-08-23T00:00:00.000Z,Threes_Bronze_Ability_TeamSpirit,370,102,19
2026-08-23T00:00:00.000Z,Twos_Bronze_Style_TeamCaptain,429,199,122
2026-08-23T00:00:00.000Z,Fours_Bronze_Style_TimeskipShoyo3,96,46,10
2026-08-23T00:00:00.000Z,Threes_Silver_Style_Hakka2,455,234,139
2026-08-23T00:00:00.000Z,Seasonal_Bronze_Style_Yogan2,772,360,195
2026-08-23T00:00:00.000Z,Seasonal_Diamond_Style_Kazana,22,15,9
2026-08-23T00:00:00.000Z,Seasonal_Gold_Style_Kurai2,952,576,308
2026-08-23T00:00:00.000Z,OnesMini_Bronze_Style_Hajime,329,101,101
2026-08-23T00:00:00.000Z,Twos_Diamond_Ability_SteelBlock,145,83,62
2026-08-23T00:00:00.000Z,Twos_Pro_Ability_BoomJump,328,158,81
2026-08-23T00:00:00.000Z,OnesMini_Gold_Style_Mikage,8,3,3
2026-08-23T00:00:00.000Z,Ones_Gold_Ability_DivineStrength,82,43,43
2026-08-23T00:00:00.000Z,Casual-Ones_Silver_Style_Yogan2,97,46,46
2026-08-23T00:00:00.000Z,Duel_Silver_Style_Hidari,100,52,52
2026-08-23T00:00:00.000Z,Casual-Twos_Silver_Style_Asahi,320,74,28
2026-08-23T00:00:00.000Z,Threes_Gold_Style_Mikage3,123,70,37
2026-08-23T00:00:00.000Z,Duel_Silver_Style_TeamCaptain,25,11,11
2026-08-23T00:00:00.000Z,Twos_Gold_Style_TimeskipTobio2,207,118,68
2026-08-23T00:00:00.000Z,Duel_Silver_Style_Ibara,93,69,69
2026-08-23T00:00:00.000Z,Casual-Threes_Silver_Style_Toru,63,12,3
2026-08-23T00:00:00.000Z,OnesMini_Gold_Style_Hajime,14,6,6
2026-08-23T00:00:00.000Z,Threes_Diamond_Style_Encho2,30,14,3
2026-08-23T00:00:00.000Z,Duel_Silver_Style_Hidari2,88,45,45
2026-08-23T00:00:00.000Z,Ones_Silver_Style_Twin2,37,20,20
2026-08-23T00:00:00.000Z,Sixes_Silver_Ability_RedirectionJump,57,39,8
2026-08-23T00:00:00.000Z,Fours_Silver_Style_Asahi,82,21,3
2026-08-23T00:00:00.000Z,Fours_Bronze_Ability_Moonball,130,27,4
2026-08-23T00:00:00.000Z,Sixes_Bronze_Ability_BoomJump,7,0,0
2026-08-23T00:00:00.000Z,Seasonal_Bronze_Style_Yogan,155,62,29
2026-08-23T00:00:00.000Z,Fours_Silver_Style_Kazana,67,35,5
2026-08-23T00:00:00.000Z,OnesMini_Gold_Style_Twin2,61,30,30
2026-08-23T00:00:00.000Z,OnesMini_Gold_Style_Kumo,164,86,86
2026-08-23T00:00:00.000Z,Threes_Pro_Ability_ShieldBreaker,165,116,34
2026-08-23T00:00:00.000Z,Threes_Diamond_Ability_RedirectionJump,252,161,43
2026-08-23T00:00:00.000Z,Seasonal_Silver_Style_TeamCaptain,361,216,134
2026-08-23T00:00:00.000Z,Ones_Silver_Style_Mikage2,320,209,209
2026-08-23T00:00:00.000Z,OnesMini_Gold_Ability_BoomJump,284,140,140
2026-08-23T00:00:00.000Z,Seasonal_Gold_Style_TimeskipToru,76,46,22
2026-08-23T00:00:00.000Z,OnesMini_Bronze_Style_Twin2,33,16,16
2026-08-23T00:00:00.000Z,OnesMini_Gold_Style_Yu,12,8,8
2026-08-23T00:00:00.000Z,Ones_Silver_Style_TimeskipShoyo,151,98,98
2026-08-23T00:00:00.000Z,Threes_Bronze_Style_Twin1_3,135,70,36
2026-08-23T00:00:00.000Z,OnesMini_Gold_Style_Shoyo,6,2,2
2026-08-23T00:00:00.000Z,Threes_Diamond_Style_Kijo,44,21,7
2026-08-23T00:00:00.000Z,Twos_Pro_Style_Hakka,20,9,4
2026-08-23T00:00:00.000Z,Casual-Ones_Silver_Style_Tadashi,37,15,15
2026-08-23T00:00:00.000Z,Duel_Silver_Style_TeamCaptain2,42,18,18
2026-08-23T00:00:00.000Z,Fours_Silver_Style_TeamCaptain3,166,91,45
2026-08-23T00:00:00.000Z,OnesMini_Bronze_Style_TimeskipShoyo2,161,88,88
2026-08-23T00:00:00.000Z,Ones_Bronze_Style_TeamCaptain,20,8,8
2026-08-23T00:00:00.000Z,Twos_Pro_Style_Mikage,3,3,1
2026-08-23T00:00:00.000Z,Threes_Pro_Style_Yogan2,7,5,1
2026-08-23T00:00:00.000Z,Casual-Threes_Silver_Style_Jester3,26,8,1
2026-08-23T00:00:00.000Z,Twos_Gold_Style_Tobio,100,56,35
2026-08-23T00:00:00.000Z,OnesMini_Gold_Style_Tetsuro,17,8,8
2026-08-23T00:00:00.000Z,Seasonal_Diamond_Style_Kazana2,61,42,15
2026-08-23T00:00:00.000Z,Sixes_Gold_Style_Yogan,4,4,0
2026-08-23T00:00:00.000Z,Fours_Bronze_Style_Morisuke,49,8,0
2026-08-23T00:00:00.000Z,Seasonal_Gold_Style_Shoyo,4,3,2
2026-08-23T00:00:00.000Z,Threes_Diamond_Ability_DivineStrength,24,14,4
2026-08-23T00:00:00.000Z,Fours_Diamond_Ability_DivineStrength,14,11,1
2026-08-23T00:00:00.000Z,Twos_Pro_Ability_FourthTouch,50,25,18
2026-08-23T00:00:00.000Z,Threes_Gold_Style_Taketora,3,3,2
2026-08-23T00:00:00.000Z,Sixes_Silver_Style_Ibara,8,2,0
2026-08-23T00:00:00.000Z,Seasonal_Gold_Style_Feiko2,83,47,27
2026-08-23T00:00:00.000Z,Sixes_Gold_Style_Mikage4,9,6,0
2026-08-23T00:00:00.000Z,OnesMini_Diamond_Style_Yogan2,19,14,14
2026-08-23T00:00:00.000Z,Fours_Bronze_Style_Twin2_2,9,5,1
2026-08-23T00:00:00.000Z,OnesMini_Gold_Style_Mikage2,24,15,15
2026-08-23T00:00:00.000Z,Threes_Diamond_Style_Twin1,2,1,0
2026-08-23T00:00:00.000Z,Seasonal_Gold_Style_Kenma,5,2,1
2026-08-23T00:00:00.000Z,Seasonal_Pro_Style_Ibara,12,8,4
2026-08-23T00:00:00.000Z,Fours_Bronze_Style_Ryunosuke,2,1,0
2026-08-23T00:00:00.000Z,Threes_Diamond_Style_Kijo2,19,10,7
2026-08-23T00:00:00.000Z,Twos_Diamond_Style_TimeskipToru3,1,1,0
2026-08-23T00:00:00.000Z,Threes_Diamond_Ability_ZeroGravitySet,5,3,1
2026-08-23T00:00:00.000Z,Fours_Bronze_Style_Twin1_3,10,4,3
2026-08-23T00:00:00.000Z,Seasonal_Gold_Style_Yu,16,8,6
2026-08-23T00:00:00.000Z,OnesMini_Bronze_Style_TimeskipShoyo,7,5,5
2026-08-23T00:00:00.000Z,Sixes_Silver_Style_TeamCaptain2,3,2,0
2026-08-23T00:00:00.000Z,Casual-Fours_Silver_Style_TimeskipShoyo,1,1,0
2026-08-23T00:00:00.000Z,Fours_Gold_Style_Hidari2,1,1,0
2026-08-23T00:00:00.000Z,Fours_Diamond_Ability_ZeroGravitySet,2,1,0
2026-08-23T00:00:00.000Z,Sixes_Bronze_Style_Yu,1,1,0
2026-08-23T00:00:00.000Z,Sixes_Gold_Style_Yogan2,2,1,0
2026-08-23T00:00:00.000Z,OnesMini_Diamond_Style_Hidari3,10,5,5
2026-08-23T00:00:00.000Z,Fours_Pro_Ability_MagneticPull,1,1,1
2026-08-23T00:00:00.000Z,Twos_Legend_Style_Jester3,6,3,0
2026-08-23T00:00:00.000Z,Sixes_Bronze_Style_Feiko,4,0,0
2026-08-23T00:00:00.000Z,OnesMini_Gold_Style_Hakka2,6,3,3
2026-08-23T00:00:00.000Z,OnesMini_Diamond_Style_Twin2_3,14,6,6
2026-08-23T00:00:00.000Z,Casual-Ones_Silver_Style_Yogan,7,4,4
2026-08-23T00:00:00.000Z,Twos_Pro_Style_Kumo,1,0,0
2026-08-23T00:00:00.000Z,OnesMini_Diamond_Ability_CurveSpike,28,25,25
2026-08-23T00:00:00.000Z,Casual-Ones_Silver_Style_TimeskipToru,4,0,0
2026-08-23T00:00:00.000Z,OnesMini_Pro_Style_Encho2,5,3,3
2026-08-23T00:00:00.000Z,Twos_Pro_Style_Shoyo,1,0,0
2026-08-23T00:00:00.000Z,Threes_Diamond_Ability_TeamSpirit,2,2,0
2026-08-23T00:00:00.000Z,Twos_Diamond_Style_TimeskipTobio,7,6,4
2026-08-23T00:00:00.000Z,Sixes_Bronze_Style_Feiko2,1,0,0
2026-08-23T00:00:00.000Z,OnesMini_Diamond_Style_Yogan,5,4,4
2026-08-23T00:00:00.000Z,Seasonal_Pro_Ability_DivineStrength,3,1,1
2026-08-23T00:00:00.000Z,Sixes_Silver_Style_Hidari,1,0,0
2026-08-23T00:00:00.000Z,Sixes_Bronze_Style_TimeskipTobio3,3,0,0
2026-08-23T00:00:00.000Z,Sixes_Gold_Style_TimeskipToru2,1,1,0
2026-08-23T00:00:00.000Z,Twos_Pro_Style_Hajime,1,1,1
2026-08-23T00:00:00.000Z,Casual-Threes_Silver_Style_Tadashi,1,0,0
2026-08-23T00:00:00.000Z,OnesMini_Pro_Style_Encho,2,0,0
2026-08-23T00:00:00.000Z,Fours_Diamond_Style_Hidari,1,0,0
2026-08-23T00:00:00.000Z,Twos_Legend_Style_Samurai,1,1,1
2026-08-23T00:00:00.000Z,Casual-Fours_Silver_Style_Hajime,1,0,0
2026-08-23T00:00:00.000Z,OnesMini_Bronze_Style_Hidari3,2264,1206,1206
2026-08-23T00:00:00.000Z,Seasonal_Silver_Ability_DivineStrength,6456,2634,1108
2026-08-23T00:00:00.000Z,OnesMini_Silver_Style_Tobio,2774,1041,1041
2026-08-23T00:00:00.000Z,Seasonal_Bronze_Style_Kurai2,1668,873,504
2026-08-23T00:00:00.000Z,OnesMini_Bronze_Ability_ShieldBreaker,3989,2314,2314
2026-08-23T00:00:00.000Z,Duel_Silver_Style_Kijo2,316,180,180
2026-08-23T00:00:00.000Z,Duel_Silver_Style_Rintaro,8032,4329,4329
2026-08-23T00:00:00.000Z,Twos_Bronze_Ability_LeadFeet,12950,6951,3800
2026-08-23T00:00:00.000Z,OnesMini_Bronze_Ability_CurveSpike,5924,2866,2866
2026-08-23T00:00:00.000Z,Seasonal_Silver_Style_TimeskipShoyo3,4038,2418,1419
2026-08-23T00:00:00.000Z,Twos_Gold_Ability_RedirectionJump,11997,6498,3412
2026-08-23T00:00:00.000Z,Twos_Silver_Style_TeamCaptain3,3599,1747,970
2026-08-23T00:00:00.000Z,Twos_Bronze_Style_Encho2,1137,579,308
2026-08-23T00:00:00.000Z,Ones_Silver_Style_Hakka2,301,168,168
2026-08-23T00:00:00.000Z,Ones_Silver_Ability_RollingThunder,2250,756,756
2026-08-23T00:00:00.000Z,Duel_Silver_Ability_SteelBlock,2928,1354,1354
2026-08-23T00:00:00.000Z,Threes_Silver_Style_TimeskipShoyo,303,205,57
2026-08-23T00:00:00.000Z,Fours_Silver_Ability_BoomJump,654,278,66
2026-08-23T00:00:00.000Z,Fours_Silver_Style_Mikage2,156,101,19
2026-08-23T00:00:00.000Z,Twos_Bronze_Style_Hidari2,770,363,181
2026-08-23T00:00:00.000Z,OnesMini_Silver_Style_Kijo,4656,2994,2994
2026-08-23T00:00:00.000Z,Twos_Silver_Style_Kurai2,8017,4477,2382
2026-08-23T00:00:00.000Z,Ones_Bronze_Style_Encho2,390,229,229
2026-08-23T00:00:00.000Z,Ones_Silver_Style_Kumo,1226,792,792
2026-08-23T00:00:00.000Z,Casual-Ones_Silver_Ability_MagneticPull,5056,2786,2786
2026-08-23T00:00:00.000Z,Casual-Twos_Silver_Style_Mikage4,3014,1438,899
2026-08-23T00:00:00.000Z,Ones_Silver_Style_Yogan,133,65,65
2026-08-23T00:00:00.000Z,OnesMini_Gold_Ability_ShieldBreaker,2958,1606,1606
2026-08-23T00:00:00.000Z,OnesMini_Silver_Style_Twin2_2,273,168,168
2026-08-23T00:00:00.000Z,Twos_Gold_Style_Kazana3,2882,1609,775
2026-08-23T00:00:00.000Z,Casual-Twos_Silver_Style_Feiko2,467,252,117
2026-08-23T00:00:00.000Z,Threes_Silver_Style_TimeskipShoyo4,4788,2716,834
2026-08-23T00:00:00.000Z,Seasonal_Silver_Style_Twin2_4,843,509,276
2026-08-23T00:00:00.000Z,Twos_Bronze_Style_Jester2,3129,1346,609
2026-08-23T00:00:00.000Z,Ones_Bronze_Style_Morisuke,948,288,288
2026-08-23T00:00:00.000Z,Fours_Bronze_Style_Rintaro,841,295,57
2026-08-23T00:00:00.000Z,Duel_Silver_Style_Morisuke,488,204,204
2026-08-23T00:00:00.000Z,OnesMini_Silver_Style_Ohira,613,182,182
2026-08-23T00:00:00.000Z,Twos_Silver_Style_Kazana,1177,667,338
2026-08-23T00:00:00.000Z,Twos_Bronze_Style_Kijo2,1928,984,555
2026-08-23T00:00:00.000Z,Casual-Twos_Silver_Style_Samurai,1014,493,256
2026-08-23T00:00:00.000Z,Ones_Bronze_Style_Kimiro,1402,476,476
2026-08-23T00:00:00.000Z,Twos_Bronze_Ability_TeamSpirit,1857,503,194
2026-08-23T00:00:00.000Z,Threes_Silver_Style_TimeskipToru,189,109,46
2026-08-23T00:00:00.000Z,Twos_Gold_Style_TeamCaptain2,172,79,44
2026-08-23T00:00:00.000Z,Threes_Bronze_Ability_DivineStrength,1586,527,111
2026-08-23T00:00:00.000Z,Ones_Silver_Style_Kazana2,750,387,387
2026-08-23T00:00:00.000Z,Seasonal_Silver_Ability_TeamSpirit,1203,410,139
2026-08-23T00:00:00.000Z,Seasonal_Silver_Style_Kijo2,4070,2305,1358
2026-08-23T00:00:00.000Z,Threes_Bronze_Style_TimeskipShoyo3,725,323,108
2026-08-23T00:00:00.000Z,Casual-Twos_Silver_Style_TimeskipShoyo,407,254,127
2026-08-23T00:00:00.000Z,Seasonal_Gold_Style_Kazana,80,50,18
2026-08-23T00:00:00.000Z,Threes_Silver_Style_Daichi,409,108,15
2026-08-23T00:00:00.000Z,Casual-Twos_Silver_Style_Jester3,1385,637,306
2026-08-23T00:00:00.000Z,Threes_Silver_Style_Mikage,460,281,134
2026-08-23T00:00:00.000Z,Fours_Bronze_Style_TeamCaptain4,35,15,7
2026-08-23T00:00:00.000Z,Seasonal_Bronze_Style_TimeskipShoyo2,814,393,220
2026-08-23T00:00:00.000Z,Ones_Bronze_Style_Riku,574,286,286
2026-08-23T00:00:00.000Z,Twos_Diamond_Style_Kazana3,786,448,223
2026-08-23T00:00:00.000Z,Casual-Ones_Silver_Style_Kazana,10,4,4
2026-08-23T00:00:00.000Z,Duel_Silver_Style_Encho2,238,140,140
2026-08-23T00:00:00.000Z,Threes_Gold_Style_Jester2,169,99,24
2026-08-23T00:00:00.000Z,Ones_Gold_Ability_SteelBlock,239,145,145
2026-08-23T00:00:00.000Z,Ones_Gold_Style_Ibara,98,55,55
2026-08-23T00:00:00.000Z,Fours_Gold_Style_Rintaro,192,133,29
2026-08-23T00:00:00.000Z,Ones_Diamond_Style_Kijo,12,7,7
2026-08-23T00:00:00.000Z,OnesMini_Bronze_Style_Yogan,19,13,13
2026-08-23T00:00:00.000Z,Twos_Gold_Style_Ibara,286,166,70
2026-08-23T00:00:00.000Z,Duel_Silver_Style_Twin2_4,39,19,19
2026-08-23T00:00:00.000Z,OnesMini_Diamond_Style_Kurai2,31,17,17
2026-08-23T00:00:00.000Z,Casual-Threes_Silver_Style_TimeskipShoyo2,119,90,29
2026-08-23T00:00:00.000Z,Sixes_Silver_Style_Rintaro,138,62,2
2026-08-23T00:00:00.000Z,Threes_Gold_Ability_DivineStrength,120,75,20
2026-08-23T00:00:00.000Z,Casual-Ones_Silver_Style_TimeskipShoyo2,310,200,200
2026-08-23T00:00:00.000Z,Fours_Silver_Ability_SuperSprint,164,53,8
2026-08-23T00:00:00.000Z,Twos_Legend_Style_Kazana,11,6,3
2026-08-23T00:00:00.000Z,Fours_Silver_Style_Jester3,144,69,9
2026-08-23T00:00:00.000Z,Threes_Bronze_Style_TeamCaptain,175,79,41
2026-08-23T00:00:00.000Z,Casual-Twos_Silver_Style_Daichi,129,31,9
2026-08-23T00:00:00.000Z,Threes_Pro_Style_Mikage2,1,1,1
2026-08-23T00:00:00.000Z,Casual-Threes_Silver_Style_TeamCaptain3,58,26,14
2026-08-23T00:00:00.000Z,Threes_Gold_Style_Kijo2,241,136,57
2026-08-23T00:00:00.000Z,Sixes_Gold_Ability_MagneticPull,14,10,0
2026-08-23T00:00:00.000Z,Ones_Gold_Style_Kimiro,34,17,17
2026-08-23T00:00:00.000Z,Casual-Threes_Silver_Style_Kurai2,68,42,13
2026-08-23T00:00:00.000Z,Casual-Twos_Silver_Style_Mikage,47,27,10
2026-08-23T00:00:00.000Z,Sixes_Bronze_Style_Twin1_4,4,2,1
2026-08-23T00:00:00.000Z,OnesMini_Silver_Style_Mikage3,396,238,238
2026-08-23T00:00:00.000Z,Seasonal_Diamond_Style_TimeskipToru2,17,7,3
2026-08-23T00:00:00.000Z,OnesMini_Gold_Style_Hidari3,319,139,139
2026-08-23T00:00:00.000Z,Fours_Bronze_Style_Wakatoshi,124,24,1
2026-08-23T00:00:00.000Z,Twos_Pro_Style_Kurai,127,72,47
2026-08-23T00:00:00.000Z,OnesMini_Diamond_Style_TimeskipShoyo2,9,7,7
2026-08-23T00:00:00.000Z,Casual-Ones_Silver_Style_TeamCaptain3,21,12,12
2026-08-23T00:00:00.000Z,Threes_Diamond_Style_TimeskipTobio,109,72,46
2026-08-23T00:00:00.000Z,Threes_Pro_Ability_FourthTouch,17,14,7
2026-08-23T00:00:00.000Z,Twos_Gold_Style_Lev,19,13,7
2026-08-23T00:00:00.000Z,Fours_Silver_Style_Daichi,60,10,1
2026-08-23T00:00:00.000Z,Fours_Silver_Style_TimeskipToru2,60,31,20
2026-08-23T00:00:00.000Z,Casual-Twos_Silver_Style_TimeskipToru,43,26,8
2026-08-23T00:00:00.000Z,OnesMini_Bronze_Style_Kazana2,96,46,46
2026-08-23T00:00:00.000Z,Seasonal_Gold_Style_Twin2_3,33,23,13
2026-08-23T00:00:00.000Z,Ones_Silver_Style_Twin1_2,39,20,20
2026-08-23T00:00:00.000Z,Fours_Silver_Style_Yogan,44,27,8
2026-08-23T00:00:00.000Z,OnesMini_Bronze_Style_TeamCaptain3,61,28,28
2026-08-23T00:00:00.000Z,Fours_Gold_Ability_SteelBlock,60,48,7
2026-08-23T00:00:00.000Z,Ones_Diamond_Style_Encho,50,28,28
2026-08-23T00:00:00.000Z,Threes_Gold_Style_Twin1_3,35,19,9
2026-08-23T00:00:00.000Z,Ones_Bronze_Style_Twin2_4,25,11,11
2026-08-23T00:00:00.000Z,OnesMini_Gold_Style_TimeskipShoyo,17,12,12
2026-08-23T00:00:00.000Z,Twos_Pro_Style_Hidari3,118,55,25
2026-08-23T00:00:00.000Z,Fours_Silver_Style_Hakka2,56,29,14
2026-08-23T00:00:00.000Z,Casual-Ones_Silver_Style_Feiko,29,11,11
2026-08-23T00:00:00.000Z,Threes_Gold_Style_Hidari2,40,20,7
2026-08-23T00:00:00.000Z,Threes_Pro_Style_TimeskipTobio3,9,6,5
2026-08-23T00:00:00.000Z,Fours_Silver_Style_Twin1_2,58,29,4
2026-08-23T00:00:00.000Z,Fours_Diamond_Style_Rintaro,69,49,8
2026-08-23T00:00:00.000Z,Seasonal_Diamond_Style_Kumo,50,28,15
2026-08-23T00:00:00.000Z,Casual-Twos_Silver_Style_Hajime,114,37,11
2026-08-23T00:00:00.000Z,Seasonal_Pro_Style_Riku,56,35,21
2026-08-23T00:00:00.000Z,Sixes_Diamond_Style_Mikage,2,2,1
2026-08-23T00:00:00.000Z,Twos_Diamond_Style_Ibara,57,33,18
2026-08-23T00:00:00.000Z,Ones_Diamond_Style_Jester,29,19,19
2026-08-23T00:00:00.000Z,Threes_Diamond_Ability_SteelBlock,35,28,8
2026-08-23T00:00:00.000Z,Twos_Pro_Style_TimeskipShoyo,105,59,39
2026-08-23T00:00:00.000Z,OnesMini_Bronze_Style_Hakka2,45,22,22
2026-08-23T00:00:00.000Z,Fours_Bronze_Style_Taketora,17,0,0
2026-08-23T00:00:00.000Z,OnesMini_Gold_Style_Asahi,42,26,26
2026-08-23T00:00:00.000Z,OnesMini_Silver_Style_TimeskipToru3,69,37,37
2026-08-23T00:00:00.000Z,Twos_Pro_Style_Kazana2,49,27,11
2026-08-23T00:00:00.000Z,OnesMini_Gold_Style_Kazana2,45,29,29
2026-08-23T00:00:00.000Z,Seasonal_Diamond_Style_Roketto,24,16,11
2026-08-23T00:00:00.000Z,Seasonal_Pro_Style_Rintaro,69,47,36
2026-08-23T00:00:00.000Z,Twos_Diamond_Ability_ZeroGravitySet,30,16,9
2026-08-23T00:00:00.000Z,Casual-Threes_Silver_Style_Kazana,7,5,2
2026-08-23T00:00:00.000Z,Seasonal_Gold_Style_Koshi,4,2,1
2026-08-23T00:00:00.000Z,OnesMini_Gold_Style_Hirugami,19,7,7
2026-08-23T00:00:00.000Z,Sixes_Diamond_Style_Jester3,1,1,0
2026-08-23T00:00:00.000Z,Sixes_Diamond_Ability_BoomJump,5,5,3
2026-08-23T00:00:00.000Z,Threes_Gold_Style_Twin2_4,20,15,8
2026-08-23T00:00:00.000Z,Sixes_Diamond_Style_TimeskipShoyo4,2,2,0
2026-08-23T00:00:00.000Z,Fours_Gold_Style_Encho2,12,9,2
2026-08-23T00:00:00.000Z,Sixes_Diamond_Style_Feiko2,4,2,0
2026-08-23T00:00:00.000Z,Fours_Gold_Style_Riku,11,8,1
2026-08-23T00:00:00.000Z,Fours_Gold_Style_Kijo2,6,2,0
2026-08-23T00:00:00.000Z,Seasonal_Pro_Style_Encho2,49,39,23
2026-08-23T00:00:00.000Z,Seasonal_Gold_Style_Asahi,15,8,4
2026-08-23T00:00:00.000Z,Casual-Fours_Silver_Style_Hidari3,2,1,0
2026-08-23T00:00:00.000Z,Casual-Fours_Silver_Style_Roketto,1,0,0
2026-08-23T00:00:00.000Z,Ones_Gold_Style_TeamCaptain2,23,14,14
2026-08-23T00:00:00.000Z,Sixes_Bronze_Style_Asahi,1,1,0
2026-08-23T00:00:00.000Z,Twos_Pro_Style_Koshi,1,0,0
2026-08-23T00:00:00.000Z,Sixes_Gold_Style_Kurai2,1,1,0
2026-08-23T00:00:00.000Z,Seasonal_Diamond_Style_Yogan,11,8,3
2026-08-23T00:00:00.000Z,Twos_Legend_Style_Kurai2,11,9,5
2026-08-23T00:00:00.000Z,OnesMini_Diamond_Style_TimeskipToru2,18,12,12
2026-08-23T00:00:00.000Z,OnesMini_Gold_Style_TimeskipTobio3,5,4,4
2026-08-23T00:00:00.000Z,OnesMini_Diamond_Style_Twin2,4,3,3
2026-08-23T00:00:00.000Z,Fours_Diamond_Style_Riku,3,3,2
2026-08-23T00:00:00.000Z,Fours_Gold_Style_Morisuke,1,1,0
2026-08-23T00:00:00.000Z,OnesMini_Gold_Style_Shinsuke,3,0,0
2026-08-23T00:00:00.000Z,OnesMini_Diamond_Ability_FourthTouch,36,13,13
2026-08-23T00:00:00.000Z,Twos_Diamond_Style_Kei,6,4,0
2026-08-23T00:00:00.000Z,Threes_Diamond_Style_TeamCaptain2,3,0,0
2026-08-23T00:00:00.000Z,Seasonal_Diamond_Ability_SuperSprint,4,4,1
2026-08-23T00:00:00.000Z,Seasonal_Pro_Style_Kijo2,16,8,5
2026-08-23T00:00:00.000Z,Seasonal_Legend_Style_Rintaro,8,6,5
2026-08-23T00:00:00.000Z,Fours_Diamond_Style_Kimiro,2,1,0
2026-08-23T00:00:00.000Z,Fours_Diamond_Style_Encho2,3,2,0
2026-08-23T00:00:00.000Z,Twos_Legend_Ability_MagneticPull,1,1,0
2026-08-23T00:00:00.000Z,Ones_Diamond_Style_Hidari,1,1,1
2026-08-23T00:00:00.000Z,Sixes_Gold_Style_Feiko,1,1,0
2026-08-23T00:00:00.000Z,OnesMini_Legend_Style_Riku,1,0,0
2026-08-23T00:00:00.000Z,Ones_Pro_Style_Hidari3,1,1,1
2026-08-23T00:00:00.000Z,Casual-Fours_Silver_Style_Toru,1,1,0
2026-08-23T00:00:00.000Z,Ones_Silver_Style_Hidari3,8749,4596,4596
2026-08-23T00:00:00.000Z,Twos_Silver_Ability_MagneticPull,138976,73528,38145
2026-08-23T00:00:00.000Z,OnesMini_Silver_Ability_LeadFeet,11866,7538,7538
2026-08-23T00:00:00.000Z,Seasonal_Silver_Style_Kazana3,3353,1859,995
2026-08-23T00:00:00.000Z,Seasonal_Silver_Ability_LeadFeet,32441,19905,11944
2026-08-23T00:00:00.000Z,Twos_Silver_Style_TimeskipShoyo2,15058,8764,4861
2026-08-23T00:00:00.000Z,OnesMini_Silver_Style_Wakatoshi,3922,1387,1387
2026-08-23T00:00:00.000Z,Twos_Silver_Style_Feiko,5693,2820,1460
2026-08-23T00:00:00.000Z,OnesMini_Bronze_Style_Roketto,1027,519,519
2026-08-23T00:00:00.000Z,Seasonal_Silver_Style_Morisuke,1320,418,110
2026-08-23T00:00:00.000Z,Seasonal_Bronze_Ability_MagneticPull,23729,11086,5768
2026-08-23T00:00:00.000Z,Twos_Pro_Ability_ShieldBreaker,2329,1256,619
2026-08-23T00:00:00.000Z,Ones_Silver_Ability_ShieldBreaker,22044,12507,12507
2026-08-23T00:00:00.000Z,Twos_Bronze_Style_Morisuke,1872,430,162
2026-08-23T00:00:00.000Z,Ones_Bronze_Style_Rintaro,14325,7470,7470
2026-08-23T00:00:00.000Z,Ones_Silver_Ability_CurveSpike,11298,5028,5028
2026-08-23T00:00:00.000Z,Fours_Gold_Style_TimeskipTobio2,128,104,73
2026-08-23T00:00:00.000Z,Twos_Bronze_Style_Tobio,7190,2308,1115
2026-08-23T00:00:00.000Z,Seasonal_Silver_Style_Encho2,3258,1910,1200
2026-08-23T00:00:00.000Z,Threes_Silver_Style_Feiko2,1494,825,403
2026-08-23T00:00:00.000Z,Threes_Silver_Style_Kurai,3426,1869,703
2026-08-23T00:00:00.000Z,Threes_Silver_Ability_BoomJump,4433,2033,601
2026-08-23T00:00:00.000Z,Threes_Silver_Style_Samurai,2600,1396,480
2026-08-23T00:00:00.000Z,Twos_Bronze_Style_TimeskipShoyo3,3825,2003,1062
2026-08-23T00:00:00.000Z,Twos_Bronze_Ability_DivineStrength,7937,2799,1209
2026-08-23T00:00:00.000Z,Seasonal_Silver_Style_Tobio,4702,1668,606
2026-08-23T00:00:00.000Z,Duel_Silver_Style_Riku,371,188,188
2026-08-23T00:00:00.000Z,Twos_Gold_Style_Hidari2,612,332,155
2026-08-23T00:00:00.000Z,Casual-Twos_Silver_Ability_BoomJump,5464,2588,1259
2026-08-23T00:00:00.000Z,Threes_Silver_Style_Mikage4,8358,4595,1912
2026-08-23T00:00:00.000Z,Threes_Silver_Style_Jester3,1153,555,153
2026-08-23T00:00:00.000Z,Duel_Silver_Style_Kimiro,733,268,268
2026-08-23T00:00:00.000Z,OnesMini_Silver_Ability_Moonball,3412,1184,1184
2026-08-23T00:00:00.000Z,OnesMini_Gold_Style_TimeskipShoyo4,314,152,152
2026-08-23T00:00:00.000Z,Ones_Bronze_Ability_SteelBlock,5078,1988,1988
2026-08-23T00:00:00.000Z,Ones_Silver_Style_Roketto,2360,1140,1140
2026-08-23T00:00:00.000Z,Casual-Twos_Silver_Style_TimeskipShoyo4,10814,5759,2889
2026-08-23T00:00:00.000Z,Seasonal_Gold_Style_Twin1_4,265,174,78
2026-08-23T00:00:00.000Z,OnesMini_Silver_Style_Encho,2331,1561,1561
2026-08-23T00:00:00.000Z,OnesMini_Silver_Ability_TeamSpirit,1017,273,273
2026-08-23T00:00:00.000Z,Seasonal_Gold_Ability_MagneticPull,6078,3469,1791
2026-08-23T00:00:00.000Z,Casual-Twos_Silver_Style_Kurai,2224,1239,701
2026-08-23T00:00:00.000Z,OnesMini_Bronze_Ability_RollingThunder,1247,414,414
2026-08-23T00:00:00.000Z,Seasonal_Silver_Style_Jester2,4143,2174,1102
2026-08-23T00:00:00.000Z,Casual-Twos_Silver_Style_Kenma,164,35,7
2026-08-23T00:00:00.000Z,Twos_Bronze_Style_Twin1_3,559,246,146
2026-08-23T00:00:00.000Z,Threes_Gold_Style_TimeskipShoyo3,939,603,140
2026-08-23T00:00:00.000Z,Duel_Silver_Style_Twin1_3,17,8,8
2026-08-23T00:00:00.000Z,Twos_Diamond_Ability_RedirectionJump,2653,1495,766
2026-08-23T00:00:00.000Z,OnesMini_Bronze_Style_Toru,1387,567,567
2026-08-23T00:00:00.000Z,OnesMini_Bronze_Style_Kumo,123,75,75
2026-08-23T00:00:00.000Z,Twos_Diamond_Style_Jester,422,234,102
2026-08-23T00:00:00.000Z,Threes_Gold_Ability_LeadFeet,3176,2009,873
2026-08-23T00:00:00.000Z,Seasonal_Gold_Style_Yogan2,362,223,127
2026-08-23T00:00:00.000Z,Twos_Bronze_Style_Twin2_4,415,208,104
2026-08-23T00:00:00.000Z,Seasonal_Bronze_Style_TeamCaptain3,463,188,103
2026-08-23T00:00:00.000Z,Seasonal_Silver_Style_Hidari2,1024,611,339
2026-08-23T00:00:00.000Z,Twos_Gold_Style_Jester,1640,918,456
2026-08-23T00:00:00.000Z,Twos_Bronze_Style_Kazana3,1814,850,392
2026-08-23T00:00:00.000Z,Seasonal_Bronze_Style_Feiko,615,257,137
2026-08-23T00:00:00.000Z,Seasonal_Silver_Style_Kei,598,187,55
2026-08-23T00:00:00.000Z,Ones_Silver_Style_TeamCaptain3,240,126,126
2026-08-23T00:00:00.000Z,Twos_Legend_Style_TimeskipShoyo2,88,68,29
2026-08-23T00:00:00.000Z,Casual-Ones_Silver_Style_Kurai2,405,220,220
2026-08-23T00:00:00.000Z,Seasonal_Silver_Style_Twin1_3,658,356,168
2026-08-23T00:00:00.000Z,Threes_Silver_Style_Hajime,217,57,11
2026-08-23T00:00:00.000Z,Threes_Gold_Style_Kazana3,335,194,76
2026-08-23T00:00:00.000Z,Ones_Silver_Style_Toru,1147,359,359
2026-08-23T00:00:00.000Z,Twos_Gold_Ability_ZeroGravitySet,291,149,80
2026-08-23T00:00:00.000Z,Twos_Gold_Style_Ryunosuke,28,21,6
2026-08-23T00:00:00.000Z,Twos_Pro_Style_TimeskipShoyo4,371,198,117
2026-08-23T00:00:00.000Z,Ones_Bronze_Style_Kijo2,529,300,300
2026-08-23T00:00:00.000Z,Fours_Bronze_Style_TimeskipTobio2,56,29,17
2026-08-23T00:00:00.000Z,Threes_Bronze_Style_Twin1,113,49,25
2026-08-23T00:00:00.000Z,Twos_Bronze_Style_Kei,948,224,77
2026-08-23T00:00:00.000Z,Threes_Bronze_Style_Jester2,584,245,70
2026-08-23T00:00:00.000Z,Threes_Silver_Style_Kenma,343,81,8
2026-08-23T00:00:00.000Z,Fours_Silver_Style_Kumo,201,113,35
2026-08-23T00:00:00.000Z,Seasonal_Gold_Style_Kotaru,124,63,31
2026-08-23T00:00:00.000Z,Casual-Threes_Silver_Ability_MagneticPull,807,439,147
2026-08-23T00:00:00.000Z,Threes_Bronze_Style_TeamCaptain4,394,160,78
2026-08-23T00:00:00.000Z,Twos_Diamond_Style_Hidari2,104,51,27
2026-08-23T00:00:00.000Z,Threes_Gold_Style_Encho2,200,114,45
2026-08-23T00:00:00.000Z,Sixes_Silver_Ability_SteelBlock,65,19,6
2026-08-23T00:00:00.000Z,Fours_Silver_Style_Roketto,267,122,13
2026-08-23T00:00:00.000Z,Seasonal_Bronze_Style_Kazana,116,53,30
2026-08-23T00:00:00.000Z,Fours_Diamond_Style_TimeskipTobio2,87,67,45
2026-08-23T00:00:00.000Z,OnesMini_Gold_Style_Koshi,6,4,4
2026-08-23T00:00:00.000Z,Threes_Bronze_Style_Hidari,211,89,23
2026-08-23T00:00:00.000Z,Fours_Bronze_Style_TimeskipToru3,10,3,1
2026-08-23T00:00:00.000Z,Fours_Bronze_Style_TeamCaptain,52,16,10
2026-08-23T00:00:00.000Z,Threes_Pro_Style_TimeskipShoyo2,80,55,10
2026-08-23T00:00:00.000Z,Sixes_Gold_Style_TimeskipShoyo2,9,6,1
2026-08-23T00:00:00.000Z,Sixes_Silver_Style_TimeskipTobio2,26,15,5
2026-08-23T00:00:00.000Z,OnesMini_Gold_Style_Kotaru,127,67,67
2026-08-23T00:00:00.000Z,Fours_Silver_Style_Twin2,34,12,4
2026-08-23T00:00:00.000Z,OnesMini_Silver_Style_TimeskipTobio,14,4,4
2026-08-23T00:00:00.000Z,OnesMini_Gold_Style_Kurai,211,111,111
2026-08-23T00:00:00.000Z,OnesMini_Bronze_Style_Twin1_2,54,29,29
2026-08-23T00:00:00.000Z,Twos_Diamond_Style_Ryunosuke,3,2,0
2026-08-23T00:00:00.000Z,Casual-Threes_Silver_Style_Feiko,78,45,21
2026-08-23T00:00:00.000Z,Seasonal_Gold_Style_Hakka,122,61,39
2026-08-23T00:00:00.000Z,Seasonal_Diamond_Style_Twin1_2,18,17,12
2026-08-23T00:00:00.000Z,Seasonal_Diamond_Ability_BoomJump,240,172,92
2026-08-23T00:00:00.000Z,Ones_Bronze_Style_Twin1_3,13,8,8
2026-08-23T00:00:00.000Z,Duel_Silver_Style_TimeskipTobio2,40,23,23
2026-08-23T00:00:00.000Z,Fours_Bronze_Style_Mikage3,21,10,4
2026-08-23T00:00:00.000Z,Twos_Pro_Style_Feiko2,8,5,2
2026-08-23T00:00:00.000Z,OnesMini_Gold_Style_Kenma,3,2,2
2026-08-23T00:00:00.000Z,Threes_Diamond_Style_Kimiro,4,3,3
2026-08-23T00:00:00.000Z,Seasonal_Diamond_Style_Jester3,42,26,9
2026-08-23T00:00:00.000Z,Ones_Diamond_Ability_RedirectionJump,31,15,15
2026-08-23T00:00:00.000Z,Sixes_Silver_Style_Kijo2,8,1,0
2026-08-23T00:00:00.000Z,Sixes_Silver_Style_Kimiro,16,2,0
2026-08-23T00:00:00.000Z,Sixes_Bronze_Ability_MagneticPull,25,7,1
2026-08-23T00:00:00.000Z,Casual-Fours_Silver_Ability_ShieldBreaker,25,15,2
2026-08-23T00:00:00.000Z,Casual-Fours_Silver_Style_Kumo,1,0,0
2026-08-23T00:00:00.000Z,Casual-Fours_Silver_Ability_CurveSpike,8,4,0
2026-08-23T00:00:00.000Z,Seasonal_Diamond_Style_Mikage2,16,7,4
2026-08-23T00:00:00.000Z,Casual-Fours_Silver_Style_TeamCaptain3,2,1,0
2026-08-23T00:00:00.000Z,Sixes_Silver_Style_Morisuke,6,2,0
2026-08-23T00:00:00.000Z,Sixes_Silver_Style_Riku,11,8,1
2026-08-23T00:00:00.000Z,Sixes_Bronze_Style_Kotaru,3,0,0
2026-08-23T00:00:00.000Z,Threes_Gold_Style_Kei,12,8,2
2026-08-23T00:00:00.000Z,Threes_Gold_Style_Tobio,33,18,10
2026-08-23T00:00:00.000Z,Twos_Gold_Style_Kei,48,24,13
2026-08-23T00:00:00.000Z,Ones_Diamond_Style_Riku,39,26,26
2026-08-23T00:00:00.000Z,Sixes_Gold_Style_Kazana,6,4,0
2026-08-23T00:00:00.000Z,OnesMini_Gold_Style_Feiko2,20,13,13
2026-08-23T00:00:00.000Z,Sixes_Bronze_Style_Hakka,3,0,0
2026-08-23T00:00:00.000Z,Sixes_Silver_Style_Twin2_4,1,0,0
2026-08-23T00:00:00.000Z,Sixes_Diamond_Style_Mikage4,3,2,2
2026-08-23T00:00:00.000Z,Twos_Pro_Style_TimeskipTobio3,9,4,3
2026-08-23T00:00:00.000Z,Fours_Gold_Style_Kimiro,17,16,2
2026-08-23T00:00:00.000Z,Sixes_Silver_Style_Encho2,5,3,0
2026-08-23T00:00:00.000Z,Threes_Gold_Ability_TeamSpirit,8,4,0
2026-08-23T00:00:00.000Z,Casual-Fours_Silver_Ability_RollingThunder,3,1,0
2026-08-23T00:00:00.000Z,Seasonal_Gold_Style_Tetsuro,11,3,1
2026-08-23T00:00:00.000Z,Ones_Bronze_Style_TimeskipTobio2,15,4,4
2026-08-23T00:00:00.000Z,Seasonal_Gold_Style_Tadashi,3,3,2
2026-08-23T00:00:00.000Z,Sixes_Bronze_Style_Yogan2,2,1,0
2026-08-23T00:00:00.000Z,Fours_Diamond_Ability_SteelBlock,7,6,1
2026-08-23T00:00:00.000Z,Twos_Gold_Style_Taketora,19,10,7
2026-08-23T00:00:00.000Z,Sixes_Bronze_Style_Koshi,1,0,0
2026-08-23T00:00:00.000Z,Sixes_Bronze_Style_Tadashi,1,0,0
2026-08-23T00:00:00.000Z,Ones_Diamond_Ability_Moonball,3,3,3
2026-08-23T00:00:00.000Z,Threes_Diamond_Style_Ibara,13,9,4
2026-08-23T00:00:00.000Z,Fours_Pro_Ability_BoomJump,9,9,1
2026-08-23T00:00:00.000Z,Twos_Diamond_Style_TeamCaptain2,9,3,3
2026-08-23T00:00:00.000Z,Twos_Diamond_Style_Lev,4,3,3
2026-08-23T00:00:00.000Z,Fours_Pro_Style_Kumo,1,1,0
2026-08-23T00:00:00.000Z,Twos_Diamond_Style_Taketora,1,0,0
2026-08-23T00:00:00.000Z,Ones_Diamond_Ability_ZeroGravitySet,1,1,1
2026-08-23T00:00:00.000Z,Fours_Gold_Style_Twin2_4,2,2,2
2026-08-23T00:00:00.000Z,Ones_Gold_Ability_LeadFeet,4238,2339,2339
2026-08-23T00:00:00.000Z,Twos_Bronze_Style_Kimiro,6744,2255,1111
2026-08-23T00:00:00.000Z,Twos_Gold_Ability_SteelBlock,1604,881,494
2026-08-23T00:00:00.000Z,Seasonal_Silver_Style_Kimiro,4837,1815,709
2026-08-23T00:00:00.000Z,Twos_Silver_Style_Samurai,9013,4898,2518
2026-08-23T00:00:00.000Z,Fours_Silver_Ability_ShieldBreaker,2988,1721,480
2026-08-23T00:00:00.000Z,Twos_Gold_Style_Encho,2086,1212,632
2026-08-23T00:00:00.000Z,Threes_Silver_Ability_RollingThunder,1339,488,105
2026-08-23T00:00:00.000Z,Threes_Silver_Style_Asahi,523,120,19
2026-08-23T00:00:00.000Z,Twos_Silver_Style_Toru,4497,1438,663
2026-08-23T00:00:00.000Z,Threes_Gold_Style_TimeskipTobio2,641,452,297
2026-08-23T00:00:00.000Z,Twos_Silver_Style_Twin1_2,2156,1149,711
2026-08-23T00:00:00.000Z,Fours_Silver_Ability_MagneticPull,2851,1468,358
2026-08-23T00:00:00.000Z,Twos_Silver_Style_Jester3,5682,2763,1235
2026-08-23T00:00:00.000Z,Ones_Bronze_Ability_ZeroGravitySet,5046,1840,1840
2026-08-23T00:00:00.000Z,Seasonal_Gold_Style_Kurai,1083,681,399
2026-08-23T00:00:00.000Z,Casual-Ones_Silver_Style_Jester3,525,251,251
2026-08-23T00:00:00.000Z,Seasonal_Bronze_Style_Toru,2181,692,239
2026-08-23T00:00:00.000Z,Threes_Bronze_Ability_Moonball,1183,359,63
2026-08-23T00:00:00.000Z,Threes_Silver_Style_Roketto,1787,808,225
2026-08-23T00:00:00.000Z,Ones_Silver_Ability_SuperSprint,1695,571,571
2026-08-23T00:00:00.000Z,Twos_Gold_Style_Kijo,6530,3591,2091
2026-08-23T00:00:00.000Z,Ones_Silver_Style_Shinsuke,187,58,58
2026-08-23T00:00:00.000Z,Seasonal_Bronze_Ability_RollingThunder,1521,491,169
2026-08-23T00:00:00.000Z,Twos_Silver_Ability_RollingThunder,5430,1922,850
2026-08-23T00:00:00.000Z,Threes_Silver_Style_Twin1_4,775,393,171
2026-08-23T00:00:00.000Z,Seasonal_Bronze_Style_Mikage4,7214,3311,1603
2026-08-23T00:00:00.000Z,Casual-Twos_Silver_Style_Tetsuro,294,51,18
2026-08-23T00:00:00.000Z,Seasonal_Gold_Ability_BoomJump,1017,598,342
2026-08-23T00:00:00.000Z,Fours_Bronze_Style_Hidari2,15,4,0
2026-08-23T00:00:00.000Z,Twos_Silver_Style_Tadashi,409,107,39
2026-08-23T00:00:00.000Z,Twos_Silver_Style_TimeskipToru,598,344,193
2026-08-23T00:00:00.000Z,Threes_Silver_Style_Hakka,853,441,244
2026-08-23T00:00:00.000Z,OnesMini_Bronze_Style_Hirugami,852,354,354
2026-08-23T00:00:00.000Z,Ones_Silver_Style_Jester3,2173,1116,1116
2026-08-23T00:00:00.000Z,Threes_Diamond_Ability_LeadFeet,616,423,191
2026-08-23T00:00:00.000Z,Twos_Diamond_Style_Twin2_4,50,25,14
2026-08-23T00:00:00.000Z,Casual-Twos_Silver_Style_Kumo,346,144,89
2026-08-23T00:00:00.000Z,Casual-Twos_Silver_Ability_RollingThunder,843,272,115
2026-08-23T00:00:00.000Z,Casual-Ones_Silver_Style_Toru,261,85,85
2026-08-23T00:00:00.000Z,Ones_Silver_Style_Hajime,501,135,135
2026-08-23T00:00:00.000Z,Twos_Bronze_Style_TimeskipTobio2,905,400,183
2026-08-23T00:00:00.000Z,Threes_Bronze_Style_Kimiro,1670,532,140
2026-08-23T00:00:00.000Z,Ones_Gold_Ability_ZeroGravitySet,142,65,65
2026-08-23T00:00:00.000Z,Ones_Gold_Ability_RedirectionJump,743,419,419
2026-08-23T00:00:00.000Z,Twos_Gold_Style_Twin2_4,281,159,108
2026-08-23T00:00:00.000Z,Threes_Silver_Style_Toru,1239,424,96
2026-08-23T00:00:00.000Z,Seasonal_Diamond_Ability_ShieldBreaker,1210,732,349
2026-08-23T00:00:00.000Z,Seasonal_Gold_Style_Feiko,113,66,39
2026-08-23T00:00:00.000Z,Twos_Legend_Style_Yogan,1,1,1
2026-08-23T00:00:00.000Z,Fours_Bronze_Style_Kazana3,60,24,3
2026-08-23T00:00:00.000Z,Fours_Silver_Style_TimeskipTobio3,287,185,96
2026-08-23T00:00:00.000Z,OnesMini_Silver_Style_Jester2,820,390,390
2026-08-23T00:00:00.000Z,Seasonal_Bronze_Style_Samurai,1722,864,450
2026-08-23T00:00:00.000Z,Twos_Diamond_Style_Riku,780,469,278
2026-08-23T00:00:00.000Z,OnesMini_Silver_Style_Kei,617,166,166
2026-08-23T00:00:00.000Z,Twos_Diamond_Style_Encho,612,367,169
2026-08-23T00:00:00.000Z,Threes_Gold_Style_TimeskipTobio,201,135,82
2026-08-23T00:00:00.000Z,Ones_Bronze_Style_TeamCaptain2,34,22,22
2026-08-23T00:00:00.000Z,Twos_Bronze_Style_TimeskipTobio,216,103,50
2026-08-23T00:00:00.000Z,OnesMini_Silver_Style_Twin1,327,208,208
2026-08-23T00:00:00.000Z,Casual-Twos_Silver_Style_Hakka2,89,38,25
2026-08-23T00:00:00.000Z,OnesMini_Silver_Style_Lev,492,120,120
2026-08-23T00:00:00.000Z,Seasonal_Gold_Style_Samurai,562,333,196
2026-08-23T00:00:00.000Z,Twos_Bronze_Style_Mikage3,345,185,112
2026-08-23T00:00:00.000Z,Casual-Twos_Silver_Style_TeamCaptain3,459,217,101
2026-08-23T00:00:00.000Z,Fours_Bronze_Style_Tobio,133,43,11
2026-08-23T00:00:00.000Z,Ones_Bronze_Style_Ibara,101,66,66
2026-08-23T00:00:00.000Z,Twos_Bronze_Style_Taketora,1111,294,112
2026-08-23T00:00:00.000Z,Threes_Bronze_Style_Ohira,103,19,5
2026-08-23T00:00:00.000Z,OnesMini_Gold_Ability_SuperSprint,85,42,42
2026-08-23T00:00:00.000Z,Twos_Diamond_Style_Kijo2,267,148,99
2026-08-23T00:00:00.000Z,Seasonal_Bronze_Style_Twin1_2,271,137,76
2026-08-23T00:00:00.000Z,Seasonal_Gold_Style_TimeskipTobio3,25,10,8
2026-08-23T00:00:00.000Z,Fours_Silver_Style_TimeskipShoyo,60,42,10
2026-08-23T00:00:00.000Z,Fours_Gold_Ability_DivineStrength,29,22,3
2026-08-23T00:00:00.000Z,Ones_Diamond_Style_Rintaro,652,407,407
2026-08-23T00:00:00.000Z,Ones_Gold_Style_Encho,458,263,263
2026-08-23T00:00:00.000Z,Seasonal_Bronze_Style_TimeskipToru2,280,150,90
2026-08-23T00:00:00.000Z,Casual-Twos_Silver_Style_Hakka,195,87,50
2026-08-23T00:00:00.000Z,Seasonal_Diamond_Style_TimeskipShoyo2,140,85,49
2026-08-23T00:00:00.000Z,Casual-Ones_Silver_Style_Samurai,232,126,126
2026-08-23T00:00:00.000Z,OnesMini_Diamond_Ability_ShieldBreaker,400,250,250
2026-08-23T00:00:00.000Z,Fours_Bronze_Style_Jester2,64,25,5
2026-08-23T00:00:00.000Z,Fours_Silver_Style_TimeskipShoyo2,507,329,58
2026-08-23T00:00:00.000Z,Seasonal_Gold_Style_TimeskipShoyo4,1152,660,346
2026-08-23T00:00:00.000Z,Casual-Twos_Silver_Style_Twin1_4,478,207,125
2026-08-23T00:00:00.000Z,Casual-Threes_Silver_Ability_RollingThunder,77,23,4
2026-08-23T00:00:00.000Z,OnesMini_Gold_Ability_CurveSpike,510,251,251
2026-08-23T00:00:00.000Z,Twos_Bronze_Style_Ibara,290,178,91
2026-08-23T00:00:00.000Z,OnesMini_Bronze_Style_Jester3,229,102,102
2026-08-23T00:00:00.000Z,OnesMini_Bronze_Style_Mikage2,32,19,19
2026-08-23T00:00:00.000Z,Ones_Silver_Style_Mikage,102,63,63
2026-08-23T00:00:00.000Z,Twos_Gold_Style_TimeskipTobio,57,24,11
2026-08-23T00:00:00.000Z,Twos_Gold_Style_Wakatoshi,149,97,53
2026-08-23T00:00:00.000Z,Seasonal_Silver_Style_TeamCaptain2,632,353,185
2026-08-23T00:00:00.000Z,OnesMini_Silver_Style_Jester,532,251,251
2026-08-23T00:00:00.000Z,Duel_Silver_Style_Kazana3,229,114,114
2026-08-23T00:00:00.000Z,Threes_Bronze_Style_Mikage3,127,60,27
2026-08-23T00:00:00.000Z,Sixes_Bronze_Ability_FourthTouch,13,4,0
2026-08-23T00:00:00.000Z,Sixes_Silver_Ability_DivineStrength,27,14,0
2026-08-23T00:00:00.000Z,OnesMini_Silver_Style_Ryunosuke,269,70,70
2026-08-23T00:00:00.000Z,Threes_Bronze_Style_Twin2_2,70,27,11
2026-08-23T00:00:00.000Z,Casual-Threes_Silver_Style_Samurai,59,34,8
2026-08-23T00:00:00.000Z,Casual-Threes_Silver_Style_Mikage4,230,146,52
2026-08-23T00:00:00.000Z,Threes_Gold_Style_TeamCaptain,70,41,22
2026-08-23T00:00:00.000Z,Seasonal_Bronze_Style_Twin2_3,93,40,23
2026-08-23T00:00:00.000Z,OnesMini_Diamond_Style_Kazana2,10,2,2
2026-08-23T00:00:00.000Z,Fours_Gold_Style_Kazana3,46,31,9
2026-08-23T00:00:00.000Z,Seasonal_Bronze_Style_TimeskipToru,36,23,10
2026-08-23T00:00:00.000Z,Ones_Bronze_Style_Hidari2,122,65,65
2026-08-23T00:00:00.000Z,Casual-Threes_Silver_Style_Yogan2,24,16,4
2026-08-23T00:00:00.000Z,Fours_Diamond_Style_Kazana3,16,9,0
2026-08-23T00:00:00.000Z,Seasonal_Diamond_Style_TeamCaptain3,20,13,4
2026-08-23T00:00:00.000Z,Threes_Diamond_Style_Encho,36,27,8
2026-08-23T00:00:00.000Z,OnesMini_Gold_Style_Hakka,29,20,20
2026-08-23T00:00:00.000Z,OnesMini_Diamond_Style_Twin1_2,23,9,9
2026-08-23T00:00:00.000Z,Seasonal_Bronze_Style_Tadashi,109,38,11
2026-08-23T00:00:00.000Z,Twos_Pro_Style_Roketto,30,23,10
2026-08-23T00:00:00.000Z,Fours_Bronze_Style_Jester,39,11,3
2026-08-23T00:00:00.000Z,Twos_Pro_Style_Twin1_4,6,3,3
2026-08-23T00:00:00.000Z,Ones_Diamond_Ability_SteelBlock,56,32,32
2026-08-23T00:00:00.000Z,Ones_Bronze_Style_Hidari,102,52,52
2026-08-23T00:00:00.000Z,Sixes_Silver_Ability_ZeroGravitySet,23,1,0
2026-08-23T00:00:00.000Z,Sixes_Silver_Style_Kazana3,13,9,0
2026-08-23T00:00:00.000Z,Twos_Pro_Ability_CurveSpike,8,4,0
2026-08-23T00:00:00.000Z,Casual-Threes_Silver_Style_TimeskipToru2,11,10,5
2026-08-23T00:00:00.000Z,Fours_Bronze_Style_Hidari,23,6,3
2026-08-23T00:00:00.000Z,Twos_Diamond_Style_TimeskipTobio2,15,6,5
2026-08-23T00:00:00.000Z,Fours_Gold_Style_Ibara,15,9,0
2026-08-23T00:00:00.000Z,Fours_Bronze_Style_Lev,15,3,0
2026-08-23T00:00:00.000Z,Casual-Threes_Silver_Style_Twin1_2,7,7,5
2026-08-23T00:00:00.000Z,Sixes_Bronze_Style_Mikage4,8,4,0
2026-08-23T00:00:00.000Z,Casual-Fours_Silver_Style_TimeskipShoyo2,4,4,0
2026-08-23T00:00:00.000Z,Casual-Fours_Silver_Style_Mikage2,1,1,1
2026-08-23T00:00:00.000Z,Twos_Gold_Style_TimeskipToru3,41,18,8
2026-08-23T00:00:00.000Z,Sixes_Gold_Style_Jester3,2,2,0
2026-08-23T00:00:00.000Z,Sixes_Bronze_Style_Kurai,5,2,0
2026-08-23T00:00:00.000Z,Sixes_Silver_Style_TeamCaptain,3,1,1
2026-08-23T00:00:00.000Z,Threes_Pro_Ability_MagneticPull,14,12,9
2026-08-23T00:00:00.000Z,Casual-Ones_Silver_Style_TimeskipToru2,5,2,2
2026-08-23T00:00:00.000Z,Twos_Legend_Style_Mikage4,5,3,2
2026-08-23T00:00:00.000Z,Seasonal_Pro_Style_Kazana3,33,25,19
2026-08-23T00:00:00.000Z,Seasonal_Pro_Ability_RedirectionJump,20,17,8
2026-08-23T00:00:00.000Z,Fours_Gold_Ability_ZeroGravitySet,8,6,0
2026-08-23T00:00:00.000Z,Fours_Diamond_Style_Hidari2,8,5,0
2026-08-23T00:00:00.000Z,Fours_Gold_Style_TeamCaptain,4,3,1
2026-08-23T00:00:00.000Z,OnesMini_Gold_Style_Daichi,3,1,1
2026-08-23T00:00:00.000Z,OnesMini_Diamond_Style_Kotaru,19,12,12
2026-08-23T00:00:00.000Z,Fours_Pro_Ability_ShieldBreaker,15,13,1
2026-08-23T00:00:00.000Z,OnesMini_Bronze_Style_Mikage,18,13,13
2026-08-23T00:00:00.000Z,Ones_Gold_Style_Twin2_4,4,1,1
2026-08-23T00:00:00.000Z,Ones_Gold_Style_Kei,6,3,3
2026-08-23T00:00:00.000Z,Casual-Threes_Silver_Style_TimeskipToru,10,5,3
2026-08-23T00:00:00.000Z,Fours_Bronze_Style_Ohira,11,2,1
2026-08-23T00:00:00.000Z,Seasonal_Gold_Style_Daichi,6,4,3
2026-08-23T00:00:00.000Z,Twos_Diamond_Style_Wakatoshi,5,5,3
2026-08-23T00:00:00.000Z,Seasonal_Diamond_Style_TimeskipShoyo,3,2,1
2026-08-23T00:00:00.000Z,Threes_Pro_Style_Kazana2,1,1,0
2026-08-23T00:00:00.000Z,Fours_Gold_Style_TeamCaptain2,15,10,6
2026-08-23T00:00:00.000Z,Fours_Gold_Style_Hidari,4,3,1
2026-08-23T00:00:00.000Z,Twos_Pro_Style_Twin2,5,4,2
2026-08-23T00:00:00.000Z,Twos_Pro_Style_Hakka2,2,0,0
2026-08-23T00:00:00.000Z,Casual-Threes_Silver_Style_Twin2_3,5,2,0
2026-08-23T00:00:00.000Z,Twos_Diamond_Style_Tobio,6,3,3
2026-08-23T00:00:00.000Z,Sixes_Silver_Style_Hidari2,1,0,0
2026-08-23T00:00:00.000Z,Casual-Fours_Silver_Style_Mikage,1,0,0
2026-08-23T00:00:00.000Z,Casual-Ones_Silver_Style_Twin2_3,6,2,2
2026-08-23T00:00:00.000Z,Twos_Legend_Style_Yogan2,4,3,2
2026-08-23T00:00:00.000Z,OnesMini_Pro_Ability_LeadFeet,27,15,15
2026-08-23T00:00:00.000Z,Fours_Pro_Style_TimeskipShoyo2,11,11,1
2026-08-23T00:00:00.000Z,Seasonal_Pro_Style_Hidari,10,10,2
2026-08-23T00:00:00.000Z,OnesMini_Pro_Style_Kijo,1,1,1
2026-08-23T00:00:00.000Z,Ones_Diamond_Style_Wakatoshi,8,6,6
2026-08-23T00:00:00.000Z,Threes_Pro_Style_Hidari3,2,1,1
2026-08-23T00:00:00.000Z,Seasonal_Pro_Style_Hidari2,7,3,0
2026-08-23T00:00:00.000Z,Ones_Pro_Style_Mikage2,1,0,0
2026-08-23T00:00:00.000Z,Twos_Pro_Style_Mikage2,2,1,1
2026-08-23T00:00:00.000Z,Threes_Diamond_Style_Kei,2,1,1
2026-08-23T00:00:00.000Z,Threes_Diamond_Style_Twin2_4,1,1,0
2026-08-23T00:00:00.000Z,Threes_Pro_Style_Kazana,1,0,0
2026-08-23T00:00:00.000Z,OnesMini_Bronze_Ability_BoomJump,3157,1272,1272
2026-08-23T00:00:00.000Z,Ones_Silver_Style_Samurai,3119,1699,1699
2026-08-23T00:00:00.000Z,OnesMini_Silver_Ability_DivineStrength,3835,1618,1618
2026-08-23T00:00:00.000Z,Twos_Silver_Style_Shoyo,771,195,86
2026-08-23T00:00:00.000Z,Ones_Silver_Style_Mikage4,13345,7125,7125
2026-08-23T00:00:00.000Z,Twos_Silver_Ability_CurveSpike,31459,13611,6812
2026-08-23T00:00:00.000Z,Twos_Diamond_Ability_LeadFeet,8665,4775,2534
2026-08-23T00:00:00.000Z,Twos_Bronze_Style_Rintaro,58814,27065,12632
2026-08-23T00:00:00.000Z,Twos_Silver_Style_Yu,1125,301,129
2026-08-23T00:00:00.000Z,Twos_Bronze_Ability_SteelBlock,19244,6774,3029
2026-08-23T00:00:00.000Z,Twos_Gold_Style_Rintaro,41459,21683,10357
2026-08-23T00:00:00.000Z,OnesMini_Silver_Style_Hidari2,249,134,134
2026-08-23T00:00:00.000Z,Ones_Silver_Style_Yu,516,134,134
2026-08-23T00:00:00.000Z,Threes_Silver_Style_Hidari3,5077,2496,698
2026-08-23T00:00:00.000Z,Ones_Silver_Style_Kurai,2870,1689,1689
2026-08-23T00:00:00.000Z,OnesMini_Silver_Ability_RedirectionJump,6602,3291,3291
2026-08-23T00:00:00.000Z,Twos_Silver_Style_Daichi,1383,309,122
2026-08-23T00:00:00.000Z,Seasonal_Silver_Ability_SteelBlock,15617,6229,2406
2026-08-23T00:00:00.000Z,Seasonal_Bronze_Ability_BoomJump,5231,2091,913
2026-08-23T00:00:00.000Z,Duel_Silver_Style_Jester2,574,279,279
2026-08-23T00:00:00.000Z,Threes_Bronze_Style_Kijo2,330,158,60
2026-08-23T00:00:00.000Z,Ones_Silver_Ability_BoomJump,7281,3259,3259
2026-08-23T00:00:00.000Z,Ones_Silver_Style_TimeskipShoyo4,4734,2687,2687
2026-08-23T00:00:00.000Z,Threes_Silver_Ability_CurveSpike,7549,3224,990
2026-08-23T00:00:00.000Z,Threes_Bronze_Style_Wakatoshi,1242,339,59
2026-08-23T00:00:00.000Z,Seasonal_Bronze_Style_Kumo,1096,559,292
2026-08-23T00:00:00.000Z,Ones_Silver_Style_Shoyo,353,65,65
2026-08-23T00:00:00.000Z,Twos_Silver_Style_Tetsuro,2060,540,195
2026-08-23T00:00:00.000Z,Seasonal_Bronze_Ability_SuperSprint,966,325,127
2026-08-23T00:00:00.000Z,Seasonal_Bronze_Style_Roketto,3550,1514,681
2026-08-23T00:00:00.000Z,Twos_Silver_Style_Mikage2,903,518,306
2026-08-23T00:00:00.000Z,Fours_Bronze_Ability_LeadFeet,313,147,49
2026-08-23T00:00:00.000Z,Fours_Silver_Style_Feiko,300,154,87
2026-08-23T00:00:00.000Z,Fours_Silver_Style_Kurai,286,152,43
2026-08-23T00:00:00.000Z,Fours_Silver_Style_Hirugami,213,81,8
2026-08-23T00:00:00.000Z,Threes_Silver_Style_Kazana,328,186,60
2026-08-23T00:00:00.000Z,OnesMini_Silver_Style_Ibara,715,471,471
2026-08-23T00:00:00.000Z,Threes_Bronze_Style_TimeskipTobio2,448,207,99
2026-08-23T00:00:00.000Z,Twos_Silver_Style_Hajime,993,285,115
2026-08-23T00:00:00.000Z,OnesMini_Bronze_Style_TimeskipShoyo4,373,214,214
2026-08-23T00:00:00.000Z,OnesMini_Bronze_Style_Kurai2,212,137,137
2026-08-23T00:00:00.000Z,Twos_Bronze_Style_TeamCaptain4,1346,628,335
2026-08-23T00:00:00.000Z,Casual-Twos_Silver_Ability_CurveSpike,4464,1781,848
2026-08-23T00:00:00.000Z,Threes_Gold_Style_Rintaro,1861,1119,342
2026-08-23T00:00:00.000Z,Threes_Silver_Style_Yogan2,1197,648,189
2026-08-23T00:00:00.000Z,OnesMini_Bronze_Style_Shoyo,282,83,83
2026-08-23T00:00:00.000Z,Threes_Diamond_Style_TimeskipShoyo3,212,140,29
2026-08-23T00:00:00.000Z,Ones_Silver_Style_Feiko2,282,157,157
2026-08-23T00:00:00.000Z,Casual-Ones_Silver_Ability_FourthTouch,986,475,475
2026-08-23T00:00:00.000Z,Ones_Bronze_Style_Lev,259,69,69
2026-08-23T00:00:00.000Z,Casual-Ones_Silver_Ability_BoomJump,1360,594,594
2026-08-23T00:00:00.000Z,Fours_Silver_Style_Kotaru,422,122,14
2026-08-23T00:00:00.000Z,Seasonal_Bronze_Style_Shoyo,190,45,15
2026-08-23T00:00:00.000Z,Duel_Silver_Style_Ryunosuke,147,47,47
2026-08-23T00:00:00.000Z,OnesMini_Bronze_Style_Feiko2,40,23,23
2026-08-23T00:00:00.000Z,Threes_Silver_Style_Twin2_3,183,98,41
2026-08-23T00:00:00.000Z,Ones_Gold_Style_Riku,228,121,121
2026-08-23T00:00:00.000Z,Ones_Bronze_Style_Jester2,696,344,344
2026-08-23T00:00:00.000Z,Threes_Gold_Ability_SteelBlock,447,257,110
2026-08-23T00:00:00.000Z,Seasonal_Bronze_Style_Hakka2,249,117,70
2026-08-23T00:00:00.000Z,Casual-Ones_Silver_Style_Hajime,112,38,38
2026-08-23T00:00:00.000Z,Fours_Bronze_Ability_RedirectionJump,285,97,24
2026-08-23T00:00:00.000Z,Casual-Twos_Silver_Style_Yogan,33,19,8
2026-08-23T00:00:00.000Z,Casual-Threes_Silver_Ability_FourthTouch,314,169,54
2026-08-23T00:00:00.000Z,Seasonal_Bronze_Style_Yu,349,96,30
2026-08-23T00:00:00.000Z,OnesMini_Gold_Style_Mikage4,1116,524,524
2026-08-23T00:00:00.000Z,Twos_Gold_Ability_Moonball,272,150,78
2026-08-23T00:00:00.000Z,Casual-Ones_Silver_Ability_SuperSprint,295,111,111
2026-08-23T00:00:00.000Z,Ones_Gold_Style_Jester,208,117,117
2026-08-23T00:00:00.000Z,Fours_Diamond_Style_TimeskipShoyo3,57,34,1
2026-08-23T00:00:00.000Z,Ones_Bronze_Style_Jester,373,189,189
2026-08-23T00:00:00.000Z,Ones_Silver_Style_TimeskipToru2,59,27,27
2026-08-23T00:00:00.000Z,Seasonal_Diamond_Style_Kurai2,125,77,35
2026-08-23T00:00:00.000Z,Duel_Silver_Style_Jester,270,134,134
2026-08-23T00:00:00.000Z,Threes_Gold_Style_TeamCaptain4,120,66,42
2026-08-23T00:00:00.000Z,OnesMini_Bronze_Style_Yu,440,117,117
2026-08-23T00:00:00.000Z,Ones_Bronze_Style_Ryunosuke,184,42,42
2026-08-23T00:00:00.000Z,Casual-Threes_Silver_Style_Shoyo,15,6,0
2026-08-23T00:00:00.000Z,Duel_Silver_Style_TimeskipShoyo3,375,206,206
2026-08-23T00:00:00.000Z,Ones_Bronze_Style_TimeskipShoyo3,345,187,187
2026-08-23T00:00:00.000Z,Ones_Bronze_Style_Kei,366,108,108
2026-08-23T00:00:00.000Z,Duel_Silver_Style_TeamCaptain4,94,37,37
2026-08-23T00:00:00.000Z,Fours_Silver_Style_Kurai2,213,134,19
2026-08-23T00:00:00.000Z,Threes_Bronze_Style_TimeskipTobio,132,63,31
2026-08-23T00:00:00.000Z,Seasonal_Gold_Style_Mikage2,126,78,43
2026-08-23T00:00:00.000Z,Casual-Threes_Silver_Ability_BoomJump,151,80,19
2026-08-23T00:00:00.000Z,Seasonal_Gold_Style_Twin2,49,31,19
2026-08-23T00:00:00.000Z,Casual-Threes_Silver_Style_Kumo,39,14,9
2026-08-23T00:00:00.000Z,Casual-Threes_Silver_Style_Tetsuro,29,8,1
2026-08-23T00:00:00.000Z,Sixes_Gold_Ability_FourthTouch,12,9,3
2026-08-23T00:00:00.000Z,Sixes_Silver_Style_TimeskipShoyo3,35,25,2
2026-08-23T00:00:00.000Z,Casual-Twos_Silver_Style_Tadashi,36,9,4
2026-08-23T00:00:00.000Z,Threes_Bronze_Style_Encho,323,160,62
2026-08-23T00:00:00.000Z,OnesMini_Gold_Style_Yogan2,170,99,99
2026-08-23T00:00:00.000Z,Fours_Silver_Style_Kenma,78,24,0
2026-08-23T00:00:00.000Z,Threes_Silver_Style_Yogan,272,132,36
2026-08-23T00:00:00.000Z,Twos_Gold_Style_Mikage3,165,86,57
2026-08-23T00:00:00.000Z,Seasonal_Gold_Style_Mikage,65,41,19
2026-08-23T00:00:00.000Z,OnesMini_Gold_Ability_RollingThunder,29,18,18
2026-08-23T00:00:00.000Z,Casual-Twos_Silver_Style_Kazana2,570,303,122
2026-08-23T00:00:00.000Z,Casual-Ones_Silver_Style_Daichi,82,21,21
2026-08-23T00:00:00.000Z,Ones_Gold_Style_Jester2,255,135,135
2026-08-23T00:00:00.000Z,Fours_Bronze_Ability_DivineStrength,150,42,6
2026-08-23T00:00:00.000Z,Ones_Gold_Style_Lev,10,6,6
2026-08-23T00:00:00.000Z,Fours_Bronze_Ability_TeamSpirit,59,16,2
2026-08-23T00:00:00.000Z,Twos_Pro_Style_Mikage4,45,29,21
2026-08-23T00:00:00.000Z,OnesMini_Silver_Style_TeamCaptain2,101,48,48
2026-08-23T00:00:00.000Z,Threes_Silver_Style_Koshi,122,30,2
2026-08-23T00:00:00.000Z,OnesMini_Gold_Style_Twin2_3,34,22,22
2026-08-23T00:00:00.000Z,OnesMini_Gold_Style_Twin1_2,136,79,79
2026-08-23T00:00:00.000Z,Twos_Diamond_Ability_Moonball,16,5,2
2026-08-23T00:00:00.000Z,Ones_Silver_Style_TimeskipTobio3,42,24,24
2026-08-23T00:00:00.000Z,Casual-Twos_Silver_Style_Koshi,38,13,7
2026-08-23T00:00:00.000Z,Casual-Ones_Silver_Style_Hakka,91,55,55
2026-08-23T00:00:00.000Z,Sixes_Gold_Style_Mikage2,5,4,1
2026-08-23T00:00:00.000Z,Threes_Bronze_Style_Encho2,240,112,36
2026-08-23T00:00:00.000Z,OnesMini_Gold_Style_Jester3,21,14,14
2026-08-23T00:00:00.000Z,Fours_Bronze_Style_Twin2_4,6,3,1
2026-08-23T00:00:00.000Z,Fours_Silver_Style_Koshi,19,6,0
2026-08-23T00:00:00.000Z,Ones_Gold_Style_Hidari,36,25,25
2026-08-23T00:00:00.000Z,Fours_Bronze_Style_Kijo,117,57,18
2026-08-23T00:00:00.000Z,Seasonal_Gold_Style_Hajime,16,7,6
2026-08-23T00:00:00.000Z,Twos_Pro_Style_Jester3,47,22,9
2026-08-23T00:00:00.000Z,OnesMini_Diamond_Style_Kumo,83,51,51
2026-08-23T00:00:00.000Z,Seasonal_Gold_Style_TimeskipShoyo,80,46,25
2026-08-23T00:00:00.000Z,Twos_Pro_Style_Toru,2,2,1
2026-08-23T00:00:00.000Z,Threes_Diamond_Style_Jester2,21,13,3
2026-08-23T00:00:00.000Z,Sixes_Silver_Style_Jester2,13,4,0
2026-08-23T00:00:00.000Z,Twos_Pro_Style_Yogan2,63,27,15
2026-08-23T00:00:00.000Z,Threes_Pro_Style_Roketto,3,2,0
2026-08-23T00:00:00.000Z,Casual-Ones_Silver_Style_Shoyo,61,14,14
2026-08-23T00:00:00.000Z,Sixes_Silver_Style_Ryunosuke,4,2,0
2026-08-23T00:00:00.000Z,Twos_Diamond_Style_Mikage3,16,7,4
2026-08-23T00:00:00.000Z,Casual-Ones_Silver_Style_Twin1_4,19,8,8
2026-08-23T00:00:00.000Z,Fours_Gold_Style_Twin1,5,4,2
2026-08-23T00:00:00.000Z,OnesMini_Gold_Style_TimeskipToru,5,5,5
2026-08-23T00:00:00.000Z,Duel_Silver_Style_Twin1,25,11,11
2026-08-23T00:00:00.000Z,Sixes_Silver_Style_Taketora,2,0,0
2026-08-23T00:00:00.000Z,Casual-Fours_Silver_Style_Samurai,1,0,0
2026-08-23T00:00:00.000Z,OnesMini_Gold_Style_Yogan,40,25,25
2026-08-23T00:00:00.000Z,Casual-Threes_Silver_Style_Yu,13,4,0
2026-08-23T00:00:00.000Z,Ones_Gold_Style_Twin1_3,2,1,1
2026-08-23T00:00:00.000Z,Casual-Fours_Silver_Style_Daichi,2,1,0
2026-08-23T00:00:00.000Z,Casual-Fours_Silver_Ability_FourthTouch,4,2,1
2026-08-23T00:00:00.000Z,Sixes_Diamond_Ability_ShieldBreaker,14,12,0
2026-08-23T00:00:00.000Z,Sixes_Silver_Style_TeamCaptain4,6,2,1
2026-08-23T00:00:00.000Z,Fours_Gold_Style_Kei,1,1,0
2026-08-23T00:00:00.000Z,Sixes_Diamond_Ability_MagneticPull,4,2,2
2026-08-23T00:00:00.000Z,OnesMini_Gold_Style_Toru,24,15,15
2026-08-23T00:00:00.000Z,Casual-Fours_Silver_Ability_BoomJump,1,1,0
2026-08-23T00:00:00.000Z,Twos_Pro_Style_Yogan,4,2,0
2026-08-23T00:00:00.000Z,Sixes_Bronze_Style_Hirugami,7,0,0
2026-08-23T00:00:00.000Z,Seasonal_Pro_Style_TimeskipShoyo3,22,15,4
2026-08-23T00:00:00.000Z,Twos_Legend_Ability_BoomJump,37,25,12
2026-08-23T00:00:00.000Z,Twos_Pro_Style_TimeskipToru2,4,1,1
2026-08-23T00:00:00.000Z,Fours_Diamond_Style_Jester,6,5,3
2026-08-23T00:00:00.000Z,Ones_Gold_Style_Tobio,5,3,3
2026-08-23T00:00:00.000Z,OnesMini_Diamond_Style_Roketto,20,13,13
2026-08-23T00:00:00.000Z,Ones_Gold_Style_Ryunosuke,3,3,3
2026-08-23T00:00:00.000Z,Twos_Pro_Style_Twin2_3,3,0,0
2026-08-23T00:00:00.000Z,Threes_Diamond_Style_Jester,35,25,6
2026-08-23T00:00:00.000Z,Fours_Gold_Style_Jester2,16,8,1
2026-08-23T00:00:00.000Z,Threes_Diamond_Style_Hidari,5,3,1
2026-08-23T00:00:00.000Z,OnesMini_Bronze_Style_TimeskipTobio3,3,1,1
2026-08-23T00:00:00.000Z,Seasonal_Legend_Style_Twin1,4,2,0
2026-08-23T00:00:00.000Z,Seasonal_Legend_Ability_LeadFeet,8,6,5
2026-08-23T00:00:00.000Z,Seasonal_Pro_Style_Jester2,13,7,7
2026-08-23T00:00:00.000Z,Seasonal_Pro_Style_Jester,1,1,0
2026-08-23T00:00:00.000Z,Fours_Pro_Style_Kurai2,2,2,0
2026-08-23T00:00:00.000Z,Twos_Master_Ability_LeadFeet,3,2,2
2026-08-23T00:00:00.000Z,Seasonal_Diamond_Style_Kotaru,3,3,3
2026-08-23T00:00:00.000Z,Ones_Pro_Ability_BoomJump,1,0,0
2026-08-23T00:00:00.000Z,Ones_Pro_Style_Kurai2,1,0,0
2026-08-23T00:00:00.000Z,Twos_Pro_Style_Tadashi,1,1,0
2026-08-23T00:00:00.000Z,Twos_Silver_Ability_ShieldBreaker,96553,52192,27615
2026-08-23T00:00:00.000Z,OnesMini_Silver_Style_Rintaro,32565,16820,16820
2026-08-23T00:00:00.000Z,Twos_Silver_Style_Hidari3,27447,13912,6846
2026-08-23T00:00:00.000Z,Ones_Gold_Style_Rintaro,4450,2439,2439
2026-08-23T00:00:00.000Z,Seasonal_Bronze_Ability_ShieldBreaker,15864,7658,3957
2026-08-23T00:00:00.000Z,Twos_Legend_Ability_ShieldBreaker,446,332,152
2026-08-23T00:00:00.000Z,Twos_Diamond_Style_TimeskipShoyo3,2649,1464,726
2026-08-23T00:00:00.000Z,Duel_Silver_Ability_Moonball,1446,621,621
2026-08-23T00:00:00.000Z,Twos_Bronze_Style_Kijo,4540,2348,1258
2026-08-23T00:00:00.000Z,OnesMini_Bronze_Style_Yogan2,174,102,102
2026-08-23T00:00:00.000Z,OnesMini_Bronze_Style_Tetsuro,880,307,307
2026-08-23T00:00:00.000Z,Seasonal_Silver_Style_Kijo,8421,4995,2991
2026-08-23T00:00:00.000Z,Seasonal_Bronze_Style_Hidari3,8854,4074,2037
2026-08-23T00:00:00.000Z,Twos_Silver_Style_Feiko2,2972,1546,777
2026-08-23T00:00:00.000Z,OnesMini_Bronze_Style_Kotaru,3712,1652,1652
2026-08-23T00:00:00.000Z,Twos_Silver_Style_TimeskipTobio3,2423,1177,555
2026-08-23T00:00:00.000Z,Duel_Silver_Style_Encho,226,130,130
2026-08-23T00:00:00.000Z,Twos_Silver_Style_Kurai,11013,5974,3311
2026-08-23T00:00:00.000Z,Twos_Bronze_Ability_ZeroGravitySet,12122,3674,1472
2026-08-23T00:00:00.000Z,Ones_Gold_Style_Taketora,20,9,9
2026-08-23T00:00:00.000Z,Ones_Bronze_Ability_LeadFeet,2868,1747,1747
2026-08-23T00:00:00.000Z,Seasonal_Silver_Ability_RedirectionJump,12496,6253,3236
2026-08-23T00:00:00.000Z,OnesMini_Silver_Style_Kimiro,1966,727,727
2026-08-23T00:00:00.000Z,OnesMini_Silver_Ability_SteelBlock,8946,3572,3572
2026-08-23T00:00:00.000Z,Twos_Silver_Style_Kazana2,3536,1823,891
2026-08-23T00:00:00.000Z,Casual-Ones_Silver_Style_Hidari3,982,547,547
2026-08-23T00:00:00.000Z,Casual-Ones_Silver_Style_Kurai,365,199,199
2026-08-23T00:00:00.000Z,Casual-Ones_Silver_Ability_ShieldBreaker,2974,1697,1697
2026-08-23T00:00:00.000Z,Casual-Ones_Silver_Style_TimeskipShoyo4,1087,612,612
2026-08-23T00:00:00.000Z,Ones_Bronze_Style_Kijo,795,490,490
2026-08-23T00:00:00.000Z,Threes_Silver_Style_TimeskipShoyo2,3102,1925,563
2026-08-23T00:00:00.000Z,Twos_Bronze_Style_Hidari,918,425,214
2026-08-23T00:00:00.000Z,Seasonal_Bronze_Style_Kotaru,6114,2110,724
2026-08-23T00:00:00.000Z,OnesMini_Silver_Style_Encho2,2268,1497,1497
2026-08-23T00:00:00.000Z,Ones_Silver_Style_Yogan2,935,507,507
2026-08-23T00:00:00.000Z,Seasonal_Silver_Style_Jester,2856,1596,841
2026-08-23T00:00:00.000Z,OnesMini_Bronze_Style_Tadashi,195,52,52
2026-08-23T00:00:00.000Z,Ones_Bronze_Ability_Moonball,2473,927,927
2026-08-23T00:00:00.000Z,Casual-Twos_Silver_Style_Kurai2,2117,1101,603
2026-08-23T00:00:00.000Z,Seasonal_Gold_Ability_ShieldBreaker,6527,4010,2137
2026-08-23T00:00:00.000Z,Seasonal_Gold_Style_Kumo,409,245,127
2026-08-23T00:00:00.000Z,Fours_Silver_Style_Mikage4,967,499,175
2026-08-23T00:00:00.000Z,Fours_Silver_Style_Toru,172,59,13
2026-08-23T00:00:00.000Z,Threes_Silver_Style_Hirugami,999,396,75
2026-08-23T00:00:00.000Z,Duel_Silver_Style_Wakatoshi,1527,705,705
2026-08-23T00:00:00.000Z,OnesMini_Gold_Style_Kurai2,331,174,174
2026-08-23T00:00:00.000Z,Twos_Silver_Style_Koshi,475,117,45
2026-08-23T00:00:00.000Z,Threes_Diamond_Style_TimeskipTobio2,258,186,137
2026-08-23T00:00:00.000Z,OnesMini_Silver_Style_Morisuke,934,238,238
2026-08-23T00:00:00.000Z,Twos_Silver_Style_Shinsuke,373,89,39
2026-08-23T00:00:00.000Z,Ones_Silver_Style_Hakka,513,254,254
2026-08-23T00:00:00.000Z,Seasonal_Silver_Style_Twin2_2,462,276,178
2026-08-23T00:00:00.000Z,Seasonal_Diamond_Ability_FourthTouch,250,157,87
2026-08-23T00:00:00.000Z,Seasonal_Gold_Style_Hidari3,2034,1138,659
2026-08-23T00:00:00.000Z,Seasonal_Gold_Ability_CurveSpike,1073,583,329
2026-08-23T00:00:00.000Z,Seasonal_Silver_Style_Lev,419,122,43
2026-08-23T00:00:00.000Z,Casual-Ones_Silver_Style_Hirugami,164,46,46
2026-08-23T00:00:00.000Z,Casual-Ones_Silver_Style_TimeskipTobio3,5,0,0
2026-08-23T00:00:00.000Z,Threes_Silver_Style_TimeskipToru2,631,324,159
2026-08-23T00:00:00.000Z,Ones_Silver_Style_Tetsuro,914,241,241
2026-08-23T00:00:00.000Z,Seasonal_Bronze_Style_TimeskipShoyo4,2672,1317,735
2026-08-23T00:00:00.000Z,OnesMini_Bronze_Style_Asahi,840,280,280
2026-08-23T00:00:00.000Z,Ones_Bronze_Style_Tobio,1808,642,642
2026-08-23T00:00:00.000Z,Twos_Bronze_Style_Lev,551,124,55
2026-08-23T00:00:00.000Z,Fours_Silver_Style_Hakka,83,39,15
2026-08-23T00:00:00.000Z,Fours_Silver_Style_Yogan2,231,116,22
2026-08-23T00:00:00.000Z,Seasonal_Gold_Style_Roketto,322,174,72
2026-08-23T00:00:00.000Z,OnesMini_Silver_Style_Twin2_4,774,467,467
2026-08-23T00:00:00.000Z,Twos_Silver_Style_Kenma,1219,301,99
2026-08-23T00:00:00.000Z,Threes_Bronze_Style_Jester,394,167,46
2026-08-23T00:00:00.000Z,Seasonal_Bronze_Style_Kazana2,430,209,110
2026-08-23T00:00:00.000Z,Casual-Threes_Silver_Ability_ShieldBreaker,677,385,148
2026-08-23T00:00:00.000Z,Fours_Silver_Style_Mikage,115,78,14
2026-08-23T00:00:00.000Z,Twos_Gold_Style_TeamCaptain4,150,63,28
2026-08-23T00:00:00.000Z,Threes_Gold_Style_Riku,302,179,76
2026-08-23T00:00:00.000Z,Fours_Bronze_Ability_SteelBlock,530,150,24
2026-08-23T00:00:00.000Z,Ones_Diamond_Style_Kijo2,33,15,15
2026-08-23T00:00:00.000Z,Threes_Diamond_Style_Mikage3,11,4,2
2026-08-23T00:00:00.000Z,Casual-Ones_Silver_Style_Kazana2,83,44,44
2026-08-23T00:00:00.000Z,Casual-Threes_Silver_Style_TimeskipShoyo4,192,125,42
2026-08-23T00:00:00.000Z,Sixes_Silver_Style_Mikage3,16,7,1
2026-08-23T00:00:00.000Z,Sixes_Silver_Ability_LeadFeet,128,76,13
2026-08-23T00:00:00.000Z,Sixes_Silver_Style_Kijo,14,6,0
2026-08-23T00:00:00.000Z,Fours_Gold_Style_TimeskipTobio,63,50,34
2026-08-23T00:00:00.000Z,Twos_Diamond_Style_Twin1,125,82,50
2026-08-23T00:00:00.000Z,Seasonal_Bronze_Style_Koshi,121,24,3
2026-08-23T00:00:00.000Z,Casual-Twos_Silver_Style_Shinsuke,45,9,3
2026-08-23T00:00:00.000Z,Duel_Silver_Style_Tobio,878,389,389
2026-08-23T00:00:00.000Z,Twos_Pro_Ability_MagneticPull,126,49,25
2026-08-23T00:00:00.000Z,OnesMini_Bronze_Style_Hakka,94,49,49
2026-08-23T00:00:00.000Z,Sixes_Gold_Ability_ShieldBreaker,47,34,2
2026-08-23T00:00:00.000Z,Threes_Bronze_Style_Ibara,132,60,15
2026-08-23T00:00:00.000Z,Twos_Pro_Style_Kurai2,73,32,19
2026-08-23T00:00:00.000Z,Ones_Bronze_Style_Twin2_2,25,12,12
2026-08-23T00:00:00.000Z,Fours_Bronze_Style_Kimiro,230,64,18
2026-08-23T00:00:00.000Z,Sixes_Bronze_Ability_ShieldBreaker,17,2,1
2026-08-23T00:00:00.000Z,Threes_Gold_Style_Hidari,119,63,16
2026-08-23T00:00:00.000Z,Twos_Legend_Style_Kurai,9,7,1
2026-08-23T00:00:00.000Z,Casual-Threes_Silver_Style_Feiko2,70,45,20
2026-08-23T00:00:00.000Z,Casual-Ones_Silver_Style_Kenma,49,11,11
2026-08-23T00:00:00.000Z,Ones_Diamond_Style_Encho2,121,72,72
2026-08-23T00:00:00.000Z,Ones_Silver_Style_Twin1_4,143,71,71
2026-08-23T00:00:00.000Z,Threes_Gold_Style_Twin2_2,29,19,8
2026-08-23T00:00:00.000Z,Threes_Silver_Style_Shoyo,190,48,10
2026-08-23T00:00:00.000Z,OnesMini_Diamond_Style_TimeskipShoyo4,46,32,32
2026-08-23T00:00:00.000Z,Casual-Ones_Silver_Style_Shinsuke,32,9,9
2026-08-23T00:00:00.000Z,Ones_Bronze_Style_TimeskipToru3,15,6,6
2026-08-23T00:00:00.000Z,Threes_Bronze_Style_Lev,100,25,5
2026-08-23T00:00:00.000Z,Casual-Twos_Silver_Style_Mikage2,117,66,46
2026-08-23T00:00:00.000Z,Twos_Legend_Style_TimeskipShoyo,22,16,8
2026-08-23T00:00:00.000Z,Ones_Bronze_Style_Mikage3,78,46,46
2026-08-23T00:00:00.000Z,Fours_Diamond_Style_TimeskipTobio,14,10,2
2026-08-23T00:00:00.000Z,Seasonal_Pro_Style_Kijo,25,14,11
2026-08-23T00:00:00.000Z,Twos_Legend_Style_Kazana2,4,2,1
2026-08-23T00:00:00.000Z,Ones_Diamond_Style_Jester2,12,6,6
2026-08-23T00:00:00.000Z,Ones_Gold_Style_TeamCaptain4,14,7,7
2026-08-23T00:00:00.000Z,Fours_Silver_Style_Twin1_4,87,37,13
2026-08-23T00:00:00.000Z,Sixes_Silver_Ability_Moonball,14,1,0
2026-08-23T00:00:00.000Z,Fours_Silver_Style_Yu,60,21,5
2026-08-23T00:00:00.000Z,Seasonal_Gold_Style_TeamCaptain3,88,44,29
2026-08-23T00:00:00.000Z,Threes_Gold_Style_Ohira,5,2,1
2026-08-23T00:00:00.000Z,Duel_Silver_Style_Twin2_2,25,12,12
2026-08-23T00:00:00.000Z,Casual-Ones_Silver_Style_TimeskipShoyo,33,26,26
2026-08-23T00:00:00.000Z,Seasonal_Pro_Ability_LeadFeet,228,161,123
2026-08-23T00:00:00.000Z,Fours_Gold_Style_Mikage3,15,13,3
2026-08-23T00:00:00.000Z,Seasonal_Gold_Style_Hakka2,51,27,16
2026-08-23T00:00:00.000Z,Seasonal_Diamond_Style_Yogan2,62,41,13
2026-08-23T00:00:00.000Z,Threes_Pro_Style_TimeskipShoyo,8,6,1
2026-08-23T00:00:00.000Z,Sixes_Silver_Style_Tobio,11,2,0
2026-08-23T00:00:00.000Z,Sixes_Silver_Style_Encho,9,3,1
2026-08-23T00:00:00.000Z,Threes_Pro_Ability_BoomJump,29,24,3
2026-08-23T00:00:00.000Z,Sixes_Silver_Ability_TeamSpirit,13,9,3
2026-08-23T00:00:00.000Z,Sixes_Diamond_Ability_FourthTouch,8,6,0
2026-08-23T00:00:00.000Z,Fours_Gold_Style_TimeskipToru3,2,2,1
2026-08-23T00:00:00.000Z,Fours_Silver_Style_TimeskipToru,18,6,2
2026-08-23T00:00:00.000Z,Threes_Pro_Style_Samurai,4,4,0
2026-08-23T00:00:00.000Z,Sixes_Bronze_Style_Roketto,4,2,1
2026-08-23T00:00:00.000Z,Casual-Fours_Silver_Ability_MagneticPull,20,10,5
2026-08-23T00:00:00.000Z,Fours_Silver_Style_Tadashi,18,2,0
2026-08-23T00:00:00.000Z,Fours_Gold_Ability_Moonball,12,11,7
2026-08-23T00:00:00.000Z,Casual-Threes_Silver_Style_TimeskipShoyo,12,7,3
2026-08-23T00:00:00.000Z,Threes_Gold_Ability_ZeroGravitySet,29,18,8
2026-08-23T00:00:00.000Z,Seasonal_Diamond_Style_TimeskipToru,3,1,0
2026-08-23T00:00:00.000Z,OnesMini_Bronze_Style_Twin2_3,36,22,22
2026-08-23T00:00:00.000Z,Sixes_Bronze_Ability_CurveSpike,11,0,0
2026-08-23T00:00:00.000Z,Seasonal_Pro_Style_Mikage3,6,4,2
2026-08-23T00:00:00.000Z,Ones_Diamond_Style_Kazana3,41,28,28
2026-08-23T00:00:00.000Z,Seasonal_Gold_Ability_RollingThunder,121,68,36
2026-08-23T00:00:00.000Z,Fours_Bronze_Style_TeamCaptain2,43,14,5
2026-08-23T00:00:00.000Z,Casual-Fours_Silver_Style_Kotaru,2,0,0
2026-08-23T00:00:00.000Z,Fours_Diamond_Style_Mikage3,6,4,1
2026-08-23T00:00:00.000Z,Fours_Silver_Style_Twin2_3,21,10,2
2026-08-23T00:00:00.000Z,OnesMini_Bronze_Style_Kazana,20,4,4
2026-08-23T00:00:00.000Z,Fours_Pro_Ability_FourthTouch,1,1,1
2026-08-23T00:00:00.000Z,Seasonal_Pro_Style_Encho,33,21,14
2026-08-23T00:00:00.000Z,Casual-Fours_Silver_Style_Tetsuro,2,1,0
2026-08-23T00:00:00.000Z,Ones_Diamond_Ability_TeamSpirit,18,14,14
2026-08-23T00:00:00.000Z,Sixes_Gold_Style_TimeskipTobio3,1,0,0
2026-08-23T00:00:00.000Z,OnesMini_Diamond_Ability_BoomJump,27,16,16
2026-08-23T00:00:00.000Z,Sixes_Bronze_Style_Hidari3,3,0,0
2026-08-23T00:00:00.000Z,Twos_Diamond_Style_TeamCaptain,7,2,2
2026-08-23T00:00:00.000Z,Twos_Pro_Style_Feiko,8,1,1
2026-08-23T00:00:00.000Z,Seasonal_Pro_Style_Twin2_2,3,3,1
2026-08-23T00:00:00.000Z,Threes_Gold_Style_Lev,3,2,2
2026-08-23T00:00:00.000Z,Fours_Diamond_Style_Tobio,1,0,0
2026-08-23T00:00:00.000Z,Fours_Diamond_Style_Kijo,3,2,0
2026-08-23T00:00:00.000Z,Seasonal_Diamond_Style_Twin2_3,18,12,4
2026-08-23T00:00:00.000Z,Seasonal_Diamond_Style_Mikage,2,1,1
2026-08-23T00:00:00.000Z,Threes_Pro_Style_TimeskipToru,1,1,1
2026-08-23T00:00:00.000Z,Fours_Gold_Style_Tobio,1,1,0
2026-08-23T00:00:00.000Z,Ones_Pro_Ability_MagneticPull,1,0,0
2026-08-23T00:00:00.000Z,Ones_Diamond_Style_Hidari2,3,0,0
2026-08-23T00:00:00.000Z,OnesMini_Diamond_Style_Jester3,1,1,1
2026-08-23T00:00:00.000Z,OnesMini_Diamond_Style_TimeskipToru,2,1,1
2026-08-23T00:00:00.000Z,Threes_Diamond_Style_TeamCaptain,6,4,1
2026-08-23T00:00:00.000Z,Fours_Pro_Style_Hakka,1,0,0
2026-08-23T00:00:00.000Z,Seasonal_Diamond_Style_Hajime,1,1,1
2026-08-23T00:00:00.000Z,Threes_Pro_Style_Feiko2,5,5,3
2026-08-23T00:00:00.000Z,Threes_Pro_Style_Mikage4,1,0,0
2026-08-23T00:00:00.000Z,Ones_Silver_Ability_ZeroGravitySet,6301,2133,2133
2026-08-23T00:00:00.000Z,Seasonal_Silver_Ability_MagneticPull,57726,30758,16281
2026-08-23T00:00:00.000Z,OnesMini_Silver_Ability_CurveSpike,12092,5586,5586
2026-08-23T00:00:00.000Z,Twos_Pro_Ability_LeadFeet,1665,799,433
2026-08-23T00:00:00.000Z,Twos_Bronze_Ability_MagneticPull,47214,22834,11763
2026-08-23T00:00:00.000Z,Casual-Twos_Silver_Ability_SteelBlock,2772,963,452
2026-08-23T00:00:00.000Z,Seasonal_Bronze_Style_Tobio,3741,1291,471
2026-08-23T00:00:00.000Z,Seasonal_Silver_Ability_FourthTouch,17279,8821,4235
2026-08-23T00:00:00.000Z,Fours_Bronze_Style_Kurai,82,31,4
2026-08-23T00:00:00.000Z,Seasonal_Silver_Style_Kumo,3106,1767,942
2026-08-23T00:00:00.000Z,Twos_Bronze_Ability_FourthTouch,15374,6985,3447
2026-08-23T00:00:00.000Z,Threes_Silver_Ability_SteelBlock,8743,3521,997
2026-08-23T00:00:00.000Z,Threes_Silver_Ability_Moonball,2237,760,175
2026-08-23T00:00:00.000Z,OnesMini_Silver_Style_TimeskipShoyo4,2014,1166,1166
2026-08-23T00:00:00.000Z,Threes_Gold_Ability_ShieldBreaker,4637,2865,1017
2026-08-23T00:00:00.000Z,OnesMini_Silver_Ability_BoomJump,5978,2561,2561
2026-08-23T00:00:00.000Z,Threes_Bronze_Style_Hidari3,2010,819,227
2026-08-23T00:00:00.000Z,Threes_Bronze_Ability_CurveSpike,3864,1377,374
2026-08-23T00:00:00.000Z,Twos_Pro_Style_Jester2,91,50,25
2026-08-23T00:00:00.000Z,Seasonal_Silver_Style_Toru,2671,841,258
2026-08-23T00:00:00.000Z,Seasonal_Gold_Style_Kijo2,569,314,181
2026-08-23T00:00:00.000Z,Twos_Bronze_Style_Koshi,354,83,32
2026-08-23T00:00:00.000Z,Duel_Silver_Style_Jester3,503,242,242
2026-08-23T00:00:00.000Z,Twos_Diamond_Ability_BoomJump,1287,724,343
2026-08-23T00:00:00.000Z,Casual-Ones_Silver_Ability_RedirectionJump,1533,742,742
2026-08-23T00:00:00.000Z,OnesMini_Bronze_Ability_SteelBlock,5210,2210,2210
2026-08-23T00:00:00.000Z,Threes_Silver_Style_TeamCaptain4,1078,541,252
2026-08-23T00:00:00.000Z,Twos_Gold_Style_Feiko,569,287,138
2026-08-23T00:00:00.000Z,Ones_Silver_Style_Riku,1782,976,976
2026-08-23T00:00:00.000Z,Twos_Bronze_Style_Yogan2,1453,626,283
2026-08-23T00:00:00.000Z,Ones_Silver_Style_Encho2,1758,1093,1093
2026-08-23T00:00:00.000Z,Ones_Silver_Style_Morisuke,1027,243,243
2026-08-23T00:00:00.000Z,OnesMini_Bronze_Style_Morisuke,942,298,298
2026-08-23T00:00:00.000Z,Seasonal_Silver_Style_Hakka,1100,589,361
2026-08-23T00:00:00.000Z,Casual-Twos_Silver_Style_TimeskipToru3,38,19,8
2026-08-23T00:00:00.000Z,Duel_Silver_Style_Kurai2,440,246,246
2026-08-23T00:00:00.000Z,Fours_Bronze_Ability_ShieldBreaker,764,312,79
2026-08-23T00:00:00.000Z,Fours_Silver_Style_Kijo,432,232,43
2026-08-23T00:00:00.000Z,Fours_Silver_Ability_RedirectionJump,948,477,106
2026-08-23T00:00:00.000Z,Twos_Bronze_Style_Hakka,1036,465,299
2026-08-23T00:00:00.000Z,Threes_Gold_Ability_MagneticPull,2835,1629,631
2026-08-23T00:00:00.000Z,Seasonal_Silver_Style_Daichi,827,231,59
2026-08-23T00:00:00.000Z,Ones_Silver_Style_Jester,1280,670,670
2026-08-23T00:00:00.000Z,Threes_Bronze_Style_Kazana2,399,168,47
2026-08-23T00:00:00.000Z,Duel_Silver_Style_Tetsuro,495,187,187
2026-08-23T00:00:00.000Z,Twos_Gold_Style_Jester3,1564,832,410
2026-08-23T00:00:00.000Z,Seasonal_Diamond_Style_Kijo,287,177,106
2026-08-23T00:00:00.000Z,Ones_Bronze_Style_Kurai2,455,300,300
2026-08-23T00:00:00.000Z,Seasonal_Silver_Style_Asahi,1154,341,92
2026-08-23T00:00:00.000Z,Twos_Pro_Style_TimeskipShoyo3,491,245,121
2026-08-23T00:00:00.000Z,Fours_Silver_Style_Tobio,300,89,15
2026-08-23T00:00:00.000Z,Casual-Twos_Silver_Style_Ryunosuke,60,19,5
2026-08-23T00:00:00.000Z,Ones_Bronze_Style_Jester3,646,338,338
2026-08-23T00:00:00.000Z,Threes_Bronze_Style_Twin1_4,307,123,56
2026-08-23T00:00:00.000Z,Seasonal_Silver_Style_Kazana,428,247,108
2026-08-23T00:00:00.000Z,Threes_Silver_Style_Mikage3,559,307,138
2026-08-23T00:00:00.000Z,Twos_Bronze_Style_Kumo,1230,585,317
2026-08-23T00:00:00.000Z,Twos_Gold_Style_Tetsuro,58,30,20
2026-08-23T00:00:00.000Z,Twos_Diamond_Style_Jester3,274,145,74
2026-08-23T00:00:00.000Z,Fours_Silver_Style_Taketora,46,13,1
2026-08-23T00:00:00.000Z,Threes_Silver_Style_Morisuke,626,152,29
2026-08-23T00:00:00.000Z,Ones_Silver_Style_TeamCaptain4,277,133,133
2026-08-23T00:00:00.000Z,OnesMini_Gold_Style_Encho,951,567,567
2026-08-23T00:00:00.000Z,Duel_Silver_Style_Twin1_4,60,34,34
2026-08-23T00:00:00.000Z,Threes_Gold_Style_Feiko2,231,131,71
2026-08-23T00:00:00.000Z,Threes_Bronze_Style_Kurai2,846,412,145
2026-08-23T00:00:00.000Z,Seasonal_Silver_Style_Shoyo,346,100,34
2026-08-23T00:00:00.000Z,Ones_Gold_Style_Mikage2,39,21,21
2026-08-23T00:00:00.000Z,Ones_Bronze_Style_Yu,352,72,72
2026-08-23T00:00:00.000Z,Twos_Pro_Style_Encho,113,60,36
2026-08-23T00:00:00.000Z,Casual-Threes_Silver_Style_TimeskipTobio2,54,36,24
2026-08-23T00:00:00.000Z,Casual-Twos_Silver_Style_TeamCaptain,117,50,26
2026-08-23T00:00:00.000Z,Ones_Diamond_Style_TimeskipShoyo2,81,42,42
2026-08-23T00:00:00.000Z,OnesMini_Gold_Style_Wakatoshi,35,23,23
2026-08-23T00:00:00.000Z,OnesMini_Bronze_Style_Encho2,339,240,240
2026-08-23T00:00:00.000Z,Seasonal_Silver_Style_Twin2,416,238,136
2026-08-23T00:00:00.000Z,Casual-Threes_Silver_Style_Kazana3,64,35,12
2026-08-23T00:00:00.000Z,Casual-Threes_Silver_Style_Tobio,103,38,5
2026-08-23T00:00:00.000Z,Ones_Bronze_Style_Feiko,143,75,75
2026-08-23T00:00:00.000Z,Threes_Diamond_Style_TimeskipShoyo2,304,215,31
2026-08-23T00:00:00.000Z,Seasonal_Gold_Style_Twin1_3,59,35,17
2026-08-23T00:00:00.000Z,OnesMini_Silver_Style_TimeskipToru,33,18,18
2026-08-23T00:00:00.000Z,Casual-Threes_Silver_Ability_DivineStrength,117,47,21
2026-08-23T00:00:00.000Z,Sixes_Silver_Style_Jester3,7,4,0
2026-08-23T00:00:00.000Z,Threes_Gold_Style_Yogan2,212,132,47
2026-08-23T00:00:00.000Z,Twos_Pro_Style_Kijo,29,12,6
2026-08-23T00:00:00.000Z,Seasonal_Silver_Style_Koshi,212,64,20
2026-08-23T00:00:00.000Z,Threes_Silver_Style_TeamCaptain,594,334,202
2026-08-23T00:00:00.000Z,Seasonal_Gold_Style_Kimiro,163,89,45
2026-08-23T00:00:00.000Z,Threes_Gold_Style_Shoyo,10,7,1
2026-08-23T00:00:00.000Z,Seasonal_Bronze_Style_TimeskipTobio2,144,60,35
2026-08-23T00:00:00.000Z,Twos_Bronze_Style_Kazana,300,140,63
2026-08-23T00:00:00.000Z,Threes_Gold_Style_Roketto,94,50,14
2026-08-23T00:00:00.000Z,Fours_Bronze_Style_Hakka,29,13,4
2026-08-23T00:00:00.000Z,Threes_Gold_Style_Hakka,87,50,38
2026-08-23T00:00:00.000Z,Fours_Bronze_Style_Kumo,52,16,3
2026-08-23T00:00:00.000Z,Threes_Gold_Style_Twin2,34,22,8
2026-08-23T00:00:00.000Z,Twos_Diamond_Style_Feiko,33,20,10
2026-08-23T00:00:00.000Z,Twos_Legend_Ability_DivineStrength,14,11,5
2026-08-23T00:00:00.000Z,OnesMini_Silver_Style_Yogan,144,84,84
2026-08-23T00:00:00.000Z,Seasonal_Gold_Ability_Moonball,95,54,24
2026-08-23T00:00:00.000Z,Duel_Silver_Style_Hakka2,30,16,16
2026-08-23T00:00:00.000Z,Threes_Gold_Style_Hirugami,44,26,9
2026-08-23T00:00:00.000Z,Fours_Bronze_Ability_RollingThunder,93,23,5
2026-08-23T00:00:00.000Z,OnesMini_Gold_Style_Twin2_2,96,49,49
2026-08-23T00:00:00.000Z,Sixes_Silver_Style_Kurai2,9,5,0
2026-08-23T00:00:00.000Z,Seasonal_Diamond_Style_Wakatoshi,12,10,7
2026-08-23T00:00:00.000Z,Seasonal_Gold_Style_Ohira,11,6,3
2026-08-23T00:00:00.000Z,Threes_Silver_Style_Ryunosuke,104,20,7
2026-08-23T00:00:00.000Z,Threes_Bronze_Style_TimeskipShoyo,73,35,8
2026-08-23T00:00:00.000Z,Ones_Bronze_Style_Twin1_4,25,11,11
2026-08-23T00:00:00.000Z,Casual-Twos_Silver_Style_Ibara,127,59,30
2026-08-23T00:00:00.000Z,OnesMini_Gold_Style_TimeskipShoyo3,158,88,88
2026-08-23T00:00:00.000Z,OnesMini_Gold_Style_Jester2,43,22,22
2026-08-23T00:00:00.000Z,Twos_Gold_Style_Tadashi,17,8,3
2026-08-23T00:00:00.000Z,Ones_Silver_Style_TimeskipToru3,18,7,7
2026-08-23T00:00:00.000Z,Casual-Threes_Silver_Style_Hidari2,16,12,2
2026-08-23T00:00:00.000Z,Seasonal_Gold_Style_Mikage3,113,62,33
2026-08-23T00:00:00.000Z,Seasonal_Gold_Style_Kei,6,2,1
2026-08-23T00:00:00.000Z,Seasonal_Gold_Style_TimeskipTobio,23,22,17
2026-08-23T00:00:00.000Z,OnesMini_Diamond_Style_Twin2_4,10,3,3
2026-08-23T00:00:00.000Z,Ones_Gold_Style_Yogan2,169,88,88
2026-08-23T00:00:00.000Z,Fours_Bronze_Style_Shinsuke,8,2,0
2026-08-23T00:00:00.000Z,Sixes_Bronze_Style_Lev,1,0,0
2026-08-23T00:00:00.000Z,Fours_Gold_Style_Kurai2,43,30,3
2026-08-23T00:00:00.000Z,Ones_Gold_Style_TimeskipTobio3,9,3,3
2026-08-23T00:00:00.000Z,Sixes_Diamond_Style_TeamCaptain,1,1,0
2026-08-23T00:00:00.000Z,Twos_Pro_Style_Twin2_2,11,3,2
2026-08-23T00:00:00.000Z,Fours_Diamond_Style_Kurai2,11,5,1
2026-08-23T00:00:00.000Z,Fours_Bronze_Style_Koshi,13,2,0
2026-08-23T00:00:00.000Z,Sixes_Silver_Style_Tetsuro,3,0,0
2026-08-23T00:00:00.000Z,Ones_Gold_Style_Hajime,12,7,7
2026-08-23T00:00:00.000Z,Threes_Diamond_Style_Yogan2,23,15,3
2026-08-23T00:00:00.000Z,Casual-Fours_Silver_Ability_ZeroGravitySet,6,1,0
2026-08-23T00:00:00.000Z,Twos_Diamond_Style_Hakka2,38,23,23
2026-08-23T00:00:00.000Z,Ones_Diamond_Style_Hajime,1,0,0
2026-08-23T00:00:00.000Z,Casual-Fours_Silver_Style_TeamCaptain4,2,2,2
2026-08-23T00:00:00.000Z,Seasonal_Diamond_Ability_RedirectionJump,155,92,53
2026-08-23T00:00:00.000Z,Ones_Diamond_Style_Mikage2,3,1,1
2026-08-23T00:00:00.000Z,Seasonal_Pro_Style_Kurai2,11,7,6
2026-08-23T00:00:00.000Z,Sixes_Bronze_Style_Ryunosuke,1,0,0
2026-08-23T00:00:00.000Z,Casual-Fours_Silver_Style_TeamCaptain,1,0,0
2026-08-23T00:00:00.000Z,Threes_Diamond_Style_Twin1_2,9,8,1
2026-08-23T00:00:00.000Z,Threes_Gold_Style_Asahi,5,4,0
2026-08-23T00:00:00.000Z,OnesMini_Gold_Style_TeamCaptain2,6,3,3
2026-08-23T00:00:00.000Z,OnesMini_Diamond_Ability_ZeroGravitySet,5,3,3
2026-08-23T00:00:00.000Z,Ones_Pro_Style_Hidari,1,0,0
2026-08-23T00:00:00.000Z,Ones_Diamond_Ability_RollingThunder,1,0,0
2026-08-23T00:00:00.000Z,Seasonal_Pro_Style_Twin1_4,4,1,0
2026-08-23T00:00:00.000Z,Sixes_Bronze_Style_Ibara,1,0,0
2026-08-23T00:00:00.000Z,Fours_Gold_Style_Twin1_4,6,5,0
2026-08-23T00:00:00.000Z,Ones_Master_Ability_ShieldBreaker,1,1,1
2026-08-23T00:00:00.000Z,Threes_Diamond_Ability_SuperSprint,3,1,1
2026-08-23T00:00:00.000Z,Seasonal_Legend_Style_Twin2,2,1,0
2026-08-23T00:00:00.000Z,Fours_Gold_Style_Jester3,4,3,1
2026-08-23T00:00:00.000Z,Seasonal_Pro_Style_Jester3,1,0,0
2026-08-23T00:00:00.000Z,Ones_Champion_Ability_LeadFeet,1,1,1
2026-08-23T00:00:00.000Z,OnesMini_Pro_Ability_MagneticPull,4,2,2
2026-08-23T00:00:00.000Z,Sixes_Gold_Style_Kazana3,1,1,0
2026-08-23T00:00:00.000Z,Twos_Pro_Style_TeamCaptain2,1,0,0
2026-08-23T00:00:00.000Z,Twos_Legend_Style_TimeskipTobio2,1,1,1
2026-08-23T00:00:00.000Z,Ones_Silver_Style_Kimiro,1791,543,543
2026-08-23T00:00:00.000Z,Seasonal_Bronze_Ability_LeadFeet,8940,4648,2661
2026-08-23T00:00:00.000Z,Twos_Silver_Style_TimeskipShoyo3,15997,9310,5148
2026-08-23T00:00:00.000Z,Twos_Gold_Style_TimeskipShoyo4,11820,6232,3290
2026-08-23T00:00:00.000Z,Twos_Silver_Ability_LeadFeet,59911,34420,19185
2026-08-23T00:00:00.000Z,Twos_Pro_Style_Rintaro,1757,866,422
2026-08-23T00:00:00.000Z,OnesMini_Silver_Style_Kurai2,1386,871,871
2026-08-23T00:00:00.000Z,Twos_Bronze_Style_TimeskipShoyo2,3349,1758,963
2026-08-23T00:00:00.000Z,OnesMini_Silver_Style_Twin1_4,1794,1073,1073
2026-08-23T00:00:00.000Z,OnesMini_Bronze_Ability_Moonball,2404,855,855
2026-08-23T00:00:00.000Z,Twos_Gold_Style_Samurai,1731,899,482
2026-08-23T00:00:00.000Z,Seasonal_Silver_Style_Kurai,6120,3574,2092
2026-08-23T00:00:00.000Z,Twos_Bronze_Style_Kenma,1117,253,105
2026-08-23T00:00:00.000Z,Fours_Gold_Style_TimeskipShoyo4,134,97,8
2026-08-23T00:00:00.000Z,Fours_Bronze_Ability_MagneticPull,835,322,85
2026-08-23T00:00:00.000Z,Twos_Bronze_Style_Kotaru,9683,3179,1234
2026-08-23T00:00:00.000Z,Twos_Gold_Style_Hidari3,5922,3071,1627
2026-08-23T00:00:00.000Z,Ones_Silver_Ability_Moonball,3831,1341,1341
2026-08-23T00:00:00.000Z,Threes_Silver_Style_Kijo2,1278,719,252
2026-08-23T00:00:00.000Z,Ones_Bronze_Ability_CurveSpike,5838,2685,2685
2026-08-23T00:00:00.000Z,Duel_Silver_Ability_CurveSpike,2761,1356,1356
2026-08-23T00:00:00.000Z,Casual-Twos_Silver_Style_Kijo2,1107,575,323
2026-08-23T00:00:00.000Z,Fours_Silver_Style_Twin1,44,20,6
2026-08-23T00:00:00.000Z,Ones_Bronze_Style_TimeskipShoyo4,957,542,542
2026-08-23T00:00:00.000Z,Twos_Diamond_Style_TimeskipShoyo,302,181,96
2026-08-23T00:00:00.000Z,Duel_Silver_Style_Mikage4,1764,1084,1084
2026-08-23T00:00:00.000Z,OnesMini_Bronze_Ability_TeamSpirit,662,231,231
2026-08-23T00:00:00.000Z,Twos_Silver_Style_Twin2_2,970,564,337
2026-08-23T00:00:00.000Z,Seasonal_Gold_Ability_SteelBlock,454,257,150
2026-08-23T00:00:00.000Z,Seasonal_Gold_Style_Riku,982,627,351
2026-08-23T00:00:00.000Z,Seasonal_Silver_Style_Mikage2,756,485,261
2026-08-23T00:00:00.000Z,Casual-Twos_Silver_Ability_ZeroGravitySet,1824,480,181
2026-08-23T00:00:00.000Z,Twos_Bronze_Style_Hajime,653,183,65
2026-08-23T00:00:00.000Z,Ones_Silver_Style_Kijo2,2057,1175,1175
2026-08-23T00:00:00.000Z,Casual-Twos_Silver_Ability_TeamSpirit,394,130,57
2026-08-23T00:00:00.000Z,Twos_Gold_Style_Mikage4,3309,1652,1129
2026-08-23T00:00:00.000Z,Seasonal_Gold_Style_Encho2,893,570,387
2026-08-23T00:00:00.000Z,Ones_Diamond_Ability_MagneticPull,320,189,189
2026-08-23T00:00:00.000Z,Twos_Bronze_Style_Twin1_2,747,353,202
2026-08-23T00:00:00.000Z,Seasonal_Diamond_Ability_LeadFeet,1368,898,530
2026-08-23T00:00:00.000Z,OnesMini_Gold_Style_Rintaro,2007,1059,1059
2026-08-23T00:00:00.000Z,Fours_Silver_Style_Hidari2,52,26,6
2026-08-23T00:00:00.000Z,Seasonal_Silver_Style_Kenma,629,163,30
2026-08-23T00:00:00.000Z,Twos_Bronze_Style_TeamCaptain3,1564,688,366
2026-08-23T00:00:00.000Z,Seasonal_Silver_Style_Twin1_2,783,487,267
2026-08-23T00:00:00.000Z,Casual-Ones_Silver_Style_Wakatoshi,792,230,230
2026-08-23T00:00:00.000Z,Threes_Diamond_Ability_FourthTouch,177,121,60
2026-08-23T00:00:00.000Z,Twos_Diamond_Style_Samurai,160,82,40
2026-08-23T00:00:00.000Z,Twos_Silver_Style_Taketora,1198,298,101
2026-08-23T00:00:00.000Z,Duel_Silver_Style_Hidari3,1468,782,782
2026-08-23T00:00:00.000Z,Duel_Silver_Style_TimeskipShoyo4,962,531,531
2026-08-23T00:00:00.000Z,Threes_Bronze_Ability_BoomJump,1913,664,183
2026-08-23T00:00:00.000Z,Threes_Silver_Style_Kei,318,86,19
2026-08-23T00:00:00.000Z,Ones_Bronze_Style_Samurai,930,582,582
2026-08-23T00:00:00.000Z,OnesMini_Silver_Style_Tetsuro,1151,357,357
2026-08-23T00:00:00.000Z,Ones_Silver_Style_Mikage3,316,192,192
2026-08-23T00:00:00.000Z,Twos_Diamond_Style_Hidari3,836,479,275
2026-08-23T00:00:00.000Z,Threes_Gold_Style_TimeskipShoyo2,1040,688,175
2026-08-23T00:00:00.000Z,Casual-Twos_Silver_Style_Kimiro,1142,349,201
2026-08-23T00:00:00.000Z,OnesMini_Silver_Style_Hakka2,215,109,109
2026-08-23T00:00:00.000Z,OnesMini_Bronze_Style_Kijo2,295,192,192
2026-08-23T00:00:00.000Z,Ones_Silver_Style_Twin2_4,122,60,60
2026-08-23T00:00:00.000Z,OnesMini_Silver_Style_Yu,538,123,123
2026-08-23T00:00:00.000Z,Threes_Bronze_Style_Hakka2,166,69,42
2026-08-23T00:00:00.000Z,Threes_Silver_Style_Twin2_4,288,164,67
2026-08-23T00:00:00.000Z,Ones_Gold_Style_Kumo,325,195,195
2026-08-23T00:00:00.000Z,Threes_Bronze_Style_Jester3,444,176,41
2026-08-23T00:00:00.000Z,Threes_Silver_Ability_TeamSpirit,748,253,58
2026-08-23T00:00:00.000Z,Threes_Silver_Ability_ZeroGravitySet,3412,1088,202
2026-08-23T00:00:00.000Z,Seasonal_Bronze_Style_Taketora,490,129,25
2026-08-23T00:00:00.000Z,Casual-Ones_Silver_Style_Taketora,106,24,24
2026-08-23T00:00:00.000Z,Twos_Gold_Style_TimeskipShoyo,765,440,237
2026-08-23T00:00:00.000Z,Ones_Diamond_Ability_ShieldBreaker,409,250,250
2026-08-23T00:00:00.000Z,Fours_Gold_Style_Yogan,17,12,1
2026-08-23T00:00:00.000Z,Seasonal_Bronze_Style_TimeskipShoyo3,1013,523,290
2026-08-23T00:00:00.000Z,Fours_Bronze_Style_TimeskipShoyo2,130,64,14
2026-08-23T00:00:00.000Z,OnesMini_Bronze_Style_Kei,480,135,135
2026-08-23T00:00:00.000Z,OnesMini_Gold_Style_Twin1,83,51,51
2026-08-23T00:00:00.000Z,Ones_Silver_Style_Lev,418,97,97
2026-08-23T00:00:00.000Z,Twos_Pro_Ability_DivineStrength,31,21,11
2026-08-23T00:00:00.000Z,Threes_Gold_Style_Kurai,524,305,130
2026-08-23T00:00:00.000Z,Casual-Threes_Silver_Style_Kijo,102,53,18
2026-08-23T00:00:00.000Z,Casual-Threes_Silver_Ability_LeadFeet,481,302,121
2026-08-23T00:00:00.000Z,Seasonal_Silver_Style_TimeskipTobio3,472,241,111
2026-08-23T00:00:00.000Z,Seasonal_Gold_Style_Hidari,295,187,102
2026-08-23T00:00:00.000Z,Casual-Ones_Silver_Style_Kijo,594,343,343
2026-08-23T00:00:00.000Z,Casual-Twos_Silver_Style_Kei,145,46,17
2026-08-23T00:00:00.000Z,Ones_Silver_Style_Ryunosuke,279,70,70
2026-08-23T00:00:00.000Z,Threes_Silver_Style_Ohira,232,61,14
2026-08-23T00:00:00.000Z,Seasonal_Gold_Style_Jester,337,210,103
2026-08-23T00:00:00.000Z,Seasonal_Bronze_Style_TeamCaptain2,220,99,52
2026-08-23T00:00:00.000Z,Threes_Silver_Style_Lev,185,53,11
2026-08-23T00:00:00.000Z,Ones_Silver_Style_Ibara,552,351,351
2026-08-23T00:00:00.000Z,Fours_Silver_Style_Kazana3,196,120,25
2026-08-23T00:00:00.000Z,Ones_Silver_Style_Ohira,530,148,148
2026-08-23T00:00:00.000Z,Casual-Threes_Silver_Style_Jester2,68,39,14
2026-08-23T00:00:00.000Z,OnesMini_Diamond_Style_Encho2,142,88,88
2026-08-23T00:00:00.000Z,Seasonal_Gold_Style_TeamCaptain,80,50,31
2026-08-23T00:00:00.000Z,Sixes_Silver_Style_Samurai,8,7,1
2026-08-23T00:00:00.000Z,Duel_Silver_Style_Samurai,378,205,205
2026-08-23T00:00:00.000Z,Fours_Diamond_Style_TimeskipShoyo4,30,20,2
2026-08-23T00:00:00.000Z,Seasonal_Diamond_Style_Hidari2,22,15,10
2026-08-23T00:00:00.000Z,Seasonal_Diamond_Style_Rintaro,556,370,185
2026-08-23T00:00:00.000Z,Casual-Twos_Silver_Style_Ohira,133,39,14
2026-08-23T00:00:00.000Z,Ones_Gold_Style_Kurai,459,246,246
2026-08-23T00:00:00.000Z,Fours_Silver_Style_Encho,194,123,41
2026-08-23T00:00:00.000Z,Seasonal_Silver_Style_Shinsuke,190,54,12
2026-08-23T00:00:00.000Z,Fours_Bronze_Ability_SuperSprint,46,16,3
2026-08-23T00:00:00.000Z,Ones_Bronze_Style_Kazana2,254,127,127
2026-08-23T00:00:00.000Z,Twos_Diamond_Style_Mikage,24,18,11
2026-08-23T00:00:00.000Z,OnesMini_Bronze_Style_Ohira,393,98,98
2026-08-23T00:00:00.000Z,Ones_Gold_Ability_FourthTouch,377,187,187
2026-08-23T00:00:00.000Z,Threes_Bronze_Style_TimeskipToru,69,40,19
2026-08-23T00:00:00.000Z,Sixes_Gold_Style_TimeskipShoyo3,14,12,1
2026-08-23T00:00:00.000Z,Casual-Twos_Silver_Style_Lev,86,28,12
2026-08-23T00:00:00.000Z,Twos_Diamond_Style_Mikage4,267,131,89
2026-08-23T00:00:00.000Z,Threes_Gold_Style_Mikage2,107,65,37
2026-08-23T00:00:00.000Z,Threes_Gold_Style_TeamCaptain3,151,93,62
2026-08-23T00:00:00.000Z,Fours_Gold_Style_TimeskipShoyo,25,22,3
2026-08-23T00:00:00.000Z,Fours_Silver_Style_TeamCaptain2,127,77,44
2026-08-23T00:00:00.000Z,Casual-Threes_Silver_Style_Encho,24,16,8
2026-08-23T00:00:00.000Z,Casual-Threes_Silver_Style_Wakatoshi,151,44,7
2026-08-23T00:00:00.000Z,Twos_Legend_Style_Jester2,16,9,5
2026-08-23T00:00:00.000Z,Fours_Bronze_Style_TimeskipTobio3,63,29,11
2026-08-23T00:00:00.000Z,Sixes_Silver_Style_TimeskipShoyo4,29,14,1
2026-08-23T00:00:00.000Z,Threes_Gold_Style_Hajime,6,3,1
2026-08-23T00:00:00.000Z,Seasonal_Diamond_Style_Kazana3,119,65,44
2026-08-23T00:00:00.000Z,Seasonal_Gold_Style_TimeskipToru3,35,21,10
2026-08-23T00:00:00.000Z,Ones_Gold_Style_Feiko2,24,10,10
2026-08-23T00:00:00.000Z,Twos_Legend_Style_TimeskipShoyo3,73,56,28
2026-08-23T00:00:00.000Z,OnesMini_Bronze_Style_Ibara,76,47,47
2026-08-23T00:00:00.000Z,Fours_Bronze_Style_Mikage2,33,16,5
2026-08-23T00:00:00.000Z,Sixes_Silver_Ability_BoomJump,39,18,3
2026-08-23T00:00:00.000Z,Seasonal_Diamond_Ability_DivineStrength,51,31,8
2026-08-23T00:00:00.000Z,OnesMini_Bronze_Style_Twin1_3,56,32,32
2026-08-23T00:00:00.000Z,Seasonal_Diamond_Style_Jester2,76,44,33
2026-08-23T00:00:00.000Z,Fours_Bronze_Style_Roketto,75,22,6
2026-08-23T00:00:00.000Z,Ones_Diamond_Style_Kumo,34,25,25
2026-08-23T00:00:00.000Z,Fours_Bronze_Style_TimeskipToru2,14,4,2
2026-08-23T00:00:00.000Z,Casual-Threes_Silver_Style_Taketora,15,6,1
2026-08-23T00:00:00.000Z,Ones_Gold_Style_Kotaru,59,36,36
2026-08-23T00:00:00.000Z,Ones_Bronze_Style_Tadashi,130,24,24
2026-08-23T00:00:00.000Z,Ones_Diamond_Ability_FourthTouch,20,7,7
2026-08-23T00:00:00.000Z,Ones_Diamond_Style_Roketto,7,5,5
2026-08-23T00:00:00.000Z,Fours_Bronze_Style_Twin1_2,15,6,2
2026-08-23T00:00:00.000Z,Threes_Gold_Ability_SuperSprint,26,14,7
2026-08-23T00:00:00.000Z,OnesMini_Diamond_Style_Ibara,37,24,24
2026-08-23T00:00:00.000Z,Fours_Gold_Style_Samurai,39,22,1
2026-08-23T00:00:00.000Z,Fours_Diamond_Ability_BoomJump,27,18,5
2026-08-23T00:00:00.000Z,Ones_Gold_Style_Koshi,11,7,7
2026-08-23T00:00:00.000Z,Casual-Fours_Silver_Style_Kimiro,7,2,0
2026-08-23T00:00:00.000Z,Ones_Gold_Style_Kenma,1,0,0
2026-08-23T00:00:00.000Z,Seasonal_Pro_Ability_BoomJump,38,30,13
2026-08-23T00:00:00.000Z,Threes_Gold_Style_Kenma,9,7,2
2026-08-23T00:00:00.000Z,Ones_Bronze_Style_Mikage,16,12,12
2026-08-23T00:00:00.000Z,Duel_Silver_Style_TimeskipToru,6,2,2
2026-08-23T00:00:00.000Z,OnesMini_Diamond_Style_Jester,1,1,1
2026-08-23T00:00:00.000Z,Threes_Diamond_Style_Twin2,3,0,0
2026-08-23T00:00:00.000Z,Threes_Diamond_Style_Feiko2,43,28,18
2026-08-23T00:00:00.000Z,OnesMini_Gold_Style_Tobio,49,24,24
2026-08-23T00:00:00.000Z,OnesMini_Diamond_Style_Mikage3,1,0,0
2026-08-23T00:00:00.000Z,Duel_Silver_Style_Mikage,27,14,14
2026-08-23T00:00:00.000Z,Twos_Pro_Style_TimeskipTobio2,5,3,0
2026-08-23T00:00:00.000Z,Fours_Pro_Style_Twin1,1,1,1
2026-08-23T00:00:00.000Z,Casual-Fours_Silver_Style_Ohira,5,1,0
2026-08-23T00:00:00.000Z,Fours_Bronze_Style_Shoyo,14,3,1
2026-08-23T00:00:00.000Z,Ones_Gold_Style_Twin2,1,0,0
2026-08-23T00:00:00.000Z,Fours_Diamond_Style_TimeskipShoyo,12,9,4
2026-08-23T00:00:00.000Z,Fours_Pro_Style_Jester2,7,7,1
2026-08-23T00:00:00.000Z,Ones_Silver_Style_TimeskipTobio,11,4,4
2026-08-23T00:00:00.000Z,Sixes_Bronze_Ability_ZeroGravitySet,4,0,0
2026-08-23T00:00:00.000Z,Sixes_Bronze_Style_TeamCaptain,1,1,1
2026-08-23T00:00:00.000Z,Seasonal_Pro_Style_TimeskipShoyo4,24,23,17
2026-08-23T00:00:00.000Z,Twos_Pro_Style_Tobio,3,1,0
2026-08-23T00:00:00.000Z,Sixes_Bronze_Style_Jester,1,0,0
2026-08-23T00:00:00.000Z,Threes_Diamond_Style_Hirugami,1,1,1
2026-08-23T00:00:00.000Z,Seasonal_Diamond_Style_TimeskipTobio2,13,10,7
2026-08-23T00:00:00.000Z,OnesMini_Bronze_Style_TimeskipTobio,3,1,1
2026-08-23T00:00:00.000Z,Ones_Bronze_Style_TimeskipToru,2,0,0
2026-08-23T00:00:00.000Z,Threes_Pro_Style_Jester,4,2,1
2026-08-23T00:00:00.000Z,Fours_Bronze_Style_Hajime,7,2,0
2026-08-23T00:00:00.000Z,Threes_Diamond_Style_Hakka,3,1,1
2026-08-23T00:00:00.000Z,OnesMini_Pro_Ability_ShieldBreaker,70,33,33
2026-08-23T00:00:00.000Z,Sixes_Silver_Style_Mikage,2,0,0
2026-08-23T00:00:00.000Z,Seasonal_Pro_Ability_CurveSpike,5,3,0
2026-08-23T00:00:00.000Z,Threes_Pro_Style_TeamCaptain4,2,0,0
2026-08-23T00:00:00.000Z,Ones_Pro_Ability_TeamSpirit,1,0,0
2026-08-23T00:00:00.000Z,Casual-Fours_Silver_Ability_TeamSpirit,1,0,0
2026-08-23T00:00:00.000Z,Twos_Silver_Ability_ZeroGravitySet,13675,4360,1772
2026-08-23T00:00:00.000Z,Twos_Gold_Ability_ShieldBreaker,33410,18406,9476
2026-08-23T00:00:00.000Z,Ones_Silver_Style_Rintaro,45995,24657,24657
2026-08-23T00:00:00.000Z,Twos_Diamond_Ability_MagneticPull,3881,1970,957
2026-08-23T00:00:00.000Z,Twos_Gold_Style_TimeskipShoyo2,8760,4943,2602
2026-08-23T00:00:00.000Z,OnesMini_Silver_Style_Roketto,3125,1578,1578
2026-08-23T00:00:00.000Z,Twos_Bronze_Style_TimeskipShoyo4,7912,4059,2208
2026-08-23T00:00:00.000Z,Twos_Silver_Style_Jester,5169,2694,1295
2026-08-23T00:00:00.000Z,Ones_Silver_Style_Hidari2,587,342,342
2026-08-23T00:00:00.000Z,Seasonal_Silver_Style_Hidari3,18359,9581,5011
2026-08-23T00:00:00.000Z,Twos_Bronze_Ability_BoomJump,10416,3847,1707
2026-08-23T00:00:00.000Z,Twos_Silver_Ability_Moonball,8433,2778,1175
2026-08-23T00:00:00.000Z,Threes_Silver_Style_TimeskipTobio2,1717,1036,579
2026-08-23T00:00:00.000Z,Twos_Silver_Ability_SteelBlock,27716,10927,5267
2026-08-23T00:00:00.000Z,OnesMini_Bronze_Style_Rintaro,10970,5884,5884
2026-08-23T00:00:00.000Z,Twos_Bronze_Style_Twin1_4,1243,585,309
2026-08-23T00:00:00.000Z,Twos_Bronze_Style_Hakka2,592,253,166
2026-08-23T00:00:00.000Z,Ones_Bronze_Style_Hakka,154,73,73
2026-08-23T00:00:00.000Z,Ones_Silver_Style_Tobio,2186,681,681
2026-08-23T00:00:00.000Z,Twos_Bronze_Style_Kazana2,1278,541,248
2026-08-23T00:00:00.000Z,Seasonal_Bronze_Ability_ZeroGravitySet,5947,1836,630
2026-08-23T00:00:00.000Z,Seasonal_Silver_Style_Jester3,3377,1729,815
2026-08-23T00:00:00.000Z,Threes_Silver_Style_Kijo,3123,1758,641
2026-08-23T00:00:00.000Z,Seasonal_Gold_Style_Encho,1297,858,541
2026-08-23T00:00:00.000Z,Threes_Bronze_Ability_MagneticPull,9039,3882,1312
2026-08-23T00:00:00.000Z,Threes_Bronze_Ability_FourthTouch,3998,1765,638
2026-08-23T00:00:00.000Z,Ones_Silver_Style_Taketora,597,160,160
2026-08-23T00:00:00.000Z,Casual-Twos_Silver_Ability_DivineStrength,1631,577,276
2026-08-23T00:00:00.000Z,OnesMini_Bronze_Style_Tobio,1902,804,804
2026-08-23T00:00:00.000Z,Seasonal_Gold_Style_Kazana3,582,371,215
2026-08-23T00:00:00.000Z,OnesMini_Silver_Style_Daichi,603,161,161
2026-08-23T00:00:00.000Z,Twos_Silver_Style_Kei,1257,328,149
2026-08-23T00:00:00.000Z,Twos_Gold_Style_Feiko2,282,133,76
2026-08-23T00:00:00.000Z,Ones_Silver_Style_Wakatoshi,4159,1396,1396
2026-08-23T00:00:00.000Z,Casual-Twos_Silver_Style_TimeskipShoyo3,5730,3357,1779
2026-08-23T00:00:00.000Z,Seasonal_Silver_Style_Mikage,373,231,128
2026-08-23T00:00:00.000Z,Threes_Gold_Style_Kazana2,98,67,27
2026-08-23T00:00:00.000Z,Threes_Silver_Style_Jester2,1493,700,212
2026-08-23T00:00:00.000Z,Fours_Silver_Style_Kimiro,509,198,39
2026-08-23T00:00:00.000Z,OnesMini_Bronze_Style_Wakatoshi,3325,1310,1310
2026-08-23T00:00:00.000Z,Seasonal_Silver_Style_Twin1_4,1813,1012,553
2026-08-23T00:00:00.000Z,Casual-Ones_Silver_Ability_SteelBlock,1133,381,381
2026-08-23T00:00:00.000Z,Seasonal_Silver_Style_TimeskipToru,211,147,84
2026-08-23T00:00:00.000Z,Ones_Bronze_Style_Kenma,369,97,97
2026-08-23T00:00:00.000Z,Seasonal_Silver_Style_Kazana2,1330,682,341
2026-08-23T00:00:00.000Z,Seasonal_Bronze_Style_Jester,953,455,223
2026-08-23T00:00:00.000Z,Casual-Twos_Silver_Style_TimeskipTobio2,363,175,77
2026-08-23T00:00:00.000Z,Ones_Gold_Style_Mikage4,896,439,439
2026-08-23T00:00:00.000Z,Threes_Gold_Style_TimeskipShoyo4,1107,686,172
2026-08-23T00:00:00.000Z,Seasonal_Bronze_Style_TeamCaptain4,745,320,180
2026-08-23T00:00:00.000Z,Duel_Silver_Style_Kurai,408,214,214
2026-08-23T00:00:00.000Z,OnesMini_Silver_Style_Asahi,1173,376,376
2026-08-23T00:00:00.000Z,OnesMini_Silver_Style_Twin1_2,529,324,324
2026-08-23T00:00:00.000Z,Fours_Silver_Ability_TeamSpirit,119,40,4
2026-08-23T00:00:00.000Z,Twos_Bronze_Style_Twin2_3,223,98,53
2026-08-23T00:00:00.000Z,Ones_Bronze_Style_Kurai,615,339,339
2026-08-23T00:00:00.000Z,Ones_Bronze_Ability_SuperSprint,985,337,337
2026-08-23T00:00:00.000Z,Ones_Silver_Style_TeamCaptain2,136,68,68
2026-08-23T00:00:00.000Z,Duel_Silver_Style_Kazana,28,10,10
2026-08-23T00:00:00.000Z,Ones_Diamond_Style_TimeskipShoyo4,42,19,19
2026-08-23T00:00:00.000Z,Fours_Silver_Style_Riku,162,73,13
2026-08-23T00:00:00.000Z,Threes_Bronze_Style_TeamCaptain3,482,203,89
2026-08-23T00:00:00.000Z,OnesMini_Silver_Style_Shoyo,458,112,112
2026-08-23T00:00:00.000Z,Duel_Silver_Style_Koshi,146,61,61
2026-08-23T00:00:00.000Z,OnesMini_Diamond_Ability_LeadFeet,697,423,423
2026-08-23T00:00:00.000Z,Fours_Bronze_Style_Mikage4,252,97,27
2026-08-23T00:00:00.000Z,Seasonal_Diamond_Style_Encho2,275,165,88
2026-08-23T00:00:00.000Z,Ones_Bronze_Ability_RollingThunder,1386,484,484
2026-08-23T00:00:00.000Z,Twos_Gold_Style_Kumo,321,172,107
2026-08-23T00:00:00.000Z,OnesMini_Gold_Style_TeamCaptain4,19,7,7
2026-08-23T00:00:00.000Z,OnesMini_Silver_Style_TimeskipTobio3,34,19,19
2026-08-23T00:00:00.000Z,Casual-Threes_Silver_Style_Jester,72,27,5
2026-08-23T00:00:00.000Z,OnesMini_Silver_Style_Shinsuke,248,47,47
2026-08-23T00:00:00.000Z,Seasonal_Silver_Style_Yu,639,203,58
2026-08-23T00:00:00.000Z,Ones_Bronze_Style_Twin1_2,10,5,5
2026-08-23T00:00:00.000Z,Seasonal_Gold_Style_Tobio,73,34,18
2026-08-23T00:00:00.000Z,Threes_Diamond_Style_TimeskipShoyo,46,36,9
2026-08-23T00:00:00.000Z,Seasonal_Silver_Style_Yogan,447,271,158
2026-08-23T00:00:00.000Z,Casual-Ones_Silver_Style_Morisuke,162,43,43
2026-08-23T00:00:00.000Z,Threes_Gold_Style_TimeskipToru,18,7,2
2026-08-23T00:00:00.000Z,Threes_Diamond_Style_Samurai,50,30,11
2026-08-23T00:00:00.000Z,Duel_Silver_Style_Shoyo,248,105,105
2026-08-23T00:00:00.000Z,Casual-Ones_Silver_Style_Lev,174,97,97
2026-08-23T00:00:00.000Z,Casual-Threes_Silver_Ability_SteelBlock,323,122,33
2026-08-23T00:00:00.000Z,Casual-Threes_Silver_Ability_ZeroGravitySet,179,62,13
2026-08-23T00:00:00.000Z,OnesMini_Silver_Style_Koshi,243,46,46
2026-08-23T00:00:00.000Z,Ones_Gold_Style_Samurai,197,109,109
2026-08-23T00:00:00.000Z,Ones_Gold_Style_Tetsuro,16,5,5
2026-08-23T00:00:00.000Z,Ones_Bronze_Style_Daichi,407,96,96
2026-08-23T00:00:00.000Z,Fours_Diamond_Style_Kurai,16,12,3
2026-08-23T00:00:00.000Z,Duel_Silver_Style_Mikage2,38,19,19
2026-08-23T00:00:00.000Z,Fours_Silver_Style_Ibara,95,56,5
2026-08-23T00:00:00.000Z,Seasonal_Diamond_Style_Hidari,56,31,13
2026-08-23T00:00:00.000Z,Duel_Silver_Style_Hakka,120,66,66
2026-08-23T00:00:00.000Z,Threes_Pro_Ability_LeadFeet,72,55,36
2026-08-23T00:00:00.000Z,Twos_Gold_Style_Kotaru,283,146,82
2026-08-23T00:00:00.000Z,Seasonal_Diamond_Style_Riku,244,168,77
2026-08-23T00:00:00.000Z,Seasonal_Silver_Style_Hakka2,594,315,192
2026-08-23T00:00:00.000Z,Ones_Bronze_Style_Shoyo,204,49,49
2026-08-23T00:00:00.000Z,Duel_Silver_Style_Twin1_2,44,20,20
2026-08-23T00:00:00.000Z,Sixes_Gold_Ability_Moonball,2,0,0
2026-08-23T00:00:00.000Z,Ones_Gold_Ability_CurveSpike,228,94,94
2026-08-23T00:00:00.000Z,OnesMini_Gold_Ability_SteelBlock,216,111,111
2026-08-23T00:00:00.000Z,Seasonal_Bronze_Style_Kei,311,91,26
2026-08-23T00:00:00.000Z,Ones_Gold_Style_Feiko,48,27,27
2026-08-23T00:00:00.000Z,Ones_Diamond_Style_Yogan,8,6,6
2026-08-23T00:00:00.000Z,OnesMini_Gold_Ability_ZeroGravitySet,62,40,40
2026-08-23T00:00:00.000Z,OnesMini_Gold_Style_Lev,7,4,4
2026-08-23T00:00:00.000Z,Twos_Diamond_Style_Feiko2,21,10,7
2026-08-23T00:00:00.000Z,Fours_Diamond_Style_TimeskipTobio3,46,36,15
2026-08-23T00:00:00.000Z,Threes_Pro_Style_TimeskipShoyo3,27,18,1
2026-08-23T00:00:00.000Z,Fours_Silver_Style_Encho2,103,55,12
2026-08-23T00:00:00.000Z,Sixes_Silver_Style_TimeskipTobio3,28,22,9
2026-08-23T00:00:00.000Z,OnesMini_Gold_Style_Kei,22,12,12
2026-08-23T00:00:00.000Z,Ones_Bronze_Style_TimeskipTobio3,7,3,3
2026-08-23T00:00:00.000Z,Fours_Bronze_Style_TimeskipShoyo,2,2,0
2026-08-23T00:00:00.000Z,Fours_Gold_Style_TimeskipTobio3,56,45,38
2026-08-23T00:00:00.000Z,Casual-Threes_Silver_Style_Morisuke,37,13,4
2026-08-23T00:00:00.000Z,Fours_Silver_Style_Hidari,115,68,15
2026-08-23T00:00:00.000Z,Ones_Bronze_Style_Kazana,32,20,20
2026-08-23T00:00:00.000Z,Fours_Gold_Style_Roketto,2,1,0
2026-08-23T00:00:00.000Z,Casual-Threes_Silver_Style_Lev,4,2,1
2026-08-23T00:00:00.000Z,Duel_Silver_Style_TimeskipTobio3,39,17,17
2026-08-23T00:00:00.000Z,Ones_Silver_Style_Twin2_2,45,25,25
2026-08-23T00:00:00.000Z,Sixes_Bronze_Style_Rintaro,21,4,0
2026-08-23T00:00:00.000Z,Ones_Bronze_Style_Shinsuke,131,39,39
2026-08-23T00:00:00.000Z,OnesMini_Bronze_Style_Twin1,55,32,32
2026-08-23T00:00:00.000Z,Fours_Gold_Style_Kurai,48,34,7
2026-08-23T00:00:00.000Z,Sixes_Diamond_Ability_LeadFeet,8,8,0
2026-08-23T00:00:00.000Z,Threes_Gold_Style_Yogan,30,18,8
2026-08-23T00:00:00.000Z,Seasonal_Gold_Style_Wakatoshi,55,34,20
2026-08-23T00:00:00.000Z,Fours_Gold_Style_Twin2,3,3,0
2026-08-23T00:00:00.000Z,Threes_Pro_Ability_RedirectionJump,19,10,3
2026-08-23T00:00:00.000Z,Twos_Gold_Style_Hajime,46,28,12
2026-08-23T00:00:00.000Z,Fours_Bronze_Style_Tetsuro,23,6,0
2026-08-23T00:00:00.000Z,Sixes_Bronze_Style_Encho,4,2,0
2026-08-23T00:00:00.000Z,Seasonal_Gold_Style_Twin1,61,40,26
2026-08-23T00:00:00.000Z,Ones_Silver_Style_Twin1,55,26,26
2026-08-23T00:00:00.000Z,Sixes_Silver_Ability_RollingThunder,10,0,0
2026-08-23T00:00:00.000Z,Sixes_Bronze_Style_Tobio,4,2,0
2026-08-23T00:00:00.000Z,Casual-Fours_Silver_Style_Kazana3,5,2,1
2026-08-23T00:00:00.000Z,Casual-Fours_Silver_Style_TeamCaptain2,4,2,2
2026-08-23T00:00:00.000Z,OnesMini_Silver_Style_Kazana,50,26,26
2026-08-23T00:00:00.000Z,Seasonal_Diamond_Style_Mikage3,12,8,5
2026-08-23T00:00:00.000Z,Threes_Diamond_Ability_CurveSpike,29,23,3
2026-08-23T00:00:00.000Z,Sixes_Silver_Style_Shinsuke,3,2,1
2026-08-23T00:00:00.000Z,Seasonal_Diamond_Style_Ibara,52,45,27
2026-08-23T00:00:00.000Z,Duel_Silver_Style_TimeskipToru2,32,12,12
2026-08-23T00:00:00.000Z,Fours_Silver_Style_Ryunosuke,13,6,1
2026-08-23T00:00:00.000Z,Duel_Silver_Style_Twin2,19,14,14
2026-08-23T00:00:00.000Z,Sixes_Silver_Style_Koshi,4,2,0
2026-08-23T00:00:00.000Z,Sixes_Silver_Style_Hakka,4,1,0
2026-08-23T00:00:00.000Z,Twos_Pro_Style_Kei,1,1,0
2026-08-23T00:00:00.000Z,Twos_Diamond_Style_TeamCaptain3,7,2,1
2026-08-23T00:00:00.000Z,Twos_Diamond_Style_Hajime,5,3,1
2026-08-23T00:00:00.000Z,Fours_Diamond_Style_Roketto,6,2,0
2026-08-23T00:00:00.000Z,Fours_Gold_Style_Hakka,12,11,5
2026-08-23T00:00:00.000Z,Seasonal_Pro_Style_Twin1_2,7,4,2
2026-08-23T00:00:00.000Z,Seasonal_Pro_Style_Kurai,21,14,12
2026-08-23T00:00:00.000Z,Twos_Master_Ability_ShieldBreaker,21,16,8
2026-08-23T00:00:00.000Z,Twos_Pro_Style_TeamCaptain4,2,0,0
2026-08-23T00:00:00.000Z,Fours_Pro_Style_Kimiro,2,2,0
2026-08-23T00:00:00.000Z,Seasonal_Diamond_Style_TeamCaptain,22,13,12
2026-08-23T00:00:00.000Z,Seasonal_Diamond_Style_Twin1_3,16,10,3
2026-08-23T00:00:00.000Z,Ones_Pro_Style_Encho,2,1,1
2026-08-23T00:00:00.000Z,Seasonal_Diamond_Style_TimeskipTobio,2,1,1
2026-08-23T00:00:00.000Z,Casual-Fours_Silver_Style_Taketora,1,0,0
2026-08-23T00:00:00.000Z,Threes_Diamond_Style_Tadashi,1,0,0
2026-08-23T00:00:00.000Z,Fours_Diamond_Style_Hakka,7,5,3
2026-08-23T00:00:00.000Z,Sixes_Bronze_Style_Kazana3,1,0,0
2026-08-23T00:00:00.000Z,Seasonal_Pro_Style_Kazana,4,3,2
2026-08-23T00:00:00.000Z,Threes_Pro_Style_Jester2,1,0,0
2026-08-23T00:00:00.000Z,Twos_Diamond_Style_Toru,1,1,1
2026-08-23T00:00:00.000Z,Twos_Master_Style_TimeskipShoyo2,11,10,6
2026-08-23T00:00:00.000Z,Sixes_Silver_Style_Shoyo,1,1,0